指标编号,指标名称,模块,性质,经济含义/定义,单位,统计对象/范围,频率,时点/期间,存量/流量,价格口径,当期/累计,来源编号,原文定位,历史覆盖证据,更新规律,口径断点/修订,公式（文字定义）,输入指标,适用条件,对应体系,问题编号,可能解释,配套证据,误读风险,共享证据组,维度范围,原文链接
A001,国内生产总值现价总量,产出总量,公开发布,国内常住单位报告期创造的最终生产成果。,亿元,全国经济领土常住单位，不含港澳台,季度、年度,期间,流量,名义,当期,A_S01,表1 GDP行及附件1.1,表2—3实际展示2020—2025年各季同比、季调环比；附件记载1992年起季度核算、2015年三季度改分季核算、2011年起公布环比。,季度、年度,采用最新修订历史基期；2015年三季度季度核算改分季；经济普查、分类和基期更换后会追溯修订。,原文发布,,按发布报告期及统计边界记录，保留原始精度和版本。,K；M,K2；M1,名义产出及收入流量的总尺度。,实际GDP增速；三大需求；最新基期修订,不是财富存量；非全部交易总额。,EG-国民核算,全国：已覆盖（全国经济领土常住单位，不含港澳台）；省级：已覆盖（北京；天津；河北；山西；内蒙古；辽宁；吉林；黑龙江；上海；江苏；浙江；安徽；福建；江西；山东；河南；湖北；湖南；广东；广西；海南；重庆；四川；贵州；云南；西藏；陕西；甘肃；青海；宁夏；新疆）；地级：无稳定公开数据（）；行业：无稳定公开数据（）；企业类型：无稳定公开数据（）；居民群体：无稳定公开数据（）；机构部门：无稳定公开数据（）,https://www.stats.gov.cn/zwfwck/sjfb/202601/t20260120_1962349.html
A002,国内生产总值实际增长（同比/季调环比）,产出增长,公开发布,剔除价格后的GDP相对上年同期变化。；季调环比采用发布方季节调整结果，与同比作为同一实际GDP变动的不同比较形式。,%,全国经济领土常住单位，不含港澳台,季度、年度,比率,比率,实际,当期,A_S01,表1增长列、表2,表2—3实际展示2020—2025年各季同比、季调环比；附件记载1992年起季度核算、2015年三季度改分季核算、2011年起公布环比。,季度、年度,采用最新修订历史基期；2015年三季度季度核算改分季；经济普查、分类和基期更换后会追溯修订。,原文发布,,按发布报告期及统计边界记录，保留原始精度和版本。；同比与季调环比分开记录，后者随新增数据追溯修订。,G；K；M,K2；M1；G3,观察实际产出变化。,GDP现价；季调环比,不得用两年现价GDP比值代替。,EG-国民核算,全国：已覆盖（全国经济领土常住单位，不含港澳台）；省级：部分覆盖（北京）；地级：无稳定公开数据（）；行业：无稳定公开数据（）；企业类型：无稳定公开数据（）；居民群体：无稳定公开数据（）；机构部门：无稳定公开数据（）,https://www.stats.gov.cn/zwfwck/sjfb/202601/t20260120_1962349.html
A004,分产业及行业增加值现价额,产出结构,公开发布,按三次产业与行业核算的增加值；分类保存在维度中。,亿元,全国各常住生产单位,季度、年度,期间,流量,名义,当期,A_S01,表1分行业绝对额,表2—3实际展示2020—2025年各季同比、季调环比；附件记载1992年起季度核算、2015年三季度改分季核算、2011年起公布环比。,季度、年度,采用最新修订历史基期；2015年三季度季度核算改分季；经济普查、分类和基期更换后会追溯修订。,原文发布,,按发布报告期及统计边界记录，保留原始精度和版本。,G；S,G2；G3；G4；S1；S3,识别名义结构权重。,同业实际增长；行业分类标准,制造业是工业子项，三次产业与行业表不能叠加求和。,EG-国民核算,全国：已覆盖（全国各常住生产单位）；省级：已覆盖（北京；天津；河北；山西；内蒙古；辽宁；吉林；黑龙江；上海；江苏；浙江；安徽；福建；江西；山东；河南；湖北；湖南；广东；广西；海南；重庆；四川；贵州；云南；西藏；陕西；甘肃；青海；宁夏；新疆）；地级：无稳定公开数据（）；行业：已覆盖（第一产业；第二产业；第三产业；农林牧渔业；工业；制造业；建筑业；批发和零售业；交通运输仓储和邮政业；住宿和餐饮业；金融业；房地产业；信息传输软件和信息技术服务业；租赁和商务服务业；其他行业）；企业类型：无稳定公开数据（）；居民群体：无稳定公开数据（）；机构部门：无稳定公开数据（）,https://www.stats.gov.cn/zwfwck/sjfb/202601/t20260120_1962349.html
A005,分产业及行业增加值实际增速,产出结构,公开发布,分行业扣除价格后的同比增长。,%,全国各常住生产单位,季度、年度,比率,比率,实际,当期,A_S01,表1分行业增长列,表2—3实际展示2020—2025年各季同比、季调环比；附件记载1992年起季度核算、2015年三季度改分季核算、2011年起公布环比。,季度、年度,采用最新修订历史基期；2015年三季度季度核算改分季；经济普查、分类和基期更换后会追溯修订。,原文发布,,按发布报告期及统计边界记录，保留原始精度和版本。,G；S,G2；G3；G4；S1；S3,检查增长是否具有行业广度。,现价增加值；就业,增加值增速不能和营业收入增速混用。,EG-国民核算,全国：已覆盖（全国各常住生产单位）；省级：部分覆盖（北京；天津；河北；山西；内蒙古；辽宁；吉林；黑龙江；上海；江苏；浙江；安徽；福建；江西；山东；河南；湖北；湖南；广东；广西；海南；重庆；四川；贵州；云南；西藏；陕西；甘肃；青海；宁夏；新疆）；地级：无稳定公开数据（）；行业：已覆盖（第一产业；第二产业；第三产业；农林牧渔业；工业；制造业；建筑业；批发和零售业；交通运输仓储和邮政业；住宿和餐饮业；金融业；房地产业；信息传输软件和信息技术服务业；租赁和商务服务业；其他行业）；企业类型：无稳定公开数据（）；居民群体：无稳定公开数据（）；机构部门：无稳定公开数据（）,https://www.stats.gov.cn/zwfwck/sjfb/202601/t20260120_1962349.html
A006,最终消费支出对GDP增长的拉动,支出分解,公开发布,居民与政府最终消费的实际增长贡献，以百分点表达。,百分点,全国支出法核算范围,年度（季度须另核当期发布）,比率,比率,实际,全年,A_S03,一综合首段三大需求拉动,年度公报；图示近年变化，本轮不从图片补造未读数值。,年度,采用最新修订历史基期；2015年三季度季度核算改分季；经济普查、分类和基期更换后会追溯修订。,原文发布,,按发布报告期及统计边界记录，保留原始精度和版本。,K,K2,拆解实际GDP增长的需求来源。,GDP实际增速；居民收支；财政支出；投资；国际收支,贡献是会计分解而非因果；消费非社零、投资非固定资产投资、净出口非海关顺差。,EG-国民核算,全国：已覆盖（全国支出法核算范围）；省级：无稳定公开数据（）；地级：无稳定公开数据（）；行业：无稳定公开数据（）；企业类型：无稳定公开数据（）；居民群体：无稳定公开数据（）；机构部门：无稳定公开数据（）,https://www.stats.gov.cn/sj/zxfb/202602/t20260228_1962662.html
A007,资本形成总额对GDP增长的拉动,支出分解,公开发布,固定资本形成与存货变化的实际增长贡献，以百分点表达。,百分点,全国支出法核算范围,年度（季度须另核当期发布）,比率,比率,实际,全年,A_S03,一综合首段三大需求拉动,年度公报；图示近年变化，本轮不从图片补造未读数值。,年度,采用最新修订历史基期；2015年三季度季度核算改分季；经济普查、分类和基期更换后会追溯修订。,原文发布,,按发布报告期及统计边界记录，保留原始精度和版本。,D；G；K,K2；G2；D1,拆解实际GDP增长的需求来源。,GDP实际增速；居民收支；财政支出；投资；国际收支,贡献是会计分解而非因果；消费非社零、投资非固定资产投资、净出口非海关顺差。,EG-国民核算,全国：已覆盖（全国支出法核算范围）；省级：无稳定公开数据（）；地级：无稳定公开数据（）；行业：无稳定公开数据（）；企业类型：无稳定公开数据（）；居民群体：无稳定公开数据（）；机构部门：无稳定公开数据（）,https://www.stats.gov.cn/sj/zxfb/202602/t20260228_1962662.html
A008,货物和服务净出口对GDP增长的拉动,支出分解,公开发布,货物和服务出口减进口的实际增长贡献，以百分点表达。,百分点,全国支出法核算范围,年度（季度须另核当期发布）,比率,比率,实际,全年,A_S03,一综合首段三大需求拉动,年度公报；图示近年变化，本轮不从图片补造未读数值。,年度,采用最新修订历史基期；2015年三季度季度核算改分季；经济普查、分类和基期更换后会追溯修订。,原文发布,,按发布报告期及统计边界记录，保留原始精度和版本。,K,K2,拆解实际GDP增长的需求来源。,GDP实际增速；居民收支；财政支出；投资；国际收支,贡献是会计分解而非因果；消费非社零、投资非固定资产投资、净出口非海关顺差。,EG-国民核算,全国：已覆盖（全国支出法核算范围）；省级：无稳定公开数据（）；地级：无稳定公开数据（）；行业：无稳定公开数据（）；企业类型：无稳定公开数据（）；居民群体：无稳定公开数据（）；机构部门：无稳定公开数据（）,https://www.stats.gov.cn/sj/zxfb/202602/t20260228_1962662.html
A009,国民总收入现价额,初次收入,公开发布,GDP加来自国外的初次分配收入净额。,亿元,全国常住机构单位,年度,期间,流量,名义,全年,A_S03,一综合、注3,年度公报；图示近年变化，本轮不从图片补造未读数值。,年度,采用最新修订历史基期；2015年三季度季度核算改分季；经济普查、分类和基期更换后会追溯修订。,原文发布,,按发布报告期及统计边界记录，保留原始精度和版本。,M,M1,核对生产所在地与居民收入归属。,GDP；国际收支初次收入,不等于居民可支配收入；不能用贸易顺差替代国外初次收入。,EG-国民核算,全国：已覆盖（全国常住机构单位）；省级：无稳定公开数据（）；地级：无稳定公开数据（）；行业：无稳定公开数据（）；企业类型：无稳定公开数据（）；居民群体：无稳定公开数据（）；机构部门：无稳定公开数据（）,https://www.stats.gov.cn/sj/zxfb/202602/t20260228_1962662.html
A010,人均国内生产总值现价额,人均产出,公开发布,按人口口径折算的人均GDP公开值。,元/人,全国常住人口,年度,比率,比率,名义,全年,A_S03,一综合、注2,年度公报；图示近年变化，本轮不从图片补造未读数值。,年度,采用最新修订历史基期；2015年三季度季度核算改分季；经济普查、分类和基期更换后会追溯修订。,原文发布,,按发布报告期及统计边界记录，保留原始精度和版本。,G；S,G4；S1,衡量人均生产规模。,居民收入；就业率,不是个人实际收入、分布或劳动生产率。,EG-国民核算,全国：已覆盖（全国常住人口）；省级：已覆盖（北京；天津；河北；山西；内蒙古；辽宁；吉林；黑龙江；上海；江苏；浙江；安徽；福建；江西；山东；河南；湖北；湖南；广东；广西；海南；重庆；四川；贵州；云南；西藏；陕西；甘肃；青海；宁夏；新疆）；地级：无稳定公开数据（）；行业：无稳定公开数据（）；企业类型：无稳定公开数据（）；居民群体：无稳定公开数据（）；机构部门：无稳定公开数据（）,https://www.stats.gov.cn/sj/zxfb/202602/t20260228_1962662.html
A011,全员劳动生产率,劳动效率,公开发布,2020年价格GDP除以全部就业人员。,元/人,全国全部就业人员,年度,比率,比率,实际,全年,A_S03,一综合、注4；第一部分及注4：2025年184413元/人，提高6.1%。,年度公报；图示近年变化，本轮不从图片补造未读数值。；全国年度统计公报目录已读，列2011—2025年度；本文多个图列2021—2025但本轮不转录未目视图值。,年度,采用最新修订历史基期；2015年三季度季度核算改分季；经济普查、分类和基期更换后会追溯修订。；注1明确初步统计。医保有2026-07正式公报修订；此文医疗参保数只作快报版本记录。GDP与人口修订会改写比率。,原文发布,,按发布报告期及统计边界记录，保留原始精度和版本。；官方全员劳动生产率口径，不自行以名义GDP除年末就业替代。,D；G；I,G3；G4；I4；D2,观察每位就业者的平均实际产出。,就业人数；工时；行业结构,不是小时生产率、TFP或技术进步单独贡献。,EG-国民核算,全国：已覆盖（全国全部就业人员）；省级：无稳定公开数据（）；地级：无稳定公开数据（）；行业：无稳定公开数据（）；企业类型：无稳定公开数据（）；居民群体：无稳定公开数据（）；机构部门：无稳定公开数据（）,https://www.stats.gov.cn/sj/zxfb/202602/t20260228_1962662.html
A012,GDP名义同比增速,名义支出,透明派生,同一修订版本现价GDP相对上期变化。,%,全国经济领土常住单位，不含港澳台,年度（季度须核验同口径基期）,比率,比率,名义,全年,A_S01,表1现价GDP；2024基期A_S02附件1,表2—3实际展示2020—2025年各季同比、季调环比；附件记载1992年起季度核算、2015年三季度改分季核算、2011年起公布环比。,季度、年度,采用最新修订历史基期；2015年三季度季度核算改分季；经济普查、分类和基期更换后会追溯修订。,100×(A001_t/A001_t-1−1),A001,t与t-1须同覆盖、同币种、同累计长度；本例2025初步数配2024最终核实基期。,M,M1,把名义规模变化与实际增长分开。,不变价同比；GDP平减指数,旧公报初步基期不可混用；跨期同口径检查不可省略。,EG-国民核算,全国：已覆盖（全国经济领土常住单位，不含港澳台）；省级：无稳定公开数据（）；地级：无稳定公开数据（）；行业：无稳定公开数据（）；企业类型：无稳定公开数据（）；居民群体：无稳定公开数据（）；机构部门：无稳定公开数据（）,https://www.stats.gov.cn/zwfwck/sjfb/202601/t20260120_1962349.html
A013,GDP隐含平减指数同比变化,总产出价格,透明派生,用名义与实际GDP增长恒等关系计算总体价格变化。,%,全国GDP核算范围,年度,比率,价格,不适用,全年,A_S01,A_S01表1实际增长、A_S02最终基期,表2—3实际展示2020—2025年各季同比、季调环比；附件记载1992年起季度核算、2015年三季度改分季核算、2011年起公布环比。,季度、年度,采用最新修订历史基期；2015年三季度季度核算改分季；经济普查、分类和基期更换后会追溯修订。,100×((1+A012/100)/(1+A002/100)−1),A012；A002,同期间名义与实际GDP增长，采用可比修订基期；标记为派生近似数。,M,M1,透明拆分名义和实际增长差异。,CPI；PPI；行业增加值,不是CPI；不是自行估算产出缺口；舍入增速使结果仅近似。,EG-国民核算,全国：已覆盖（全国GDP核算范围）；省级：无稳定公开数据（）；地级：无稳定公开数据（）；行业：无稳定公开数据（）；企业类型：无稳定公开数据（）；居民群体：无稳定公开数据（）；机构部门：无稳定公开数据（）,https://www.stats.gov.cn/zwfwck/sjfb/202601/t20260120_1962349.html
A014,居民人均可支配收入,收入,公开发布,居民可用于消费和储蓄的现金及实物收入人均值。,元/人,全国住户调查居民,季度累计、年度,期间,流量,名义,累计,A_S04,一居民收入、表1,附注明确按季发布；31省近2000县抽取16万户的住户调查。,季度累计、年度,季度不含自产自用、年度包含；不能把年度减前三季度视为严格同口径第四季度。,原文发布,,按发布报告期及统计边界记录，保留原始精度和版本。,D；G；K；M,K2；K3；M4；G4；D2；D3,观察家庭消费预算基础。,实际收入增速；消费支出；分布,不是工资，不能代表中位数或任一分位。,EG-住户调查,全国：已覆盖（全国住户调查居民）；省级：已覆盖（北京；天津；河北；山西；内蒙古；辽宁；吉林；黑龙江；上海；江苏；浙江；安徽；福建；江西；山东；河南；湖北；湖南；广东；广西；海南；重庆；四川；贵州；云南；西藏；陕西；甘肃；青海；宁夏；新疆）；地级：无稳定公开数据（）；行业：无稳定公开数据（）；企业类型：不适用（）；居民群体：已覆盖（全国居民；城镇居民；农村居民）；机构部门：无稳定公开数据（）,https://www.stats.gov.cn/sj/zxfb/202601/t20260119_1962321.html
A015,居民人均可支配收入实际增速,收入购买力,公开发布,住户可支配收入扣除价格因素的同比变化。,%,全国住户调查居民,季度累计、年度,比率,比率,实际,累计,A_S04,一居民收入、表1括号中实际增速,附注明确按季发布；31省近2000县抽取16万户的住户调查。,季度累计、年度,季度不含自产自用、年度包含；不能把年度减前三季度视为严格同口径第四季度。,原文发布,,按发布报告期及统计边界记录，保留原始精度和版本。,D；K,K2；K3；D2；D3,检验购买力变化。,名义收入；CPI,原始收入现价比值不是实际增速。,EG-住户调查,全国：已覆盖（全国住户调查居民）；省级：无稳定公开数据（）；地级：无稳定公开数据（）；行业：无稳定公开数据（）；企业类型：不适用（）；居民群体：已覆盖（全国居民；城镇居民；农村居民）；机构部门：无稳定公开数据（）,https://www.stats.gov.cn/sj/zxfb/202601/t20260119_1962321.html
A016,居民人均消费支出,消费,公开发布,用于日常家庭消费的现金及实物支出人均值。,元/人,全国住户调查居民,季度累计、年度,期间,流量,名义,累计,A_S04,二消费、表1,附注明确按季发布；31省近2000县抽取16万户的住户调查。,季度累计、年度,季度不含自产自用、年度包含；不能把年度减前三季度视为严格同口径第四季度。,原文发布,,按发布报告期及统计边界记录，保留原始精度和版本。,D；K；M,K1；K2；K3；K4；M2；M3；M4；D3,需求端住户消费水平。,收入；实际消费增长；服务消费占比,不是社零或全部国民核算居民消费。,EG-住户调查,全国：已覆盖（全国住户调查居民）；省级：部分覆盖（北京）；地级：无稳定公开数据（）；行业：无稳定公开数据（）；企业类型：不适用（）；居民群体：已覆盖（全国居民；城镇居民；农村居民）；机构部门：无稳定公开数据（）,https://www.stats.gov.cn/sj/zxfb/202601/t20260119_1962321.html
A017,居民人均消费支出实际增速,消费量,公开发布,住户消费扣除价格因素的同比变化。,%,全国住户调查居民,季度累计、年度,比率,比率,实际,累计,A_S04,二消费、表1括号实际增速,附注明确按季发布；31省近2000县抽取16万户的住户调查。,季度累计、年度,季度不含自产自用、年度包含；不能把年度减前三季度视为严格同口径第四季度。,原文发布,,按发布报告期及统计边界记录，保留原始精度和版本。,D；K,K2；K3；D3,核对名义增长是否对应实际消费扩张。,名义支出；居民收入,不可用全国CPI粗略处理城乡分组后冒充官方值。,EG-住户调查,全国：已覆盖（全国住户调查居民）；省级：无稳定公开数据（）；地级：无稳定公开数据（）；行业：无稳定公开数据（）；企业类型：不适用（）；居民群体：已覆盖（全国居民；城镇居民；农村居民）；机构部门：无稳定公开数据（）,https://www.stats.gov.cn/sj/zxfb/202601/t20260119_1962321.html
A018,居民人均分消费类别支出,消费结构,公开发布,按八大用途分类的住户人均消费支出。,元/人,全国住户调查居民,季度累计、年度,期间,流量,名义,累计,A_S04,二消费、表1消费类别,附注明确按季发布；31省近2000县抽取16万户的住户调查。,季度累计、年度,季度不含自产自用、年度包含；不能把年度减前三季度视为严格同口径第四季度。,原文发布,,按发布报告期及统计边界记录，保留原始精度和版本。,D；K,K2；K3；D3,检查家庭开支的结构变化。,各类别价格；居民收入,类别增长可能含价格效应；类别不能当收入阶层。,EG-住户调查,全国：已覆盖（全国住户调查居民）；省级：无稳定公开数据（）；地级：无稳定公开数据（）；行业：无稳定公开数据（）；企业类型：不适用（）；居民群体：部分覆盖（全国；城镇；农村）；机构部门：无稳定公开数据（）,https://www.stats.gov.cn/sj/zxfb/202601/t20260119_1962321.html
A019,居民服务性消费支出占人均消费支出比重,消费结构,公开发布,居民服务性消费在人均总消费中的公开占比。,%,全国住户调查居民,年度（其他期须单独核验）,比率,比率,名义,全年,A_S07,九居民收入消费末句,正文及附表为月度国民经济发布；可与A_S08的2023年12月同名项目定位对照。,月度、季度、年度混合,季度不含自产自用、年度包含；不能把年度减前三季度视为严格同口径第四季度。,原文发布,,按发布报告期及统计边界记录，保留原始精度和版本。,D；K,K2；K3；D3,观察住户消费商品/服务结构。,总消费；服务价格,不同于供给方服务零售额；占比变化非服务量变化。,EG-住户调查,全国：已覆盖（全国住户调查居民）；省级：无稳定公开数据（）；地级：无稳定公开数据（）；行业：无稳定公开数据（）；企业类型：不适用（）；居民群体：无稳定公开数据（）；机构部门：无稳定公开数据（）,https://www.stats.gov.cn/sj/zxfb/202601/t20260119_1962330.html
A020,社会消费品零售总额,销售,公开发布,面向个人和社会集团非生产经营用途的实物商品销售加餐饮收入。,亿元,商品零售和餐饮法人、产业活动单位、个体户,月度（1—2月合并）、年度,期间,流量,名义,当期,A_S05,主要数据表总计、附注1—4,表含当月和累计；附注5给13个月季调环比并说明修订；附注6标记五经普后可比增速。,月度当期和累计,五经普修订、限上企业及平台范围变化，官方同比按可比口径；季调历史滚动修订。,原文发布,,按发布报告期及统计边界记录，保留原始精度和版本。,K,K1；K2,高频商品和餐饮交易需求信号。,住户消费；服务零售；GDP最终消费,不是全部居民消费；不含多数服务；当月与累计分别存储。,EG-A_S05,全国：已覆盖（商品零售和餐饮法人、产业活动单位、个体户）；省级：部分覆盖（北京）；地级：无稳定公开数据（）；行业：无稳定公开数据（）；企业类型：已覆盖（限额以上；限额以下）；居民群体：已覆盖（按经营地：城镇；按经营地：乡村）；机构部门：无稳定公开数据（）,https://www.stats.gov.cn/zwfwck/sjfb/202601/t20260119_1962323.html
A021,商品零售额,销售结构,公开发布,社零中的商品部分。,亿元,商品零售统计单位,月度（1—2月合并）、年度,期间,流量,名义,当期,A_S05,主要数据表商品零售行,表含当月和累计；附注5给13个月季调环比并说明修订；附注6标记五经普后可比增速。,月度当期和累计,五经普修订、限上企业及平台范围变化，官方同比按可比口径；季调历史滚动修订。,原文发布,,按发布报告期及统计边界记录，保留原始精度和版本。,K,K2,区分商品和餐饮需求。,价格；餐饮；住户消费,限上商品类别不能当全口径同类总量。,EG-A_S05,全国：已覆盖（商品零售统计单位）；省级：无稳定公开数据（）；地级：无稳定公开数据（）；行业：部分覆盖（粮油食品；饮料；烟酒；服装鞋帽针纺织；化妆品；金银珠宝；日用品；体育娱乐用品；家电音像；中西药；文化办公；家具；通讯器材；石油制品；汽车；建筑装潢材料）；企业类型：无稳定公开数据（）；居民群体：无稳定公开数据（）；机构部门：无稳定公开数据（）,https://www.stats.gov.cn/zwfwck/sjfb/202601/t20260119_1962323.html
A022,餐饮收入,销售结构,公开发布,统计单位提供餐饮服务取得的收入。,亿元,提供餐饮服务的统计单位,月度（1—2月合并）、年度,期间,流量,名义,当期,A_S05,主要数据表餐饮收入行,表含当月和累计；附注5给13个月季调环比并说明修订；附注6标记五经普后可比增速。,月度当期和累计,五经普修订、限上企业及平台范围变化，官方同比按可比口径；季调历史滚动修订。,原文发布,,按发布报告期及统计边界记录，保留原始精度和版本。,K,K2,观察接触性服务消费。,食品价格；住户消费；餐饮增加值,已计入社零；与服务零售也有交叉，不能简单相加。,EG-A_S05,全国：已覆盖（提供餐饮服务的统计单位）；省级：无稳定公开数据（）；地级：无稳定公开数据（）；行业：无稳定公开数据（）；企业类型：已覆盖（限额以上；限额以下）；居民群体：已覆盖（按经营地：城镇；按经营地：乡村）；机构部门：无稳定公开数据（）,https://www.stats.gov.cn/zwfwck/sjfb/202601/t20260119_1962323.html
A023,网上商品零售额（原实物商品网上零售额）,销售渠道,公开发布,通过公共网络平台实现的实物商品零售额；2026年仅改名称。,亿元,纳入网上零售统计的平台,月度累计、年度,期间,流量,名义,累计,A_S20,正文网上商品行；附注6；历史A_S05,2026年1—2月新表及修订说明已读，延续月度发布；总额新口径不反推旧值。,月度（1—2月合并）、累计,五经普修订、限上企业及平台范围变化，官方同比按可比口径；季调历史滚动修订。 2026年名称改变，商品项内涵与范围不变。,原文发布,,按发布报告期及统计边界记录，保留原始精度和版本。,K,K2,观察线上商品渠道规模。,社零；平台范围；线上服务,已计社零；不能和社零相加；2026总额扩围不可误归给此商品项。,EG-A_S20,全国：已覆盖（纳入网上零售统计的平台）；省级：无稳定公开数据（）；地级：无稳定公开数据（）；行业：已覆盖（吃类；穿类；用类）；企业类型：无稳定公开数据（）；居民群体：无稳定公开数据（）；机构部门：无稳定公开数据（）,https://www.stats.gov.cn/sj/zxfb/202603/t20260316_1962786.html
A024,服务零售额同比增速,销售,公开发布,服务提供方出售给个人和单位非生产经营用途服务的同比增速。,%,服务零售企业、产业活动单位和个体户,月度累计、年度,比率,比率,名义,累计,A_S07,四消费；定义A_S03注41及A_S08附注6,A_S08核验2023全年增速，A_S07核验2025全年增速；月度累计发布。,月度、季度、年度混合,本轮未核验额外断点；不表示历史从无修订。,原文发布,,按发布报告期及统计边界记录，保留原始精度和版本。,K,K1；K2,补充社零对多数服务消费覆盖不足。,住户服务消费；服务价格,本源仅公开增速，不能填造服务零售绝对额；与餐饮有交叉。,EG-A_S07,全国：已覆盖（服务零售企业、产业活动单位和个体户）；省级：无稳定公开数据（）；地级：无稳定公开数据（）；行业：部分覆盖（交通；住宿；餐饮；教育；卫生；体育；娱乐）；企业类型：无稳定公开数据（）；居民群体：无稳定公开数据（）；机构部门：无稳定公开数据（）,https://www.stats.gov.cn/sj/zxfb/202601/t20260119_1962330.html
A025,全国城镇调查失业率,劳动需求,公开发布,抽样调查失业人口占城镇就业和失业人口合计比重。,%,全国城镇劳动力，含符合定义的在校生,月度、年度平均,比率,比率,不适用,当期,A_S07,八就业；方法A_S10、A_S11,正文及附表为月度国民经济发布；可与A_S08的2023年12月同名项目定位对照。,月度、季度、年度混合,2023年分年龄停发/2024剔学生调整不等于总体率排除学生；总体口径差异见A_S11。,原文发布,,按发布报告期及统计边界记录，保留原始精度和版本。,G；K,K3；G1,识别进入劳动力市场者的失业状况。,就业人数；工时；工资；劳动参与,分母不是总人口；下降可能伴随劳动参与变化；31大城市率是合计。,EG-劳动力调查,全国：已覆盖（全国城镇劳动力，含符合定义的在校生）；省级：部分覆盖（北京）；地级：部分覆盖（31个大城市合计）；行业：无稳定公开数据（）；企业类型：不适用（）；居民群体：已覆盖（本地户籍；外来户籍；外来农业户籍）；机构部门：无稳定公开数据（）,https://www.stats.gov.cn/sj/zxfb/202601/t20260119_1962330.html
A026,不含在校生分年龄组城镇调查失业率,青年与核心年龄,公开发布,按指定年龄组、排除在校生后的失业人口/相应劳动力。,%,全国城镇16—24、25—29、30—59岁非在校劳动力,月度,比率,比率,不适用,当期,A_S08,八就业首批原值；A_S09末段发布方式,为新年龄口径的起始公开月份提供原值证据；发布日与报告月相区分。,月度发布,2023年8月发布会宣布暂停分年龄数据（报告值2023年7—11月缺口）；2024年1月发布2023年12月新口径首值；新增25—29组，原25—59组不可等同30—59组。,原文发布,,按发布报告期及统计边界记录，保留原始精度和版本。,G；K,K1；K3；G1,检查年龄结构差异。,总体率；劳动参与；毕业季；工时,不能同旧16—24岁含学生序列直接拼接；不能拿年龄人口乘率推失业人数。,EG-劳动力调查,全国：已覆盖（全国城镇16—24、25—29、30—59岁非在校劳动力）；省级：无稳定公开数据（）；地级：无稳定公开数据（）；行业：无稳定公开数据（）；企业类型：不适用（）；居民群体：已覆盖（16—24岁不含在校生；25—29岁不含在校生；30—59岁不含在校生）；机构部门：无稳定公开数据（）,https://www.stats.gov.cn/sj/zxfb/202401/t20240117_1946624.html
A027,全国企业就业人员周平均工作时间,劳动强度,公开发布,企业就业人员在调查参考周的平均工作小时。,小时/周,全国企业就业人员,月度,比率,比率,不适用,当期,A_S07,八就业；A_S08八就业历史对应项,2023年12月A_S08和2025年12月A_S07同名发布均已读。,月度、季度、年度混合,本轮未核验额外断点；不表示历史从无修订。,原文发布,,按发布报告期及统计边界记录，保留原始精度和版本。,D；G；K,K3；G1；G3；D2,辅助判断劳动强度。,失业率；就业人数；工资,不代表全体就业人员工时，不是小时生产率；没有工时分布无法判断低工时比例。,EG-劳动力调查,全国：已覆盖（全国企业就业人员）；省级：无稳定公开数据（）；地级：无稳定公开数据（）；行业：无稳定公开数据（）；企业类型：无稳定公开数据（）；居民群体：无稳定公开数据（）；机构部门：无稳定公开数据（）,https://www.stats.gov.cn/sj/zxfb/202601/t20260119_1962330.html
A028,全国就业人员年末人数,劳动投入,公开发布,年末符合就业定义的就业人员公开总量。,万人,全国就业人员,年度,时点,存量,不适用,年末,A_S03,一综合就业段,年度公报；图示近年变化，本轮不从图片补造未读数值。,年度,本轮未核验额外断点；不表示历史从无修订。,原文发布,,按发布报告期及统计边界记录，保留原始精度和版本。,D；G；I；K,K3；G1；G3；I4；D2,劳动投入人数规模。,实际GDP；劳动参与；工时,不能替代全年平均就业，更不能视为岗位数或工时。,EG-A_S03,全国：已覆盖（全国就业人员）；省级：无稳定公开数据（）；地级：无稳定公开数据（）；行业：无稳定公开数据（）；企业类型：不适用（）；居民群体：已覆盖（全国就业；城镇就业）；机构部门：无稳定公开数据（）,https://www.stats.gov.cn/sj/zxfb/202602/t20260228_1962662.html
A029,城镇新增就业人数,新增就业,公开发布,报告期城镇累计新就业人员扣除自然减员。,万人,城镇就业行政统计范围,年度（高频另核人社发布）,期间,流量,不适用,全年,A_S03,一综合；注7,年度公报；图示近年变化，本轮不从图片补造未读数值。,年度,本轮未核验额外断点；不表示历史从无修订。,原文发布,,按发布报告期及统计边界记录，保留原始精度和版本。,G；K,K3；G1,行政统计的就业增量信号。,调查失业率；就业总量,不等于全国就业人数同比差额；不能与失业率直接互算。,EG-A_S03,全国：已覆盖（城镇就业行政统计范围）；省级：部分覆盖（北京）；地级：无稳定公开数据（）；行业：无稳定公开数据（）；企业类型：不适用（）；居民群体：无稳定公开数据（）；机构部门：无稳定公开数据（）,https://www.stats.gov.cn/sj/zxfb/202602/t20260228_1962662.html
A030,农民工总量,劳动力流动,公开发布,年内达到6个月从业标准的本地非农和外出农民工人数。,万人,农村户籍农民工,年度,期间,存量,不适用,全年,A_S03,一综合；注8,年度公报；图示近年变化，本轮不从图片补造未读数值。,年度,本轮未核验额外断点；不表示历史从无修订。,原文发布,,按发布报告期及统计边界记录，保留原始精度和版本。,G；K,K3；G1,劳动力跨地域和非农配置规模。,农民工收入；行业就业,是年度达到从业条件的人数，不能当年末人口；不是农村居民总数。,EG-A_S03,全国：已覆盖（农村户籍农民工）；省级：无稳定公开数据（）；地级：无稳定公开数据（）；行业：无稳定公开数据（）；企业类型：不适用（）；居民群体：已覆盖（本地农民工；外出农民工）；机构部门：无稳定公开数据（）,https://www.stats.gov.cn/sj/zxfb/202602/t20260228_1962662.html
A031,制造业采购经理指数PMI,订单生产价格就业,公开发布,合成新订单、生产、从业、配送及原料库存的加权扩散指数。,%（扩散指数点）,制造业调查企业,月度,比率,扩散指数,不适用,当期,A_S06,表1及附注4；附注1—5,表1—4实际列2024年12月至2025年12月；明确月度调查。,月度,样本及季调会调整，跨历史版本须记录；2025样本3200家。,原文发布,,按发布报告期及统计边界记录，保留原始精度和版本。,K,K1,制造业总体环比景气。,工业增加值；订单；价格；就业,50为与上月相比的分界；指数51不是产量/价格增加1%；季调而非同比。,EG-A_S06,全国：已覆盖（制造业调查企业）；省级：无稳定公开数据（）；地级：无稳定公开数据（）；行业：部分覆盖（制造业合计）；企业类型：已覆盖（大型；中型；小型）；居民群体：不适用（）；机构部门：无稳定公开数据（）,https://www.stats.gov.cn/zwfwck/sjfb/202512/t20251231_1962218.html
A032,制造业PMI生产指数,订单生产价格就业,公开发布,采购经理对本月生产相对上月变化的扩散指数。,%（扩散指数点）,制造业调查企业,月度,比率,扩散指数,不适用,当期,A_S06,表1生产列；附注1—5,表1—4实际列2024年12月至2025年12月；明确月度调查。,月度,样本及季调会调整，跨历史版本须记录；2025样本3200家。,原文发布,,按发布报告期及统计边界记录，保留原始精度和版本。,K,K1,生产扩张或收缩广度。,工业增加值；订单；价格；就业,50为与上月相比的分界；指数51不是产量/价格增加1%；季调而非同比。,EG-A_S06,全国：已覆盖（制造业调查企业）；省级：无稳定公开数据（）；地级：无稳定公开数据（）；行业：部分覆盖（制造业合计）；企业类型：无稳定公开数据（）；居民群体：不适用（）；机构部门：无稳定公开数据（）,https://www.stats.gov.cn/zwfwck/sjfb/202512/t20251231_1962218.html
A033,制造业PMI新订单指数,订单生产价格就业,公开发布,新订单相对上月变化的扩散指数。,%（扩散指数点）,制造业调查企业,月度,比率,扩散指数,不适用,当期,A_S06,表1新订单列；附注1—5,表1—4实际列2024年12月至2025年12月；明确月度调查。,月度,样本及季调会调整，跨历史版本须记录；2025样本3200家。,原文发布,,按发布报告期及统计边界记录，保留原始精度和版本。,K,K1,近期订单需求广度。,工业增加值；订单；价格；就业,50为与上月相比的分界；指数51不是产量/价格增加1%；季调而非同比。,EG-A_S06,全国：已覆盖（制造业调查企业）；省级：无稳定公开数据（）；地级：无稳定公开数据（）；行业：部分覆盖（制造业合计）；企业类型：无稳定公开数据（）；居民群体：不适用（）；机构部门：无稳定公开数据（）,https://www.stats.gov.cn/zwfwck/sjfb/202512/t20251231_1962218.html
A034,制造业PMI新出口订单指数,订单生产价格就业,公开发布,新出口订单变化的扩散指数。,%（扩散指数点）,制造业调查企业,月度,比率,扩散指数,不适用,当期,A_S06,表2新出口订单列；附注1—5,表1—4实际列2024年12月至2025年12月；明确月度调查。,月度,样本及季调会调整，跨历史版本须记录；2025样本3200家。,原文发布,,按发布报告期及统计边界记录，保留原始精度和版本。,K,K1,外需订单方向。,工业增加值；订单；价格；就业,50为与上月相比的分界；指数51不是产量/价格增加1%；季调而非同比。,EG-A_S06,全国：已覆盖（制造业调查企业）；省级：无稳定公开数据（）；地级：无稳定公开数据（）；行业：部分覆盖（制造业合计）；企业类型：无稳定公开数据（）；居民群体：不适用（）；机构部门：无稳定公开数据（）,https://www.stats.gov.cn/zwfwck/sjfb/202512/t20251231_1962218.html
A035,制造业PMI从业人员指数,订单生产价格就业,公开发布,企业从业人员变化的扩散指数。,%（扩散指数点）,制造业调查企业,月度,比率,扩散指数,不适用,当期,A_S06,表1从业人员列；附注1—5,表1—4实际列2024年12月至2025年12月；明确月度调查。,月度,样本及季调会调整，跨历史版本须记录；2025样本3200家。,原文发布,,按发布报告期及统计边界记录，保留原始精度和版本。,K,K1；K3,企业用工景气。,工业增加值；订单；价格；就业,50为与上月相比的分界；指数51不是产量/价格增加1%；季调而非同比。,EG-A_S06,全国：已覆盖（制造业调查企业）；省级：无稳定公开数据（）；地级：无稳定公开数据（）；行业：部分覆盖（制造业合计）；企业类型：无稳定公开数据（）；居民群体：不适用（）；机构部门：无稳定公开数据（）,https://www.stats.gov.cn/zwfwck/sjfb/202512/t20251231_1962218.html
A036,制造业PMI主要原材料购进价格指数,订单生产价格就业,公开发布,原材料购入价格变化的扩散指数。,%（扩散指数点）,制造业调查企业,月度,比率,扩散指数,不适用,当期,A_S06,表2购进价格列；附注1—5,表1—4实际列2024年12月至2025年12月；明确月度调查。,月度,样本及季调会调整，跨历史版本须记录；2025样本3200家。,原文发布,,按发布报告期及统计边界记录，保留原始精度和版本。,K,K1,投入成本上涨或下降的企业覆盖面。,工业增加值；订单；价格；就业,50为与上月相比的分界；指数51不是产量/价格增加1%；季调而非同比。,EG-A_S06,全国：已覆盖（制造业调查企业）；省级：无稳定公开数据（）；地级：无稳定公开数据（）；行业：部分覆盖（制造业合计）；企业类型：无稳定公开数据（）；居民群体：不适用（）；机构部门：无稳定公开数据（）,https://www.stats.gov.cn/zwfwck/sjfb/202512/t20251231_1962218.html
A037,制造业PMI出厂价格指数,订单生产价格就业,公开发布,产品出厂价格变化的扩散指数。,%（扩散指数点）,制造业调查企业,月度,比率,扩散指数,不适用,当期,A_S06,表2出厂价格列；附注1—5,表1—4实际列2024年12月至2025年12月；明确月度调查。,月度,样本及季调会调整，跨历史版本须记录；2025样本3200家。,原文发布,,按发布报告期及统计边界记录，保留原始精度和版本。,K,K1,产品价格变化的企业覆盖面。,工业增加值；订单；价格；就业,50为与上月相比的分界；指数51不是产量/价格增加1%；季调而非同比。,EG-A_S06,全国：已覆盖（制造业调查企业）；省级：无稳定公开数据（）；地级：无稳定公开数据（）；行业：部分覆盖（制造业合计）；企业类型：无稳定公开数据（）；居民群体：不适用（）；机构部门：无稳定公开数据（）,https://www.stats.gov.cn/zwfwck/sjfb/202512/t20251231_1962218.html
A038,制造业PMI产成品库存指数,订单生产价格就业,公开发布,产成品库存量变化的扩散指数。,%（扩散指数点）,制造业调查企业,月度,比率,扩散指数,不适用,当期,A_S06,表2产成品库存列；附注1—5,表1—4实际列2024年12月至2025年12月；明确月度调查。,月度,样本及季调会调整，跨历史版本须记录；2025样本3200家。,原文发布,,按发布报告期及统计边界记录，保留原始精度和版本。,K,K1,库存方向；需结合订单区分主动或被动。,工业增加值；订单；价格；就业,50为与上月相比的分界；指数51不是产量/价格增加1%；季调而非同比。,EG-A_S06,全国：已覆盖（制造业调查企业）；省级：无稳定公开数据（）；地级：无稳定公开数据（）；行业：部分覆盖（制造业合计）；企业类型：无稳定公开数据（）；居民群体：不适用（）；机构部门：无稳定公开数据（）,https://www.stats.gov.cn/zwfwck/sjfb/202512/t20251231_1962218.html
A039,非制造业商务活动指数,服务与建筑活动,公开发布,非制造业企业商务活动相对上月的扩散指数。,%（扩散指数点）,非制造业调查企业,月度,比率,扩散指数,不适用,当期,A_S06,表3商务活动；正文分行业；附注4,表1—4实际列2024年12月至2025年12月；明确月度调查。,月度,2025样本4300家；季调可修订。,原文发布,,按发布报告期及统计边界记录，保留原始精度和版本。,K,K1；K3,服务和建筑总体活动广度。,服务业生产；建筑投资,不是一个与制造业PMI同构的五分项合成指数。,EG-A_S06,全国：已覆盖（非制造业调查企业）；省级：无稳定公开数据（）；地级：无稳定公开数据（）；行业：已覆盖（建筑业；服务业）；企业类型：无稳定公开数据（）；居民群体：不适用（）；机构部门：无稳定公开数据（）,https://www.stats.gov.cn/zwfwck/sjfb/202512/t20251231_1962218.html
A040,综合PMI产出指数,总体活动,公开发布,制造业生产和非制造业商务活动按相应GDP权重合成。,%（扩散指数点）,制造业及非制造业调查企业,月度,比率,扩散指数,不适用,当期,A_S06,三综合；附注4(3),表1—4实际列2024年12月至2025年12月；明确月度调查。,月度,权重和季调版本须保持一致。,原文发布,,按发布报告期及统计边界记录，保留原始精度和版本。,K,K1,总体产出活动方向。,GDP；制造业生产PMI；非制造活动,不是制造业PMI与非制造业指数的简单均值，更不能当GDP增速。,EG-A_S06,全国：已覆盖（制造业及非制造业调查企业）；省级：无稳定公开数据（）；地级：无稳定公开数据（）；行业：无稳定公开数据（）；企业类型：无稳定公开数据（）；居民群体：不适用（）；机构部门：无稳定公开数据（）,https://www.stats.gov.cn/zwfwck/sjfb/202512/t20251231_1962218.html
A041,流通中货币M0余额,货币存量,公开发布,流通中货币余额；自2022年12月包括流通中数字人民币。,万亿元,全国货币持有部门,月度,时点,存量,名义,期末,A_S14,一货币；定义A_S12/A_S13；数字人民币A_S23附注、M2历史A_S24注2；年末A_S17页6,月报结构及2024各月可比M1表的存在已经核验，回溯表为图片，本轮不抄未辨读数值。,月度,2022年12月起含数字人民币，2022年M0同比已修订（A_S23）。,原文发布,,数字人民币已纳入M0；M2采用当期可比口径；2024旧M1表不可当新M1回溯。,M,M1；M2,交易性及储蓄性货币资产规模。,名义GDP；存款结构；利率,不是当期消费、信贷或现金投放流量；M0/M1/M2互相包含不能相加。,EG-金融统计,全国：已覆盖（全国货币持有部门）；省级：不适用（）；地级：不适用（）；行业：无稳定公开数据（）；企业类型：无稳定公开数据（）；居民群体：不适用（）；机构部门：部分覆盖（货币持有部门合计）,https://app.www.gov.cn/govdata/gov/202509/12/536583/article.html
A042,狭义货币M1余额（2025新口径）,货币存量,公开发布,M0、单位活期存款、个人活期存款和非银行支付机构客户备付金合计。,万亿元,全国货币持有部门,月度,时点,存量,名义,期末,A_S14,一货币；定义A_S12/A_S13；数字人民币A_S23附注、M2历史A_S24注2；年末A_S17页6,月报结构及2024各月可比M1表的存在已经核验，回溯表为图片，本轮不抄未辨读数值。,月度,2025年1月M1扩围；2024年各月有官方可比回溯；旧口径截至2024年原发布余额不可直连新口径。,原文发布,,只接受明确标记的2025新口径和2024官方回溯；缺口不自行估算。,M,M1；M2,交易性及储蓄性货币资产规模。,名义GDP；存款结构；利率,不是当期消费、信贷或现金投放流量；M0/M1/M2互相包含不能相加。,EG-金融统计,全国：已覆盖（全国货币持有部门）；省级：不适用（）；地级：不适用（）；行业：无稳定公开数据（）；企业类型：无稳定公开数据（）；居民群体：不适用（）；机构部门：部分覆盖（货币持有部门合计）,https://app.www.gov.cn/govdata/gov/202509/12/536583/article.html
A043,广义货币M2余额及同比增长,货币存量,公开发布,按央行货币供应量统计范围汇总的广义货币金融资产余额。；同比为同口径期末余额较上年同月的增长率，作为同一底层序列的展示字段。,亿元（余额）；%（同比）,全国货币持有部门,月度,时点,存量,名义,期末,A_S14,一货币；定义A_S12/A_S13；数字人民币A_S23附注、M2历史A_S24注2；年末A_S17页6,月报结构及2024各月可比M1表的存在已经核验，回溯表为图片，本轮不抄未辨读数值。,月度,2018年M2改用非存款部门持有货币市场基金替代基金银行存款及存单（A_S24注2）；2022年12月M0纳入数字人民币（A_S23）；2023年1月金融统计纳入消费金融公司、理财公司、金融资产投资公司（A_S14/A_S15）；需用同口径历史。,原文发布,,数字人民币已纳入M0；M2采用当期可比口径；2024旧M1表不可当新M1回溯。,M,M1；M2,交易性及储蓄性货币资产规模。,名义GDP；存款结构；利率,不是当期消费、信贷或现金投放流量；M0/M1/M2互相包含不能相加。,EG-金融统计,全国：已覆盖（全国货币持有部门）；省级：不适用（）；地级：不适用（）；行业：无稳定公开数据（）；企业类型：无稳定公开数据（）；居民群体：不适用（）；机构部门：部分覆盖（货币持有部门合计）,https://app.www.gov.cn/govdata/gov/202509/12/536583/article.html
A044,人民币各项贷款余额,信贷存量,公开发布,金融统计口径人民币贷款的期末账面余额。,亿元,纳入央行金融统计的机构,月度,时点,存量,名义,期末,A_S17,表6；月度A_S14二,表4—5列2025年逐月数据，表3有上季末/上年末比较；执行报告定期发布。,季度报告，部分月度观测,2015年起存贷款纳入非银金融机构相关资金（A_S24注4）；2023年1月金融统计纳入消费金融公司、理财公司、金融资产投资公司（A_S14/A_S15）；需用同口径历史。,原文发布,,按发布报告期及统计边界记录，保留原始精度和版本。,F；M,M3；M4；F1；F3,存量信贷资金规模与部门结构。,贷款新增；贷款利率；部门现金流,金融统计贷款含非银与境外等，与社融人民币贷款不同；贷款不等于支出。,EG-金融统计,全国：已覆盖（纳入央行金融统计的机构）；省级：部分覆盖（北京）；地级：无稳定公开数据（）；行业：无稳定公开数据（）；企业类型：无稳定公开数据（）；居民群体：不适用（）；机构部门：已覆盖（住户；企事业单位（非金融企业及机关团体）；非银行业金融机构；境外）,https://cif.mofcom.gov.cn/cif/html/upload/20260211143114167_2025%E5%B9%B4%E7%AC%AC%E5%9B%9B%E5%AD%A3%E5%BA%A6%E4%B8%AD%E5%9B%BD%E8%B4%A7%E5%B8%81%E6%94%BF%E7%AD%96%E6%89%A7%E8%A1%8C%E6%8A%A5%E5%91%8A.pdf
A045,人民币贷款新增额,信贷流量,公开发布,报告期人民币贷款的官方增加额。,亿元,纳入央行金融统计的机构,月度累计、年度,期间,流量,名义,累计,A_S14,二贷款；年表A_S17表6,月报结构及2024各月可比M1表的存在已经核验，回溯表为图片，本轮不抄未辨读数值。,月度,2015年起存贷款纳入非银金融机构相关资金（A_S24注4）；2023年1月金融统计纳入消费金融公司、理财公司、金融资产投资公司（A_S14/A_S15）；需用同口径历史。,原文发布,,按发布报告期及统计边界记录，保留原始精度和版本。,F；M,M3；M4；F1；F3,期间信贷扩张及期限结构。,贷款余额；政府债融资；贷款投向,不得用存量差无条件替代；新发放总额不等于净新增；置换可影响。,EG-金融统计,全国：已覆盖（纳入央行金融统计的机构）；省级：无稳定公开数据（）；地级：无稳定公开数据（）；行业：无稳定公开数据（）；企业类型：无稳定公开数据（）；居民群体：不适用（）；机构部门：已覆盖（住户短期；住户中长期；企事业短期；企事业中长期；票据融资；非银机构）,https://app.www.gov.cn/govdata/gov/202509/12/536583/article.html
A046,人民币各项存款余额,金融资产存量,公开发布,金融机构统计范围内的人民币存款期末余额。,亿元,纳入央行统计金融机构及存款持有人,月度,时点,存量,名义,期末,A_S17,表2；月度A_S14三,表4—5列2025年逐月数据，表3有上季末/上年末比较；执行报告定期发布。,季度报告，部分月度观测,2015年起存贷款纳入非银金融机构相关资金（A_S24注4）；2023年1月金融统计纳入消费金融公司、理财公司、金融资产投资公司（A_S14/A_S15）；需用同口径历史。,原文发布,,按发布报告期及统计边界记录，保留原始精度和版本。,M,M2；M4,流动资产在部门间的配置。,住户收入消费；资管规模；贷款,存款不是储蓄流量；不能因住户存款上升便断定消费相同幅度下降。,EG-金融统计,全国：已覆盖（纳入央行统计金融机构及存款持有人）；省级：部分覆盖（北京）；地级：无稳定公开数据（）；行业：无稳定公开数据（）；企业类型：无稳定公开数据（）；居民群体：不适用（）；机构部门：已覆盖（住户；非金融企业；机关团体；财政；非银行业金融机构；境外）,https://cif.mofcom.gov.cn/cif/html/upload/20260211143114167_2025%E5%B9%B4%E7%AC%AC%E5%9B%9B%E5%AD%A3%E5%BA%A6%E4%B8%AD%E5%9B%BD%E8%B4%A7%E5%B8%81%E6%94%BF%E7%AD%96%E6%89%A7%E8%A1%8C%E6%8A%A5%E5%91%8A.pdf
A047,人民币存款增加额,存款变化,公开发布,报告期人民币各项存款的官方增加额。,亿元,纳入央行统计金融机构及存款持有人,月度累计、年度,期间,流量,名义,累计,A_S14,三存款；A_S17表2当年新增,月报结构及2024各月可比M1表的存在已经核验，回溯表为图片，本轮不抄未辨读数值。,月度,2015年起存贷款纳入非银金融机构相关资金（A_S24注4）；2023年1月金融统计纳入消费金融公司、理财公司、金融资产投资公司（A_S14/A_S15）；需用同口径历史。,原文发布,,按发布报告期及统计边界记录，保留原始精度和版本。,M,M2；M4,识别存款部门变化方向。,存款余额；收入消费；资产交易,不是国民账户储蓄，也不等于现金净流入。,EG-金融统计,全国：已覆盖（纳入央行统计金融机构及存款持有人）；省级：无稳定公开数据（）；地级：无稳定公开数据（）；行业：无稳定公开数据（）；企业类型：无稳定公开数据（）；居民群体：不适用（）；机构部门：已覆盖（住户；非金融企业；机关团体；财政；非银行业金融机构；境外）,https://app.www.gov.cn/govdata/gov/202509/12/536583/article.html
A048,社会融资规模存量,融资存量,公开发布,实体经济期末从金融体系取得资金余额的官方汇总。,万亿元,社融定义的实体经济和融资工具,月度,时点,存量,名义,期末,A_S16,首段与注1；A_S17表7存量列,与A_S15同时发布的独立存量报告；A_S17含年末存量表。,月度,2023年1月金融统计纳入消费金融公司、理财公司、金融资产投资公司（A_S14/A_S15）；需用同口径历史。,原文发布,,按发布报告期及统计边界记录，保留原始精度和版本。,F；M,M3；M4；F1,各融资渠道存量规模及结构。,分项社融；名义GDP；贷款,包含股票融资等非债务项；政府债已包含；核销存量使其非简单未偿债务总和。,EG-金融统计,全国：已覆盖（社融定义的实体经济和融资工具）；省级：无稳定公开数据（）；地级：无稳定公开数据（）；行业：无稳定公开数据（）；企业类型：无稳定公开数据（）；居民群体：不适用（）；机构部门：部分覆盖（实体经济合计；政府债券融资；非金融企业境内股票融资）,https://app.www.gov.cn/govdata/gov/202509/12/536584/article.html
A049,社会融资规模增量,融资流量,公开发布,期间实体经济从金融体系获得资金的官方新增汇总。,亿元,社融定义的实体经济和融资工具,月度累计、年度,期间,流量,名义,累计,A_S15,正文、注1；A_S17表7增量列,月度栏目已访问；报告有同比同期间对照；A_S17另核验全年表。,月度累计,2023年1月金融统计纳入消费金融公司、理财公司、金融资产投资公司（A_S14/A_S15）；需用同口径历史。,原文发布,,按发布报告期及统计边界记录，保留原始精度和版本。,F；M,M3；M4；F1,信贷、债券及其他融资对总融资的构成。,政府债净融资；实体人民币贷款；贷款核销,不是发行总额、不是支出；不可把社融外加政府债；核销需单列。,EG-金融统计,全国：已覆盖（社融定义的实体经济和融资工具）；省级：无稳定公开数据（）；地级：无稳定公开数据（）；行业：无稳定公开数据（）；企业类型：无稳定公开数据（）；居民群体：不适用（）；机构部门：部分覆盖（实体经济合计；政府债券融资；非金融企业境内股票融资）,https://www.pbc.gov.cn/diaochatongjisi/116219/116225/523c260b344c4f1390664430295064a9/index.html
A050,贷款市场报价利率LPR,贷款定价参考,公开发布,全国银行间同业拆借中心公布、供贷款定价参考的期限报价利率。,%/年,LPR报价机制,月度（每月20日，节假日顺延）,时点,价格,名义,期末,A_S17,印刷页3 LPR、表4注；月度机制A_S22,表4—5列2025年逐月数据，表3有上季末/上年末比较；执行报告定期发布。,季度报告，部分月度观测,2019年8月LPR形成机制改革，前后须标记；本源未穷尽后续报价行调整。,原文发布,,按发布报告期及统计边界记录，保留原始精度和版本。,M,M3,贷款定价参考的变动。,新发放贷款利率；政策利率,不是全部贷款实际成交利率；5年以上不等于5年期。,EG-A_S17,全国：已覆盖（LPR报价机制）；省级：不适用（）；地级：不适用（）；行业：无稳定公开数据（）；企业类型：无稳定公开数据（）；居民群体：不适用（）；机构部门：已覆盖（1年期LPR；5年期以上LPR）,https://cif.mofcom.gov.cn/cif/html/upload/20260211143114167_2025%E5%B9%B4%E7%AC%AC%E5%9B%9B%E5%AD%A3%E5%BA%A6%E4%B8%AD%E5%9B%BD%E8%B4%A7%E5%B8%81%E6%94%BF%E7%AD%96%E6%89%A7%E8%A1%8C%E6%8A%A5%E5%91%8A.pdf
A051,新发放贷款加权平均利率,实际融资价格,公开发布,报告期新发放贷款按金额等统计权重计算的平均利率公开值。,%/年,纳入央行利率统计的新发放贷款,季度报告披露季末月,期间,价格,名义,当期,A_S17,印刷页4表3,表4—5列2025年逐月数据，表3有上季末/上年末比较；执行报告定期发布。,季度报告，部分月度观测,本轮未核验额外断点；不表示历史从无修订。,原文发布,,按发布报告期及统计边界记录，保留原始精度和版本。,M,M3,检验贷款融资价格的实际传导。,LPR；贷款结构；贷款新增,2025年12月值不是全年平均；结构变化会改变加权均值；不是存量贷款利率。,EG-A_S17,全国：已覆盖（纳入央行利率统计的新发放贷款）；省级：无稳定公开数据（）；地级：无稳定公开数据（）；行业：无稳定公开数据（）；企业类型：无稳定公开数据（）；居民群体：不适用（）；机构部门：已覆盖（一般贷款；其中企业贷款；票据融资；个人住房贷款）,https://cif.mofcom.gov.cn/cif/html/upload/20260211143114167_2025%E5%B9%B4%E7%AC%AC%E5%9B%9B%E5%AD%A3%E5%BA%A6%E4%B8%AD%E5%9B%BD%E8%B4%A7%E5%B8%81%E6%94%BF%E7%AD%96%E6%89%A7%E8%A1%8C%E6%8A%A5%E5%91%8A.pdf
A052,银行间人民币同业拆借和质押式回购月加权利率,货币市场价格,公开发布,按交易统计权重形成的全月银行间拆借及质押式回购利率。,%/年,银行间人民币货币市场,月度,期间,价格,名义,当期,A_S14,四银行间市场,月报结构及2024各月可比M1表的存在已经核验，回溯表为图片，本轮不抄未辨读数值。,月度,本轮未核验额外断点；不表示历史从无修订。,原文发布,,按发布报告期及统计边界记录，保留原始精度和版本。,M,M3,短期资金价格。,政策利率；成交量；期限结构,本月综合加权利率不等于DR007、隔夜或月底单日利率。,EG-A_S14,全国：已覆盖（银行间人民币货币市场）；省级：无稳定公开数据（）；地级：无稳定公开数据（）；行业：无稳定公开数据（）；企业类型：无稳定公开数据（）；居民群体：不适用（）；机构部门：已覆盖（银行间拆借；质押式债券回购）,https://app.www.gov.cn/govdata/gov/202509/12/536583/article.html
A053,公开市场7天期逆回购操作利率,政策利率,公开发布,央行7天期逆回购操作的公布年化利率。,%/年,央行公开市场操作,操作日公布；变更事件记录,时点,价格,名义,当期,A_S21,操作结果表；2025变更记录A_S17印刷页9,操作公告按实际操作日发布；A_S17提供2025年5月利率变动的政策记录。,操作日,2025年5月从1.5%调至1.4%；不同工具利率不可无标识替换；本轮未核验完整日历。,原文发布,,按发布报告期及统计边界记录，保留原始精度和版本。,M,M3,政策利率向短期市场利率传导的起点。,货币市场利率；LPR；贷款利率,操作利率不等于银行融资利率；额度净投放与价格分开。,EG-A_S21,全国：已覆盖（央行公开市场操作）；省级：不适用（）；地级：不适用（）；行业：无稳定公开数据（）；企业类型：无稳定公开数据（）；居民群体：不适用（）；机构部门：无稳定公开数据（）,https://www.pbc.gov.cn/zhengcehuobisi/125207/125213/125431/125475/5806970/index.html
A055,M2增速与GDP名义增速之差,货币与名义产出对照,透明派生,同一年度末M2同比减全年名义GDP同比的描述性差。,百分点,全国货币和GDP口径,年度,比率,比率,名义,全年,A_S17,M2年末同比见页6；GDP见A_S01/A_S02,表4—5列2025年逐月数据，表3有上季末/上年末比较；执行报告定期发布。,季度报告，部分月度观测,2018年M2改用非存款部门持有货币市场基金替代基金银行存款及存单（A_S24注2）；2022年12月M0纳入数字人民币（A_S23）；2023年1月金融统计纳入消费金融公司、理财公司、金融资产投资公司（A_S14/A_S15）；需用同口径历史。,"A043[同年12月末同比,%] − A012[该年名义GDP同比,%]，单位百分点",A043；A012,严格标注年末对全年；不可用该差值推算通胀或资本流向。,M,M1,识别货币存量与年度名义产出增长不一。,利率；信用结构；月均货币；价格,不等于超发量、资金空转率或因果传导效率；年末存量与全年流量的比较须明示。,EG-国民核算 + EG-金融统计,全国：已覆盖（全国货币和GDP口径）；省级：不适用（）；地级：不适用（）；行业：无稳定公开数据（）；企业类型：无稳定公开数据（）；居民群体：不适用（）；机构部门：无稳定公开数据（）,https://cif.mofcom.gov.cn/cif/html/upload/20260211143114167_2025%E5%B9%B4%E7%AC%AC%E5%9B%9B%E5%AD%A3%E5%BA%A6%E4%B8%AD%E5%9B%BD%E8%B4%A7%E5%B8%81%E6%94%BF%E7%AD%96%E6%89%A7%E8%A1%8C%E6%8A%A5%E5%91%8A.pdf
A056,住户调查消费支出与可支配收入之比,消费倾向,透明派生,同口径同期间人均消费支出除以人均可支配收入。,%,同一住户调查总体,季度累计、年度,比率,比率,名义,累计,A_S04,表1收入和消费原值,附注明确按季发布；31省近2000县抽取16万户的住户调查。,季度累计、年度,季度不含自产自用、年度包含；不能把年度减前三季度视为严格同口径第四季度。,100×A016/A014,A016；A014,分子分母须同人群、同期间、同自产自用口径；不得用农村消费除城镇收入。,D；K,K2；D3,描述住户调查支出相对收入的比例。,收入分布；存款；服务消费,不是国民账户居民储蓄率；1减本值不能作为全社会储蓄率。,EG-住户调查,全国：已覆盖（同一住户调查总体）；省级：部分覆盖（北京）；地级：无稳定公开数据（）；行业：无稳定公开数据（）；企业类型：无稳定公开数据（）；居民群体：已覆盖（全国居民；城镇居民；农村居民）；机构部门：无稳定公开数据（）,https://www.stats.gov.cn/sj/zxfb/202601/t20260119_1962321.html
A057,网上服务零售额,线上服务,公开发布,2026完善网络统计后公开的网上服务交易零售额。,亿元,扩围后的网络服务平台统计范围,月度累计,期间,流量,名义,累计,A_S20,正文网上服务零售行；附注6,2026年1—2月新表及修订说明已读，延续月度发布；总额新口径不反推旧值。,月度（1—2月合并）、累计,2026新增指标、扩大网络服务平台统计范围；本轮未验证更早同口径绝对额。,原文发布,,按发布报告期及统计边界记录，保留原始精度和版本。,K,K2,观察线上服务渠道。,服务零售增速；住户消费,不等于全部服务消费；不可当作旧网上总额减旧实物项的同口径延续。,EG-A_S20,全国：已覆盖（扩围后的网络服务平台统计范围）；省级：无稳定公开数据（）；地级：无稳定公开数据（）；行业：无稳定公开数据（）；企业类型：无稳定公开数据（）；居民群体：无稳定公开数据（）；机构部门：无稳定公开数据（）,https://www.stats.gov.cn/sj/zxfb/202603/t20260316_1962786.html
A058,网上商品和服务零售额（2026口径）,线上总量,公开发布,扩大网络服务平台统计后的线上商品和服务零售合计。,亿元,2026完善后的网络零售平台范围,月度累计,期间,流量,名义,累计,A_S20,正文网上总额；附注6,2026年1—2月新表及修订说明已读，延续月度发布；总额新口径不反推旧值。,月度（1—2月合并）、累计,2026网上总额改名且扩围；原文明确新旧总额不可比。,原文发布,,按发布报告期及统计边界记录，保留原始精度和版本。,K,K2,线上商品与服务合计规模。,网上商品；网上服务；平台范围,2025旧网上零售额与本值不可比；含不入社零的服务，不能计算其占社零的消费渗透率。,EG-A_S20,全国：已覆盖（2026完善后的网络零售平台范围）；省级：无稳定公开数据（）；地级：无稳定公开数据（）；行业：无稳定公开数据（）；企业类型：无稳定公开数据（）；居民群体：无稳定公开数据（）；机构部门：无稳定公开数据（）,https://www.stats.gov.cn/sj/zxfb/202603/t20260316_1962786.html
A059,居民消费价格指数CPI及涨跌幅,消费价格总水平,公开发布,居民购买生活消费品和服务价格变动的指数；原月报同时列同比和环比涨跌幅。,%（涨跌幅）；指数点（指定对比期=100）,全国城乡居民消费篮子,月度；年度平均,比率,价格,不适用,当期,A_S25,主要数据表总CPI；附注1—5；年度A_S27；指数比较期A_S29,A_S27已核验2025年12月及全年；A_S25核验2026年1月；A_S29确认稳定月度制度。,月度,2026年1月由2020基期转2025基期；分类、权数、样本更新（A_S25/A_S26/A_S28）；不得把基期轮换平均影响逐月固定扣除。,原文发布,,原始月报值为同比/环比涨跌幅，分别存字段或观测行；对应比较期=100指数可按100+涨跌幅透明转换，不能冒充2025定基指数或原始商品单价。累计平均采用官方发布；不把12月同比作年度平均。,K；M；S,K1；K3；M1；S4,居民消费价格与实际购买力的总体价格证据。,核心CPI；服务CPI；居民收入实际增速；GDP平减指数,不是全部资产价格、GDP平减指数或个体家庭生活成本；涨跌幅与指数点不混写；新基期权重不能直接用于月度贡献。,EG-A_S25,全国：已覆盖（全国城乡居民消费篮子）；省级：无稳定公开数据（）；地级：无稳定公开数据（）；行业：部分覆盖（食品烟酒及在外餐饮；衣着；居住；生活用品及服务；交通通信；教育文化娱乐；医疗保健；其他用品及服务）；企业类型：无稳定公开数据（）；居民群体：已覆盖（城市；农村）；机构部门：无稳定公开数据（）,https://www.stats.gov.cn/zwfwck/sjfb/202602/t20260211_1962588.html
A060,核心CPI（不包括食品和能源）及涨跌幅,核心价格,公开发布,从居民消费价格调查篮子中剔除食品和能源后的价格指数及官方涨跌幅。,%（涨跌幅）；指数点（指定对比期=100）,全国CPI篮子不含食品能源部分,月度；年度平均,比率,价格,不适用,当期,A_S25,主要数据表不包括食品和能源行；年度A_S27,A_S27核心月度环比/同比和全年值；A_S25新基期同名行。,月度,2026年1月由2020基期转2025基期；分类、权数、样本更新（A_S25/A_S26/A_S28）；不得把基期轮换平均影响逐月固定扣除。,原文发布,,原始月报值为同比/环比涨跌幅，分别存字段或观测行；对应比较期=100指数可按100+涨跌幅透明转换，不能冒充2025定基指数或原始商品单价。累计平均采用官方发布；不把12月同比作年度平均。,K；M；S,K1；K3；M1；S4,辅助识别食品和能源直接波动之外的价格走势。,总CPI；服务CPI；工资收入；需求数量,核心不等于非食品；并未消除全部供给冲击、间接能源成本或季节影响；不能单独识别需求。,EG-A_S25,全国：已覆盖（全国CPI篮子不含食品能源部分）；省级：无稳定公开数据（）；地级：无稳定公开数据（）；行业：无稳定公开数据（）；企业类型：无稳定公开数据（）；居民群体：无稳定公开数据（）；机构部门：无稳定公开数据（）,https://www.stats.gov.cn/zwfwck/sjfb/202602/t20260211_1962588.html
A061,服务CPI及涨跌幅,居民服务价格,公开发布,居民消费价格篮子中服务部分的价格指数和官方同比、环比及累计平均涨跌幅。,%（涨跌幅）；指数点（指定对比期=100）,居民生活消费服务,月度；年度平均,比率,价格,不适用,当期,A_S25,主要数据表服务行；年度A_S27,A_S27和A_S25同名服务行跨相邻月已核验；新一轮服务篮子权数上升见A_S28。,月度,2026年1月由2020基期转2025基期；分类、权数、样本更新（A_S25/A_S26/A_S28）；不得把基期轮换平均影响逐月固定扣除。,原文发布,,原始月报值为同比/环比涨跌幅，分别存字段或观测行；对应比较期=100指数可按100+涨跌幅透明转换，不能冒充2025定基指数或原始商品单价。累计平均采用官方发布；不把12月同比作年度平均。,K；M；S,K1；K3；M1；S4,服务消费价格变化，与住户服务支出量价分离配套。,住户服务消费；服务零售增速；服务业生产,不等于全部服务业产出平减指数或服务零售量；不能把名义服务零售增速直接减服务CPI认定精确实际量。,EG-A_S25,全国：已覆盖（居民生活消费服务）；省级：无稳定公开数据（）；地级：无稳定公开数据（）；行业：无稳定公开数据（）；企业类型：无稳定公开数据（）；居民群体：无稳定公开数据（）；机构部门：无稳定公开数据（）,https://www.stats.gov.cn/zwfwck/sjfb/202602/t20260211_1962588.html
A062,工业生产者出厂价格指数PPI及涨跌幅,工业销售价格,公开发布,工业产品第一次出售时出厂价格变化的指数及官方同比、环比涨跌幅。,%（涨跌幅）；指数点（指定对比期=100）,工业企业产品第一次出售价格,月度,比率,价格,不适用,当期,A_S26,主要数据表一、三；附注1—6,A_S26明确按月表；A_S29确认月度发布制度；未核验完整长期逐月数据。,月度,2026年1月由2020基期转2025基期；分类、权数、样本更新（A_S25/A_S26/A_S28）；不得把基期轮换平均影响逐月固定扣除。,原文发布,,原始月报值为同比/环比涨跌幅，分别存字段或观测行；对应比较期=100指数可按100+涨跌幅透明转换，不能冒充2025定基指数或原始商品单价。累计平均采用官方发布；不把12月同比作年度平均。,K；M；S,K1；K3；M1；S4,工业销售价格环境，配合产量、收入和盈利分析。,工业购进价格；工业增加值；利润；PMI出厂价格,不是工业产量或所有企业收入增速；PPI-CPI差不等于企业利润率；不能用PMI出厂价格扩散指数替代。,EG-A_S26,全国：已覆盖（工业企业产品第一次出售价格）；省级：无稳定公开数据（）；地级：无稳定公开数据（）；行业：部分覆盖（生产资料：采掘、原材料、加工；生活资料：食品、衣着、一般日用品、耐用消费品；煤炭开采和洗选业；石油和天然气开采业；医药制造业；汽车制造业；计算机通信和其他电子设备制造业；电力热力生产和供应业）；企业类型：无稳定公开数据（）；居民群体：无稳定公开数据（）；机构部门：无稳定公开数据（）,https://www.stats.gov.cn/zwfwck/sjfb/202602/t20260211_1962587.html
A063,工业生产者购进价格指数及涨跌幅,工业投入价格,公开发布,工业企业购入中间投入产品价格变化的指数及官方同比、环比涨跌幅。,%（涨跌幅）；指数点（指定对比期=100）,工业企业中间投入品采购,月度,比率,价格,不适用,当期,A_S26,主要数据表二；附注1—4,A_S26含购进指数同月同比环比原值；A_S29价格月度发布制度。,月度,同一发布的PPI自2026年1月转2025基期；附注基期声明以PPI称谓表述，购进指数单独基期、权重和同基回溯细节本轮未取得，跨期必须再核具体统计表注。,原文发布,,原始月报值为同比/环比涨跌幅，分别存字段或观测行；对应比较期=100指数可按100+涨跌幅透明转换，不能冒充2025定基指数或原始商品单价。累计平均采用官方发布；不把12月同比作年度平均。,K；M；S,K1；K3；M1；S4,工业中间投入成本的价格变化。,PPI；企业利润率；原材料采购量；汇率,不覆盖工资、融资等全部成本；指数篮子不同于PPI，差值不能直接作为利润率；不是原材料采购额。,EG-A_S26,全国：已覆盖（工业企业中间投入品采购）；省级：无稳定公开数据（）；地级：无稳定公开数据（）；行业：部分覆盖（燃料动力；黑色金属材料；有色金属材料及电线；化工原料；木材及纸浆；建筑材料及非金属；其他工业原材料及半成品；农副产品；纺织原料）；企业类型：无稳定公开数据（）；居民群体：无稳定公开数据（）；机构部门：无稳定公开数据（）,https://www.stats.gov.cn/zwfwck/sjfb/202602/t20260211_1962587.html
B001,规上工业营业收入,工业经营与效率,公开发布,生产经营形成的主营与其他业务收入合计,亿元,年主营业务收入2000万元及以上工业法人单位,月度（1月免报）,期间,流量,名义,累计,B_S01,附注一2；表1、表3,原文说明按月全面调查、上年同期可比基数调整；本次核验2025全年及上年增速，不宣称已逐年下载。,月度（1月免报）,财务存量细分未在本页正文取得；年度样本进退、统计执法、去重导致两版原值不可直接算同比；企业类型交叉。,原文发布,,同口径、同报告期；缺失不填零。,D；F；I；K；M；S,K1；M4；F2；I3；S4；D1,市场实现收入规模,价格、产销量、回款,不是增加值或现金流；企业间交易可重复。,EG-规上工业财务,全国：已覆盖（规上工业法人合计）；省级：无稳定公开数据（）；地级：无稳定公开数据（）；行业：部分覆盖（采矿业；制造业；电力、热力、燃气及水生产和供应业；汽车制造业；电气机械和器材制造业；计算机、通信和其他电子设备制造业）；企业类型：部分覆盖（国有控股企业；股份制企业；外商及港澳台投资企业；私营企业）；居民群体：不适用（）；机构部门：无稳定公开数据（）,https://www.stats.gov.cn/sj/zxfb/202601/t20260127_1962382.html
B002,规上工业营业成本,工业经营与效率,公开发布,与营业收入相配比的主营和其他业务成本,亿元,年主营业务收入2000万元及以上工业法人单位,月度（1月免报）,期间,流量,名义,累计,B_S01,附注一3；表1、表3,原文说明按月全面调查、上年同期可比基数调整；本次核验2025全年及上年增速，不宣称已逐年下载。,月度（1月免报）,财务存量细分未在本页正文取得；年度样本进退、统计执法、去重导致两版原值不可直接算同比；企业类型交叉。,原文发布,,同口径、同报告期；缺失不填零。,D；F,F2；D1,经营成本压力,营业收入、原材料价格,成本与费用分列；不可当全部社会成本。,EG-规上工业财务,全国：已覆盖（规上工业法人合计）；省级：无稳定公开数据（）；地级：无稳定公开数据（）；行业：部分覆盖（采矿业；制造业；电力、热力、燃气及水生产和供应业；汽车制造业；电气机械和器材制造业；计算机、通信和其他电子设备制造业）；企业类型：部分覆盖（国有控股企业；股份制企业；外商及港澳台投资企业；私营企业）；居民群体：不适用（）；机构部门：无稳定公开数据（）,https://www.stats.gov.cn/sj/zxfb/202601/t20260127_1962382.html
B003,规上工业利润总额,工业经营与效率,公开发布,报告期生产经营等各项收入扣除耗费后的税前盈亏,亿元,年主营业务收入2000万元及以上工业法人单位,月度（1月免报）,期间,流量,名义,累计,B_S01,附注一1；表1、表3,原文说明按月全面调查、上年同期可比基数调整；本次核验2025全年及上年增速，不宣称已逐年下载。,月度（1月免报）,财务存量细分未在本页正文取得；年度样本进退、统计执法、去重导致两版原值不可直接算同比；企业类型交叉。,原文发布,,同口径、同报告期；缺失不填零。,D；F；I；K；M；S,K1；M4；F2；I3；S4；D1,盈利及自筹资金能力线索,收入、成本、应收、行业结构,不是全国企业利润、净利润、留存收益或现金流。,EG-规上工业财务,全国：已覆盖（规上工业法人合计）；省级：无稳定公开数据（）；地级：无稳定公开数据（）；行业：部分覆盖（采矿业；制造业；电力、热力、燃气及水生产和供应业；汽车制造业；电气机械和器材制造业；计算机、通信和其他电子设备制造业）；企业类型：部分覆盖（国有控股企业；股份制企业；外商及港澳台投资企业；私营企业）；居民群体：不适用（）；机构部门：无稳定公开数据（）,https://www.stats.gov.cn/sj/zxfb/202601/t20260127_1962382.html
B004,规上工业资产总计,工业经营与效率,公开发布,工业法人控制并预期带来经济利益的资产账面总计,亿元,年主营业务收入2000万元及以上工业法人单位,月度（1月免报）,时点,存量,名义,期末,B_S01,正文年末；附注一4,原文说明按月全面调查、上年同期可比基数调整；本次核验2025全年及上年增速，不宣称已逐年下载。,月度（1月免报）,财务存量细分未在本页正文取得；年度样本进退、统计执法、去重导致两版原值不可直接算同比；企业类型交叉。,原文发布,,同口径、同报告期；缺失不填零。,F,F2,资产规模分母,负债、权益、周转率,账面资产不是市场价值或可立即变現资金。,EG-规上工业财务,全国：已覆盖（规上工业法人合计）；省级：无稳定公开数据（）；地级：无稳定公开数据（）；行业：无稳定公开数据（）；企业类型：无稳定公开数据（）；居民群体：不适用（）；机构部门：无稳定公开数据（）,https://www.stats.gov.cn/sj/zxfb/202601/t20260127_1962382.html
B005,规上工业负债合计,工业经营与效率,公开发布,工业法人承担的现时义务合计,亿元,年主营业务收入2000万元及以上工业法人单位,月度（1月免报）,时点,存量,名义,期末,B_S01,正文年末；附注一5,原文说明按月全面调查、上年同期可比基数调整；本次核验2025全年及上年增速，不宣称已逐年下载。,月度（1月免报）,财务存量细分未在本页正文取得；年度样本进退、统计执法、去重导致两版原值不可直接算同比；企业类型交叉。,原文发布,,同口径、同报告期；缺失不填零。,F,F1；F2,债权性与经营性负债压力起点,资产、偿债现金流、期限结构,含经营应付；不是全部有息债务，不等于风险。,EG-规上工业财务,全国：已覆盖（规上工业法人合计）；省级：无稳定公开数据（）；地级：无稳定公开数据（）；行业：无稳定公开数据（）；企业类型：无稳定公开数据（）；居民群体：不适用（）；机构部门：无稳定公开数据（）,https://www.stats.gov.cn/sj/zxfb/202601/t20260127_1962382.html
B006,规上工业所有者权益合计,工业经营与效率,公开发布,资产扣除负债后的剩余权益,亿元,年主营业务收入2000万元及以上工业法人单位,月度（1月免报）,时点,存量,名义,期末,B_S01,正文年末；附注一6,原文说明按月全面调查、上年同期可比基数调整；本次核验2025全年及上年增速，不宣称已逐年下载。,月度（1月免报）,财务存量细分未在本页正文取得；年度样本进退、统计执法、去重导致两版原值不可直接算同比；企业类型交叉。,原文发布,,同口径、同报告期；缺失不填零。,D；F,F2；D1,账面损失缓冲,资产、负债、利润,不等于当年留存收益；不能从变动直接读投资资金来源。,EG-规上工业财务,全国：已覆盖（规上工业法人合计）；省级：无稳定公开数据（）；地级：无稳定公开数据（）；行业：无稳定公开数据（）；企业类型：无稳定公开数据（）；居民群体：不适用（）；机构部门：无稳定公开数据（）,https://www.stats.gov.cn/sj/zxfb/202601/t20260127_1962382.html
B007,规上工业应收账款,工业经营与效率,公开发布,按摊余成本计量的销售及服务等经营应收款,亿元,年主营业务收入2000万元及以上工业法人单位,月度（1月免报）,时点,存量,名义,期末,B_S01,正文年末；附注一7,原文说明按月全面调查、上年同期可比基数调整；本次核验2025全年及上年增速，不宣称已逐年下载。,月度（1月免报）,财务存量细分未在本页正文取得；年度样本进退、统计执法、去重导致两版原值不可直接算同比；企业类型交叉。,原文发布,,同口径、同报告期；缺失不填零。,D；F,F2；D1,收入到回款之间资金占用,营业收入、回收期、账龄,余额增加不自动代表逾期坏账。,EG-规上工业财务,全国：已覆盖（规上工业法人合计）；省级：无稳定公开数据（）；地级：无稳定公开数据（）；行业：无稳定公开数据（）；企业类型：无稳定公开数据（）；居民群体：不适用（）；机构部门：无稳定公开数据（）,https://www.stats.gov.cn/sj/zxfb/202601/t20260127_1962382.html
B008,规上工业产成品存货,工业经营与效率,公开发布,已完成生产验收入库或购入待售产成品商品,亿元,年主营业务收入2000万元及以上工业法人单位,月度（1月免报）,时点,存量,名义,期末,B_S01,正文年末；附注一8,原文说明按月全面调查、上年同期可比基数调整；本次核验2025全年及上年增速，不宣称已逐年下载。,月度（1月免报）,财务存量细分未在本页正文取得；年度样本进退、统计执法、去重导致两版原值不可直接算同比；企业类型交叉。,原文发布,,同口径、同报告期；缺失不填零。,D；K,K1；D1,已完工库存占款,产销率、周转天数、价格,不含全部原料/在产品；名义增加不能直接判主动补库。,EG-规上工业财务,全国：已覆盖（规上工业法人合计）；省级：无稳定公开数据（）；地级：无稳定公开数据（）；行业：无稳定公开数据（）；企业类型：无稳定公开数据（）；居民群体：不适用（）；机构部门：无稳定公开数据（）,https://www.stats.gov.cn/sj/zxfb/202601/t20260127_1962382.html
B009,规上工业营业收入利润率,工业经营与效率,公开发布,利润总额与同期营业收入之比,%,年主营业务收入2000万元及以上工业法人单位,月度（1月免报）,比率,比率,不适用,累计,B_S01,表2；附注一9,原文说明按月全面调查、上年同期可比基数调整；本次核验2025全年及上年增速，不宣称已逐年下载。,月度（1月免报）,财务存量细分未在本页正文取得；年度样本进退、统计执法、去重导致两版原值不可直接算同比；企业类型交叉。,原文发布,,同口径、同报告期；缺失不填零。,D；F；I；S,F2；I3；S4；D1,收入转换为税前盈利的比例,营业收入、费用、行业结构,不是净资产收益率或资本回报率；口径相同才可比。,EG-规上工业财务,全国：已覆盖（规上工业法人合计）；省级：无稳定公开数据（）；地级：无稳定公开数据（）；行业：部分覆盖（采矿业；制造业；电力、热力、燃气及水生产和供应业）；企业类型：部分覆盖（国有控股企业；股份制企业；外商及港澳台投资企业；私营企业）；居民群体：不适用（）；机构部门：无稳定公开数据（）,https://www.stats.gov.cn/sj/zxfb/202601/t20260127_1962382.html
B010,规上工业资产负债率,工业经营与效率,公开发布,期末负债合计与期末资产总计之比,%,年主营业务收入2000万元及以上工业法人单位,月度（1月免报）,比率,比率,不适用,期末,B_S01,表2；附注一14,原文说明按月全面调查、上年同期可比基数调整；本次核验2025全年及上年增速，不宣称已逐年下载。,月度（1月免报）,财务存量细分未在本页正文取得；年度样本进退、统计执法、去重导致两版原值不可直接算同比；企业类型交叉。,原文发布,,同口径、同报告期；缺失不填零。,F,F2,账面杠杆程度,盈利、周转、债务期限,比例低不能排除流动性风险；变化可能来自资产重估。,EG-规上工业财务,全国：已覆盖（规上工业法人合计）；省级：无稳定公开数据（）；地级：无稳定公开数据（）；行业：部分覆盖（采矿业；制造业；电力、热力、燃气及水生产和供应业）；企业类型：部分覆盖（国有控股企业；股份制企业；外商及港澳台投资企业；私营企业）；居民群体：不适用（）；机构部门：无稳定公开数据（）,https://www.stats.gov.cn/sj/zxfb/202601/t20260127_1962382.html
B011,规上工业应收账款平均回收期,工业经营与效率,公开发布,平均应收账款/营业收入×360×累计月数/12,天,年主营业务收入2000万元及以上工业法人单位,月度（1月免报）,比率,比率,不适用,累计,B_S01,表2；附注一16,原文说明按月全面调查、上年同期可比基数调整；本次核验2025全年及上年增速，不宣称已逐年下载。,月度（1月免报）,财务存量细分未在本页正文取得；年度样本进退、统计执法、去重导致两版原值不可直接算同比；企业类型交叉。,原文发布,,同口径、同报告期；缺失不填零。,F,F2,回款速度,应收账款、收入、账龄,平均余额不能换成期末余额；不等于平均合同期限。,EG-规上工业财务,全国：已覆盖（规上工业法人合计）；省级：无稳定公开数据（）；地级：无稳定公开数据（）；行业：部分覆盖（采矿业；制造业；电力、热力、燃气及水生产和供应业）；企业类型：部分覆盖（国有控股企业；股份制企业；外商及港澳台投资企业；私营企业）；居民群体：不适用（）；机构部门：无稳定公开数据（）,https://www.stats.gov.cn/sj/zxfb/202601/t20260127_1962382.html
B012,规上工业产成品存货周转天数,工业经营与效率,公开发布,平均产成品存货/营业成本×360×累计月数/12,天,年主营业务收入2000万元及以上工业法人单位,月度（1月免报）,比率,比率,不适用,累计,B_S01,表2；附注一15,原文说明按月全面调查、上年同期可比基数调整；本次核验2025全年及上年增速，不宣称已逐年下载。,月度（1月免报）,财务存量细分未在本页正文取得；年度样本进退、统计执法、去重导致两版原值不可直接算同比；企业类型交叉。,原文发布,,同口径、同报告期；缺失不填零。,D；K；S,K1；S4；D1,成品库存资金周转,销量、成本、价格,分母为营业成本；期末库存替代平均会扭曲。,EG-规上工业财务,全国：已覆盖（规上工业法人合计）；省级：无稳定公开数据（）；地级：无稳定公开数据（）；行业：部分覆盖（采矿业；制造业；电力、热力、燃气及水生产和供应业）；企业类型：部分覆盖（国有控股企业；股份制企业；外商及港澳台投资企业；私营企业）；居民群体：不适用（）；机构部门：无稳定公开数据（）,https://www.stats.gov.cn/sj/zxfb/202601/t20260127_1962382.html
B013,规上工业每百元资产实现营业收入,工业经营与效率,公开发布,营业收入/平均资产/累计月数×12×100,元/百元资产,年主营业务收入2000万元及以上工业法人单位,月度（1月免报）,比率,比率,不适用,累计,B_S01,表2；附注一12,原文说明按月全面调查、上年同期可比基数调整；本次核验2025全年及上年增速，不宣称已逐年下载。,月度（1月免报）,财务存量细分未在本页正文取得；年度样本进退、统计执法、去重导致两版原值不可直接算同比；企业类型交叉。,原文发布,,同口径、同报告期；缺失不填零。,G；S,G2；G4；S4,名义资产利用效率线索,资产结构、价格、利润率,不是TFP；分母平均账面资产，不能用期末资本存量替代。,EG-规上工业财务,全国：已覆盖（规上工业法人合计）；省级：无稳定公开数据（）；地级：无稳定公开数据（）；行业：部分覆盖（采矿业；制造业；电力、热力、燃气及水生产和供应业）；企业类型：部分覆盖（国有控股企业；股份制企业；外商及港澳台投资企业；私营企业）；居民群体：不适用（）；机构部门：无稳定公开数据（）,https://www.stats.gov.cn/sj/zxfb/202601/t20260127_1962382.html
B014,规上工业人均营业收入,工业经营与效率,公开发布,营业收入/平均用工人数/累计月数×12,万元/人,年主营业务收入2000万元及以上工业法人单位,月度（1月免报）,比率,比率,不适用,累计,B_S01,表2；附注一13,原文说明按月全面调查、上年同期可比基数调整；本次核验2025全年及上年增速，不宣称已逐年下载。,月度（1月免报）,财务存量细分未在本页正文取得；年度样本进退、统计执法、去重导致两版原值不可直接算同比；企业类型交叉。,原文发布,,同口径、同报告期；缺失不填零。,G,G2；G4,每名用工对应的名义销售收入,实际增加值、工时、外包比例,不是实际劳动生产率；价格、外包和产业结构均影响。,EG-规上工业财务,全国：已覆盖（规上工业法人合计）；省级：无稳定公开数据（）；地级：无稳定公开数据（）；行业：部分覆盖（采矿业；制造业；电力、热力、燃气及水生产和供应业）；企业类型：部分覆盖（国有控股企业；股份制企业；外商及港澳台投资企业；私营企业）；居民群体：不适用（）；机构部门：无稳定公开数据（）,https://www.stats.gov.cn/sj/zxfb/202601/t20260127_1962382.html
B015,固定资产投资（不含农户）,资本投入,公开发布,完成建造和购置固定资产的货币工作量及相关费用,亿元,500万元及以上固定资产项目及全部房地产开发项目,月度（1月免报）,期间,流量,名义,累计,B_S02,正文首段；附注1、2,附注给出按月调查及2024年12月以来环比修订表；本次并已访问2025年1—9月发布。,月度（1月免报）,FAI不是支出法资本形成；可比基数随经济普查、制度方法和执法修订；细类多数只公开增速。,原文发布,,同口径、同报告期；缺失不填零。,D；G；K；M；S,K2；K4；M3；M4；G2；G4；S1；S4；D1,观察投资建设投入,资本形成总额、设备投资、实物投产,不等于资本形成总额；不覆盖农户和全部小额项目。,EG-B_S02,全国：已覆盖（不含农户固定资产投资）；省级：部分覆盖（东部；中部；西部；东北；北京；天津；河北；山西；内蒙古；辽宁；吉林；黑龙江；上海；江苏；浙江；安徽；福建；江西；山东；河南；湖北；湖南；广东；广西；海南；重庆；四川；贵州；云南；西藏；陕西；甘肃；青海；宁夏；新疆）；地级：无稳定公开数据（）；行业：部分覆盖（制造业；采矿业；电力热力燃气水；交通运输仓储邮政；水利环境公共设施）；企业类型：部分覆盖（内资；港澳台投资；外商投资；国有控股；民间投资）；居民群体：不适用（）；机构部门：无稳定公开数据（）,https://www.stats.gov.cn/sj/zxfb/202601/t20260119_1962326.html
B016,设备工器具购置投资增速,资本投入,公开发布,固定资产投资构成中设备工器具购置的可比名义同比,%,全国、三次产业、部分行业、登记注册类型和四大区域；未提供31省逐省值。,月度（1月免报）,比率,比率,名义,累计,B_S02,主要数据表按构成分；附注7,附注给出按月调查及2024年12月以来环比修订表；本次并已访问2025年1—9月发布。,月度（1月免报）,FAI不是支出法资本形成；可比基数随经济普查、制度方法和执法修订；细类多数只公开增速。,原文发布,,同口径、同报告期；缺失不填零。,G；I；K；S,K4；G2；I2；S4,设备更新投入信号,技术改造、利用率、生产率,购买金额增速不是产能增速或效率提升；本页未给绝对数。,EG-B_S02,全国：已覆盖（全国设备工器具购置投资）；省级：无稳定公开数据（）；地级：无稳定公开数据（）；行业：无稳定公开数据（）；企业类型：无稳定公开数据（）；居民群体：不适用（）；机构部门：无稳定公开数据（）,https://www.stats.gov.cn/sj/zxfb/202601/t20260119_1962326.html
B017,房地产开发投资,房地产与土地,公开发布,含房屋、土地开发、公益建筑及土地购置费的开发投资,亿元,有开发经营活动的房地产开发经营法人单位,月度（1月除外）,期间,流量,名义,累计,B_S03,表1；附注1,明确按月全面调查；并核验2025年1—10及1—11月发布链接，支持持续机制。,月度（1月除外）,不含二手房成交全貌、全部存量空置、隐性停工；本轮未核验逐省及地级连续全覆盖。,原文发布,,同口径、同报告期；缺失不填零。,F；K；S,K2；F3；S4,开发建设投入,土地费用、施工、竣工、到位资金,含土地费用，不等于新增加值或住宅资本形成。,EG-B_S03,全国：已覆盖（房地产开发经营法人）；省级：部分覆盖（东部；中部；西部；东北）；地级：无稳定公开数据（）；行业：部分覆盖（住宅；办公楼；商业营业用房）；企业类型：无稳定公开数据（）；居民群体：不适用（）；机构部门：无稳定公开数据（）,https://www.stats.gov.cn/xxgk/sjfb/zxfb2020/202601/t20260119_1962324.html
B018,房屋新开工面积,房地产与土地,公开发布,本期首次正式开工单位工程整栋建筑面积,万平方米,有开发经营活动的房地产开发经营法人单位,月度（1月除外）,期间,流量,不适用,累计,B_S03,表1；附注1,明确按月全面调查；并核验2025年1—10及1—11月发布链接，支持持续机制。,月度（1月除外）,不含二手房成交全貌、全部存量空置、隐性停工；本轮未核验逐省及地级连续全覆盖。,原文发布,,同口径、同报告期；缺失不填零。,F,F3,新增建设项目量,销售、施工进度、资金,不含续建复工；开工不等于当期完成工作量。,EG-B_S03,全国：已覆盖（房地产开发经营法人）；省级：无稳定公开数据（）；地级：无稳定公开数据（）；行业：部分覆盖（住宅；办公楼；商业营业用房）；企业类型：无稳定公开数据（）；居民群体：不适用（）；机构部门：无稳定公开数据（）,https://www.stats.gov.cn/xxgk/sjfb/zxfb2020/202601/t20260119_1962324.html
B019,房屋竣工面积,房地产与土地,公开发布,达到竣工验收和移交使用条件的房屋面积,万平方米,有开发经营活动的房地产开发经营法人单位,月度（1月除外）,期间,流量,不适用,累计,B_S03,表1；附注1,明确按月全面调查；并核验2025年1—10及1—11月发布链接，支持持续机制。,月度（1月除外）,不含二手房成交全貌、全部存量空置、隐性停工；本轮未核验逐省及地级连续全覆盖。,原文发布,,同口径、同报告期；缺失不填零。,F,F3,建设完工验证,新开工、交付、待售,竣工不等于售出或现金回收。,EG-B_S03,全国：已覆盖（房地产开发经营法人）；省级：无稳定公开数据（）；地级：无稳定公开数据（）；行业：部分覆盖（住宅；办公楼；商业营业用房）；企业类型：无稳定公开数据（）；居民群体：不适用（）；机构部门：无稳定公开数据（）,https://www.stats.gov.cn/xxgk/sjfb/zxfb2020/202601/t20260119_1962324.html
B020,新建商品房销售面积,房地产与土地,公开发布,本期签署正式销售合同确认的房屋建筑面积,万平方米,有开发经营活动的房地产开发经营法人单位,月度（1月除外）,期间,流量,不适用,累计,B_S03,表1与表3；附注1,明确按月全面调查；并核验2025年1—10及1—11月发布链接，支持持续机制。,月度（1月除外）,不含二手房成交全貌、全部存量空置、隐性停工；本轮未核验逐省及地级连续全覆盖。,原文发布,,同口径、同报告期；缺失不填零。,F,F3,新房购买需求量,销售额、价格指数、二手交易,非全部住房交易；合同成交非入住。,EG-B_S03,全国：已覆盖（房地产开发经营法人）；省级：部分覆盖（东部；中部；西部；东北）；地级：无稳定公开数据（）；行业：部分覆盖（住宅；办公楼；商业营业用房）；企业类型：无稳定公开数据（）；居民群体：不适用（）；机构部门：无稳定公开数据（）,https://www.stats.gov.cn/xxgk/sjfb/zxfb2020/202601/t20260119_1962324.html
B021,新建商品房销售额,房地产与土地,公开发布,与销售面积同口径的合同总价款,亿元,有开发经营活动的房地产开发经营法人单位,月度（1月除外）,期间,流量,名义,累计,B_S03,表1与表3；附注1,明确按月全面调查；并核验2025年1—10及1—11月发布链接，支持持续机制。,月度（1月除外）,不含二手房成交全貌、全部存量空置、隐性停工；本轮未核验逐省及地级连续全覆盖。,原文发布,,同口径、同报告期；缺失不填零。,F,F3,合同交易规模,销售面积、到位资金、收款,销售额不是现金到账；单价受结构影响。,EG-B_S03,全国：已覆盖（房地产开发经营法人）；省级：部分覆盖（东部；中部；西部；东北）；地级：无稳定公开数据（）；行业：部分覆盖（住宅；办公楼；商业营业用房）；企业类型：无稳定公开数据（）；居民群体：不适用（）；机构部门：无稳定公开数据（）,https://www.stats.gov.cn/xxgk/sjfb/zxfb2020/202601/t20260119_1962324.html
B022,商品房待售面积,房地产与土地,公开发布,期末已竣工可销售出租但尚未销售出租房屋面积,万平方米,有开发经营活动的房地产开发经营法人单位,月度（1月除外）,时点,存量,不适用,期末,B_S03,表1；附注1,明确按月全面调查；并核验2025年1—10及1—11月发布链接，支持持续机制。,月度（1月除外）,不含二手房成交全貌、全部存量空置、隐性停工；本轮未核验逐省及地级连续全覆盖。,原文发布,,同口径、同报告期；缺失不填零。,F,F3,已竣工待售库存,销售面积、竣工、城市供需,不等于全部空置、预售未售或停工库存。,EG-B_S03,全国：已覆盖（房地产开发经营法人）；省级：无稳定公开数据（）；地级：无稳定公开数据（）；行业：部分覆盖（住宅；办公楼；商业营业用房）；企业类型：无稳定公开数据（）；居民群体：不适用（）；机构部门：无稳定公开数据（）,https://www.stats.gov.cn/xxgk/sjfb/zxfb2020/202601/t20260119_1962324.html
B023,房地产开发企业本年到位资金,房地产与土地,公开发布,本期实际用于房地产开发的各类货币资金,亿元,有开发经营活动的房地产开发经营法人单位,月度（1月除外）,期间,流量,名义,累计,B_S03,表1到位资金及五项来源；附注1,明确按月全面调查；并核验2025年1—10及1—11月发布链接，支持持续机制。,月度（1月除外）,不含二手房成交全貌、全部存量空置、隐性停工；本轮未核验逐省及地级连续全覆盖。,原文发布,,同口径、同报告期；缺失不填零。,F；K,K4；F2；F3；F4,开发资金可得性,销售回款、投资、债务到期,资金来源不能与收入或新增贷款等同，分类合计还含其他资金。,EG-B_S03,全国：已覆盖（房地产开发经营法人）；省级：无稳定公开数据（）；地级：无稳定公开数据（）；行业：无稳定公开数据（）；企业类型：无稳定公开数据（）；居民群体：不适用（）；机构部门：部分覆盖（国内贷款；利用外资；自筹资金；定金及预收款；个人按揭贷款）,https://www.stats.gov.cn/xxgk/sjfb/zxfb2020/202601/t20260119_1962324.html
B024,新建商品房平均合同单价,房地产与土地,透明派生,同报告期销售额除以销售面积，亿元/万平方米乘10000换算元/平方米,元/平方米,全国全部有开发经营活动的房地产法人；表1住宅、办公楼、商业营业用房；投资销售有四区域。,月度（1月除外）,期间,价格,名义,累计,B_S03,表1新建商品房销售额、销售面积,明确按月全面调查；并核验2025年1—10及1—11月发布链接，支持持续机制。,月度（1月除外）,不含二手房成交全貌、全部存量空置、隐性停工；本轮未核验逐省及地级连续全覆盖。,B021 / B020 × 10000,B021；B020,销售面积大于0；币种、时期、用途、地域相同。,F,F2；F3,解释销售额中量和单位价款变化,70城同质价格指数、城市和用途结构,此为成交构成均价，不是恒定质量房价指数。,EG-B_S03,全国：已覆盖（房地产开发经营法人）；省级：部分覆盖（东部；中部；西部；东北）；地级：无稳定公开数据（）；行业：部分覆盖（住宅；办公楼；商业营业用房）；企业类型：无稳定公开数据（）；居民群体：不适用（）；机构部门：无稳定公开数据（）,https://www.stats.gov.cn/xxgk/sjfb/zxfb2020/202601/t20260119_1962324.html
B025,一般公共预算收入,财政收支,公开发布,一般公共预算范围内税收及非税收入,亿元,全国、中央、地方合计；列税收/非税、功能支出和土地收入。,月度累计、年度,期间,流量,名义,累计,B_S04,一（一）,财政收支栏目具有月度发布序列；本页为全年执行快报，后续预算报告与决算会修订。,月度累计、年度,执行数非决算；全国收支差额不是官方赤字；基金收入不含债务筹資等收入总量项目；未核验31省。,原文发布,,同口径、同报告期；缺失不填零。,F；K,K4；F2,财政常规收入基础,税非税、中央地方、经济税基,不是全口径政府收入。,EG-B_S04,全国：已覆盖（全国汇总）；省级：无稳定公开数据（）；地级：无稳定公开数据（）；行业：无稳定公开数据（）；企业类型：无稳定公开数据（）；居民群体：不适用（）；机构部门：部分覆盖（中央；地方合计）,https://bgt.mof.gov.cn/zhuantilanmu/rdwyh/czszsj/202601/t20260130_3982923.htm
B026,一般公共预算支出,财政收支,公开发布,一般公共预算实际支出,亿元,全国、中央、地方合计；列税收/非税、功能支出和土地收入。,月度累计、年度,期间,流量,名义,累计,B_S04,一（二）,财政收支栏目具有月度发布序列；本页为全年执行快报，后续预算报告与决算会修订。,月度累计、年度,执行数非决算；全国收支差额不是官方赤字；基金收入不含债务筹資等收入总量项目；未核验31省。,原文发布,,同口径、同报告期；缺失不填零。,F；K；M；S,K4；M4；F2；F4；S2,公共支出强度与结构,收入、调入资金、功能支出,收入减支出不等于法定赤字。,EG-B_S04,全国：已覆盖（全国汇总）；省级：无稳定公开数据（）；地级：无稳定公开数据（）；行业：无稳定公开数据（）；企业类型：无稳定公开数据（）；居民群体：不适用（）；机构部门：部分覆盖（中央；地方合计）,https://bgt.mof.gov.cn/zhuantilanmu/rdwyh/czszsj/202601/t20260130_3982923.htm
B027,非税收入,财政收支,公开发布,一般公共预算中非税收收入,亿元,全国、中央、地方合计；列税收/非税、功能支出和土地收入。,月度累计、年度,期间,流量,名义,累计,B_S04,一（一）,财政收支栏目具有月度发布序列；本页为全年执行快报，后续预算报告与决算会修订。,月度累计、年度,执行数非决算；全国收支差额不是官方赤字；基金收入不含债务筹資等收入总量项目；未核验31省。,原文发布,,同口径、同报告期；缺失不填零。,F；K,K4；F2,收入结构与非经常来源线索,税收收入、资产处置、上缴收益,非税不全是一次性，需拆解来源。,EG-B_S04,全国：已覆盖（全国汇总）；省级：无稳定公开数据（）；地级：无稳定公开数据（）；行业：无稳定公开数据（）；企业类型：无稳定公开数据（）；居民群体：不适用（）；机构部门：部分覆盖（全国一般公共预算非税收入）,https://bgt.mof.gov.cn/zhuantilanmu/rdwyh/czszsj/202601/t20260130_3982923.htm
B028,国有土地使用权出让收入,财政收支,公开发布,地方政府性基金预算记录的土地使用权出让收入,亿元,全国、中央、地方合计；列税收/非税、功能支出和土地收入。,月度累计、年度,期间,流量,名义,累计,B_S04,二（一）其中项,财政收支栏目具有月度发布序列；本页为全年执行快报，后续预算报告与决算会修订。,月度累计、年度,执行数非决算；全国收支差额不是官方赤字；基金收入不含债务筹資等收入总量项目；未核验31省。,原文发布,,同口径、同报告期；缺失不填零。,F；K,K4；F2；F3；F4,土地相关财政现金来源,土地成本、基金支出、土地成交,不是土地净收益或全年签约总额。,EG-B_S04,全国：已覆盖（全国汇总）；省级：无稳定公开数据（）；地级：无稳定公开数据（）；行业：无稳定公开数据（）；企业类型：无稳定公开数据（）；居民群体：不适用（）；机构部门：部分覆盖（地方政府合计）,https://bgt.mof.gov.cn/zhuantilanmu/rdwyh/czszsj/202601/t20260130_3982923.htm
B029,政府性基金预算收入,财政收支,公开发布,政府性基金预算常规收入,亿元,全国、中央、地方合计；列税收/非税、功能支出和土地收入。,月度累计、年度,期间,流量,名义,累计,B_S04,二（一）,财政收支栏目具有月度发布序列；本页为全年执行快报，后续预算报告与决算会修订。,月度累计、年度,执行数非决算；全国收支差额不是官方赤字；基金收入不含债务筹資等收入总量项目；未核验31省。,原文发布,,同口径、同报告期；缺失不填零。,F；K,K4；F2,专项政府收入基础,土地收入、专项债及基金支出,基金收入不含收支总量中的债务筹资等。,EG-B_S04,全国：已覆盖（全国汇总）；省级：无稳定公开数据（）；地级：无稳定公开数据（）；行业：无稳定公开数据（）；企业类型：无稳定公开数据（）；居民群体：不适用（）；机构部门：部分覆盖（中央；地方合计）,https://bgt.mof.gov.cn/zhuantilanmu/rdwyh/czszsj/202601/t20260130_3982923.htm
B030,政府性基金预算支出,财政收支,公开发布,政府性基金预算按制度安排的实际支出,亿元,全国、中央、地方合计；列税收/非税、功能支出和土地收入。,月度累计、年度,期间,流量,名义,累计,B_S04,二（二）,财政收支栏目具有月度发布序列；本页为全年执行快报，后续预算报告与决算会修订。,月度累计、年度,执行数非决算；全国收支差额不是官方赤字；基金收入不含债务筹資等收入总量项目；未核验31省。,原文发布,,同口径、同报告期；缺失不填零。,F；K；M,K4；M4；F2,项目及专项支出力度,基金收入、专项债、结余,不能与一般预算机械相加后称政府消费。,EG-B_S04,全国：已覆盖（全国汇总）；省级：无稳定公开数据（）；地级：无稳定公开数据（）；行业：无稳定公开数据（）；企业类型：无稳定公开数据（）；居民群体：不适用（）；机构部门：部分覆盖（中央；地方合计）,https://bgt.mof.gov.cn/zhuantilanmu/rdwyh/czszsj/202601/t20260130_3982923.htm
B031,中央对地方一般公共预算转移支付,财政收支,公开发布,中央一般公共预算对地方转移支付决算，含一般性与专项转移支付,亿元,中央财政决算、全国地方债汇总；非31省财政决算全表。,年度,期间,流量,名义,全年,B_S08,一（一）支出决算段,2025中央决算对比同年执行数，明确6月最终核算阶段；年度人大常委会审查机制。,年度,中央决算报告不等于全国各预算完整决算库；地方债2025余额548231.96亿元区别3月548230.82亿元。,原文发布,,同口径、同报告期；缺失不填零。,F；K,K4；F2,区域财政支撑与再分配,地方本级收入、转移支出用途,非地方新增自有收入；中央与地方支出不能重复加总。,EG-B_S08,全国：已覆盖（中央对地方合计）；省级：无稳定公开数据（）；地级：无稳定公开数据（）；行业：无稳定公开数据（）；企业类型：无稳定公开数据（）；居民群体：不适用（）；机构部门：无稳定公开数据（）,https://www.mof.gov.cn/zhengwuxinxi/caizhengxinwen/202606/t20260629_3992419.htm
B032,国债余额,财政资产负债表,公开发布,中央财政国债期末余额，分内债外债,亿元,中央财政决算、全国地方债汇总；非31省财政决算全表。,年度,时点,存量,名义,年末,B_S08,一（一）国债发行还本及余额段,2025中央决算对比同年执行数，明确6月最终核算阶段；年度人大常委会审查机制。,年度,中央决算报告不等于全国各预算完整决算库；地方债2025余额548231.96亿元区别3月548230.82亿元。,原文发布,,同口径、同报告期；缺失不填零。,F；K,K4；F1；F2,中央债务规模起点,财政收入、付息、到期结构、币种,不是总公共债务或风险概率；与地方债范围分开。,EG-B_S08,全国：已覆盖（中央财政国债）；省级：无稳定公开数据（）；地级：无稳定公开数据（）；行业：无稳定公开数据（）；企业类型：无稳定公开数据（）；居民群体：不适用（）；机构部门：已覆盖（中央政府）,https://www.mof.gov.cn/zhengwuxinxi/caizhengxinwen/202606/t20260629_3992419.htm
B033,地方政府一般债务余额,财政资产负债表,公开发布,纳入法定管理的地方政府一般债务期末余额,亿元,中央财政决算、全国地方债汇总；非31省财政决算全表。,年度,时点,存量,名义,年末,B_S08,一（一）地方债余额段,2025中央决算对比同年执行数，明确6月最终核算阶段；年度人大常委会审查机制。,年度,中央决算报告不等于全国各预算完整决算库；地方债2025余额548231.96亿元区别3月548230.82亿元。,原文发布,,同口径、同报告期；缺失不填零。,F；K,K4；F1；F2,地方政府法定债务结构,财力、偿债预算、收入资产、期限,含已置换隐债；不是所有城投债务，不能直接判风险。,EG-B_S08,全国：已覆盖（地方一般债务汇总）；省级：无稳定公开数据（）；地级：无稳定公开数据（）；行业：无稳定公开数据（）；企业类型：无稳定公开数据（）；居民群体：不适用（）；机构部门：无稳定公开数据（）,https://www.mof.gov.cn/zhengwuxinxi/caizhengxinwen/202606/t20260629_3992419.htm
B034,地方政府专项债务余额,财政资产负债表,公开发布,纳入法定管理的地方政府专项债务期末余额,亿元,中央财政决算、全国地方债汇总；非31省财政决算全表。,年度,时点,存量,名义,年末,B_S08,一（一）地方债余额段,2025中央决算对比同年执行数，明确6月最终核算阶段；年度人大常委会审查机制。,年度,中央决算报告不等于全国各预算完整决算库；地方债2025余额548231.96亿元区别3月548230.82亿元。,原文发布,,同口径、同报告期；缺失不填零。,F；K,K4；F1；F2,地方政府法定债务结构,财力、偿债预算、收入资产、期限,含已置换隐债；不是所有城投债务，不能直接判风险。,EG-B_S08,全国：已覆盖（地方专项债务汇总）；省级：无稳定公开数据（）；地级：无稳定公开数据（）；行业：无稳定公开数据（）；企业类型：无稳定公开数据（）；居民群体：不适用（）；机构部门：无稳定公开数据（）,https://www.mof.gov.cn/zhengwuxinxi/caizhengxinwen/202606/t20260629_3992419.htm
B035,新增地方政府债券发行额,债务发行与偿付,公开发布,按新增债券类型发行的金额，分一般与专项,亿元,全国及一般/专项；省级细分另见同页附表B_S06。,月度,期间,流量,名义,累计,B_S05,一（二）及附表2,核验2025年12月及2026年6月发布搜索结果，原页提供累计与当月；持续月报机制。,月度,债券和债务范围有非债券形式差别；再融资不等于新增支出；余额可能受统计更新及置换影响。,原文发布,,同口径、同报告期；缺失不填零。,F；K；M,K4；M3；F1；F2,新增预算筹資来源,债务余额、期限、财力、资金用途,新增债券不等于所有新增投资，不同于债务余额净增。,EG-B_S05,全国：已覆盖（地方政府债券全国）；省级：已覆盖（北京；天津；河北；山西；内蒙古；辽宁；吉林；黑龙江；上海；江苏；浙江；安徽；福建；江西；山东；河南；湖北；湖南；广东；广西；海南；重庆；四川；贵州；云南；西藏；陕西；甘肃；青海；宁夏；新疆）；地级：部分覆盖（大连；宁波；厦门；青岛；深圳）；行业：无稳定公开数据（）；企业类型：无稳定公开数据（）；居民群体：不适用（）；机构部门：无稳定公开数据（）,https://zwgls.mof.gov.cn/tjsj/202601/t20260130_3983021.htm
B036,再融资地方政府债券发行额,债务发行与偿付,公开发布,按再融资债券类型发行的金额，分一般与专项,亿元,全国及一般/专项；省级细分另见同页附表B_S06。,月度,期间,流量,名义,累计,B_S05,一（二）及附表2,核验2025年12月及2026年6月发布搜索结果，原页提供累计与当月；持续月报机制。,月度,债券和债务范围有非债券形式差别；再融资不等于新增支出；余额可能受统计更新及置换影响。,原文发布,,同口径、同报告期；缺失不填零。,F；K；M,K4；M3；F1；F2,再融资与期限置换活动,债务余额、期限、财力、资金用途,不全用于偿还当年到期本金；不能当投资支出。,EG-B_S05,全国：已覆盖（地方政府债券全国）；省级：已覆盖（北京；天津；河北；山西；内蒙古；辽宁；吉林；黑龙江；上海；江苏；浙江；安徽；福建；江西；山东；河南；湖北；湖南；广东；广西；海南；重庆；四川；贵州；云南；西藏；陕西；甘肃；青海；宁夏；新疆）；地级：部分覆盖（大连；宁波；厦门；青岛；深圳）；行业：无稳定公开数据（）；企业类型：无稳定公开数据（）；居民群体：不适用（）；机构部门：无稳定公开数据（）,https://zwgls.mof.gov.cn/tjsj/202601/t20260130_3983021.htm
B037,地方政府债券到期偿还本金,债务发行与偿付,公开发布,报告期到期地方政府债券偿还本金总额,亿元,全国及一般/专项；省级细分另见同页附表B_S06。,月度,期间,流量,名义,累计,B_S05,一（三）及附表3,核验2025年12月及2026年6月发布搜索结果，原页提供累计与当月；持续月报机制。,月度,债券和债务范围有非债券形式差别；再融资不等于新增支出；余额可能受统计更新及置换影响。,原文发布,,同口径、同报告期；缺失不填零。,F；K,K4；F2,到期周转需求,债务余额、期限、财力、资金用途,含再融资偿还，不等于财政资金净负担。,EG-B_S05,全国：已覆盖（地方政府债券全国）；省级：已覆盖（北京；天津；河北；山西；内蒙古；辽宁；吉林；黑龙江；上海；江苏；浙江；安徽；福建；江西；山东；河南；湖北；湖南；广东；广西；海南；重庆；四川；贵州；云南；西藏；陕西；甘肃；青海；宁夏；新疆）；地级：部分覆盖（大连；宁波；厦门；青岛；深圳）；行业：无稳定公开数据（）；企业类型：无稳定公开数据（）；居民群体：不适用（）；机构部门：无稳定公开数据（）,https://zwgls.mof.gov.cn/tjsj/202601/t20260130_3983021.htm
B038,地方政府债券支付利息,债务发行与偿付,公开发布,按债券起息日口径统计的地方债券利息支付,亿元,全国及一般/专项；省级细分另见同页附表B_S06。,月度,期间,流量,名义,累计,B_S05,一（三）及附表3,核验2025年12月及2026年6月发布搜索结果，原页提供累计与当月；持续月报机制。,月度,债券和债务范围有非债券形式差别；再融资不等于新增支出；余额可能受统计更新及置换影响。,原文发布,,同口径、同报告期；缺失不填零。,F；K,K4；F2；F4,债券利息支出流量,债务余额、期限、财力、资金用途,不同于全部地方政府利息及一般预算债务付息功能科目。,EG-B_S05,全国：已覆盖（地方政府债券全国）；省级：已覆盖（北京；天津；河北；山西；内蒙古；辽宁；吉林；黑龙江；上海；江苏；浙江；安徽；福建；江西；山东；河南；湖北；湖南；广东；广西；海南；重庆；四川；贵州；云南；西藏；陕西；甘肃；青海；宁夏；新疆）；地级：部分覆盖（大连；宁波；厦门；青岛；深圳）；行业：无稳定公开数据（）；企业类型：无稳定公开数据（）；居民群体：不适用（）；机构部门：无稳定公开数据（）,https://zwgls.mof.gov.cn/tjsj/202601/t20260130_3983021.htm
B039,商业银行不良贷款余额,银行稳健性,公开发布,五级分类中次级、可疑及损失贷款余额合计,亿元,商业银行法人口径；资本指标不含外国银行分行，LCR/NSFR受规模门槛限制,季度,时点,存量,名义,期末,B_S09,原始xls第8行，B—E列季度；定义另参B_S11—14,本附件实际含2025四季数据；年度页面滚动更新，必须保存抓取日和文件指纹。,季度,web访问正文/附件未成功解析；已用官方公开API定位并以HTTP读取原始xls，xlrd核验单元格。证据为选行提取非完整原件归档。,原文发布,,同季度、同机构边界；百分数单元格为比例值需乘100；展示依官方格式舍入。,F,F4,识别已确认信用风险规模,处置核销、不良生成、贷款分母,存量下降可因核销和转让，不证明新风险下降。,EG-银行监管,全国：已覆盖（商业银行法人口径合计）；省级：无稳定公开数据（）；地级：无稳定公开数据（）；行业：无稳定公开数据（）；企业类型：无稳定公开数据（）；居民群体：不适用（）；机构部门：部分覆盖（大型商业银行；股份制商业银行；城市商业银行；民营银行；农村商业银行；外资银行）,https://www.nfra.gov.cn/cn/view/pages/ItemDetail.html?docId=1208453&itemId=954&generaltype=0
B040,商业银行不良贷款率,银行稳健性,公开发布,不良贷款余额/各项贷款余额,%,商业银行法人口径；资本指标不含外国银行分行，LCR/NSFR受规模门槛限制,季度,比率,比率,不适用,期末,B_S09,原始xls第14行，B—E列季度；定义另参B_S11—14,本附件实际含2025四季数据；年度页面滚动更新，必须保存抓取日和文件指纹。,季度,web访问正文/附件未成功解析；已用官方公开API定位并以HTTP读取原始xls，xlrd核验单元格。证据为选行提取非完整原件归档。,原文发布,,同季度、同机构边界；百分数单元格为比例值需乘100；展示依官方格式舍入。,F,F4,确认不良占贷款比重,不良余额、贷款增长、逾期,快速扩贷可稀释比率；不涵盖未确认损失。,EG-银行监管,全国：已覆盖（商业银行法人口径合计）；省级：无稳定公开数据（）；地级：无稳定公开数据（）；行业：无稳定公开数据（）；企业类型：无稳定公开数据（）；居民群体：不适用（）；机构部门：部分覆盖（大型商业银行；股份制商业银行；城市商业银行；民营银行；农村商业银行；外资银行）,https://www.nfra.gov.cn/cn/view/pages/ItemDetail.html?docId=1208453&itemId=954&generaltype=0
B041,商业银行关注类贷款余额,银行稳健性,公开发布,目前能偿还但存在不利因素的关注类贷款余额,亿元,商业银行法人口径；资本指标不含外国银行分行，LCR/NSFR受规模门槛限制,季度,时点,存量,名义,期末,B_S09,原始xls第7行，B—E列季度；定义另参B_S11—14,本附件实际含2025四季数据；年度页面滚动更新，必须保存抓取日和文件指纹。,季度,web访问正文/附件未成功解析；已用官方公开API定位并以HTTP读取原始xls，xlrd核验单元格。证据为选行提取非完整原件归档。,原文发布,,同季度、同机构边界；百分数单元格为比例值需乘100；展示依官方格式舍入。,F,F4,信用风险前端信号,不良迁徙、逾期、展期,关注不等于不良，不能重复计入不良。,EG-银行监管,全国：已覆盖（商业银行法人口径合计）；省级：无稳定公开数据（）；地级：无稳定公开数据（）；行业：无稳定公开数据（）；企业类型：无稳定公开数据（）；居民群体：不适用（）；机构部门：部分覆盖（商业银行合计）,https://www.nfra.gov.cn/cn/view/pages/ItemDetail.html?docId=1208453&itemId=954&generaltype=0
B042,商业银行贷款损失准备,银行稳健性,公开发布,为贷款信用损失计提的准备余额,亿元,商业银行法人口径；资本指标不含外国银行分行，LCR/NSFR受规模门槛限制,季度,时点,存量,名义,期末,B_S09,原始xls第18行，B—E列季度；定义另参B_S11—14,本附件实际含2025四季数据；年度页面滚动更新，必须保存抓取日和文件指纹。,季度,web访问正文/附件未成功解析；已用官方公开API定位并以HTTP读取原始xls，xlrd核验单元格。证据为选行提取非完整原件归档。,原文发布,,同季度、同机构边界；百分数单元格为比例值需乘100；展示依官方格式舍入。,F,F4,贷款损失吸收储备,不良余额、计提、核销,不是现金储备；与一般准备区分。,EG-银行监管,全国：已覆盖（商业银行法人口径合计）；省级：无稳定公开数据（）；地级：无稳定公开数据（）；行业：无稳定公开数据（）；企业类型：无稳定公开数据（）；居民群体：不适用（）；机构部门：部分覆盖（商业银行合计）,https://www.nfra.gov.cn/cn/view/pages/ItemDetail.html?docId=1208453&itemId=954&generaltype=0
B043,商业银行拨备覆盖率,银行稳健性,公开发布,贷款损失准备/不良贷款余额,%,商业银行法人口径；资本指标不含外国银行分行，LCR/NSFR受规模门槛限制,季度,比率,比率,不适用,期末,B_S09,原始xls第19行，B—E列季度；定义另参B_S11—14,本附件实际含2025四季数据；年度页面滚动更新，必须保存抓取日和文件指纹。,季度,web访问正文/附件未成功解析；已用官方公开API定位并以HTTP读取原始xls，xlrd核验单元格。证据为选行提取非完整原件归档。,原文发布,,同季度、同机构边界；百分数单元格为比例值需乘100；展示依官方格式舍入。,F,F4,确认不良对应拨备比率,不良认定、拨备计提、资本,高比例也可能由低估不良分母造成。,EG-银行监管,全国：已覆盖（商业银行法人口径合计）；省级：无稳定公开数据（）；地级：无稳定公开数据（）；行业：无稳定公开数据（）；企业类型：无稳定公开数据（）；居民群体：不适用（）；机构部门：部分覆盖（大型商业银行；股份制商业银行；城市商业银行；民营银行；农村商业银行；外资银行）,https://www.nfra.gov.cn/cn/view/pages/ItemDetail.html?docId=1208453&itemId=954&generaltype=0
B044,商业银行资本净额,银行稳健性,公开发布,资本监管规定认可并扣除相关项目后的合规资本,亿元,商业银行法人口径；资本指标不含外国银行分行，LCR/NSFR受规模门槛限制,季度,时点,存量,名义,期末,B_S09,原始xls第37行，B—E列季度；定义另参B_S11—14,本附件实际含2025四季数据；年度页面滚动更新，必须保存抓取日和文件指纹。,季度,web访问正文/附件未成功解析；已用官方公开API定位并以HTTP读取原始xls，xlrd核验单元格。证据为选行提取非完整原件归档。,原文发布,,同季度、同机构边界；百分数单元格为比例值需乘100；展示依官方格式舍入。,F,F4,合规资本缓冲规模,风险加权资产、损失、补充资本,非会计所有者权益；监管扣除和构成重要。,EG-银行监管,全国：已覆盖（商业银行法人口径合计）；省级：无稳定公开数据（）；地级：无稳定公开数据（）；行业：无稳定公开数据（）；企业类型：无稳定公开数据（）；居民群体：不适用（）；机构部门：部分覆盖（商业银行合计）,https://www.nfra.gov.cn/cn/view/pages/ItemDetail.html?docId=1208453&itemId=954&generaltype=0
B045,商业银行风险加权资产合计,银行稳健性,公开发布,应用资本底线后的风险加权资产,亿元,商业银行法人口径；资本指标不含外国银行分行，LCR/NSFR受规模门槛限制,季度,时点,存量,名义,期末,B_S09,原始xls第41行，B—E列季度；定义另参B_S11—14,本附件实际含2025四季数据；年度页面滚动更新，必须保存抓取日和文件指纹。,季度,web访问正文/附件未成功解析；已用官方公开API定位并以HTTP读取原始xls，xlrd核验单元格。证据为选行提取非完整原件归档。,原文发布,,同季度、同机构边界；百分数单元格为比例值需乘100；展示依官方格式舍入。,F,F4,资本充足率的风险暴露分母,总资产、资产结构、风险权重,不是总资产；权重变化可影响资本率。,EG-银行监管,全国：已覆盖（商业银行法人口径合计）；省级：无稳定公开数据（）；地级：无稳定公开数据（）；行业：无稳定公开数据（）；企业类型：无稳定公开数据（）；居民群体：不适用（）；机构部门：部分覆盖（商业银行合计）,https://www.nfra.gov.cn/cn/view/pages/ItemDetail.html?docId=1208453&itemId=954&generaltype=0
B046,商业银行资本充足率,银行稳健性,公开发布,合规资本净额/风险加权资产,%,商业银行法人口径；资本指标不含外国银行分行，LCR/NSFR受规模门槛限制,季度,比率,比率,不适用,期末,B_S09,原始xls第44行，B—E列季度；定义另参B_S11—14,本附件实际含2025四季数据；年度页面滚动更新，必须保存抓取日和文件指纹。,季度,web访问正文/附件未成功解析；已用官方公开API定位并以HTTP读取原始xls，xlrd核验单元格。证据为选行提取非完整原件归档。,原文发布,,同季度、同机构边界；百分数单元格为比例值需乘100；展示依官方格式舍入。,F,F4,风险暴露对应资本厚度,资本净额、风险加权资产、资产质量,2024新资本办法前后不直接可比。,EG-银行监管,全国：已覆盖（商业银行法人口径合计）；省级：无稳定公开数据（）；地级：无稳定公开数据（）；行业：无稳定公开数据（）；企业类型：无稳定公开数据（）；居民群体：不适用（）；机构部门：部分覆盖（大型商业银行；股份制商业银行；城市商业银行；民营银行；农村商业银行；外资银行）,https://www.nfra.gov.cn/cn/view/pages/ItemDetail.html?docId=1208453&itemId=954&generaltype=0
B047,商业银行核心一级资本充足率,银行稳健性,公开发布,核心一级资本净额/风险加权资产,%,商业银行法人口径；资本指标不含外国银行分行，LCR/NSFR受规模门槛限制,季度,比率,比率,不适用,期末,B_S09,原始xls第42行，B—E列季度；定义另参B_S11—14,本附件实际含2025四季数据；年度页面滚动更新，必须保存抓取日和文件指纹。,季度,web访问正文/附件未成功解析；已用官方公开API定位并以HTTP读取原始xls，xlrd核验单元格。证据为选行提取非完整原件归档。,原文发布,,同季度、同机构边界；百分数单元格为比例值需乘100；展示依官方格式舍入。,F,F4,高质量资本缓冲,资本净额、损失、盈利留存,不能仅据总量认定全部银行充足。,EG-银行监管,全国：已覆盖（商业银行法人口径合计）；省级：无稳定公开数据（）；地级：无稳定公开数据（）；行业：无稳定公开数据（）；企业类型：无稳定公开数据（）；居民群体：不适用（）；机构部门：部分覆盖（商业银行合计）,https://www.nfra.gov.cn/cn/view/pages/ItemDetail.html?docId=1208453&itemId=954&generaltype=0
B048,商业银行流动性覆盖率,银行稳健性,公开发布,合格优质流动性资产/未来30天压力情景净现金流出,%,商业银行法人口径；资本指标不含外国银行分行，LCR/NSFR受规模门槛限制,季度,比率,比率,不适用,期末,B_S09,原始xls第25行，B—E列季度；定义另参B_S11—14,本附件实际含2025四季数据；年度页面滚动更新，必须保存抓取日和文件指纹。,季度,web访问正文/附件未成功解析；已用官方公开API定位并以HTTP读取原始xls，xlrd核验单元格。证据为选行提取非完整原件归档。,原文发布,,同季度、同机构边界；百分数单元格为比例值需乘100；展示依官方格式舍入。,F,F4,短期压力流动性缓冲,稳定资金、存款集中度、期限缺口,仅2000亿元以上银行汇总；分子分母原值未公开于该表。,EG-银行监管,全国：部分覆盖（资产规模2000亿元以上商业银行）；省级：无稳定公开数据（）；地级：无稳定公开数据（）；行业：无稳定公开数据（）；企业类型：无稳定公开数据（）；居民群体：不适用（）；机构部门：部分覆盖（商业银行合计）,https://www.nfra.gov.cn/cn/view/pages/ItemDetail.html?docId=1208453&itemId=954&generaltype=0
B049,商业银行净稳定资金比例,银行稳健性,公开发布,可用稳定资金/所需稳定资金,%,商业银行法人口径；资本指标不含外国银行分行，LCR/NSFR受规模门槛限制,季度,比率,比率,不适用,期末,B_S09,原始xls第26行，B—E列季度；定义另参B_S11—14,本附件实际含2025四季数据；年度页面滚动更新，必须保存抓取日和文件指纹。,季度,web访问正文/附件未成功解析；已用官方公开API定位并以HTTP读取原始xls，xlrd核验单元格。证据为选行提取非完整原件归档。,原文发布,,同季度、同机构边界；百分数单元格为比例值需乘100；展示依官方格式舍入。,F,F4,较长期稳定融资覆盖,LCR、长期资产、负债期限,不是存贷比；仅规模门槛内银行。,EG-银行监管,全国：部分覆盖（资产规模2000亿元以上商业银行）；省级：无稳定公开数据（）；地级：无稳定公开数据（）；行业：无稳定公开数据（）；企业类型：无稳定公开数据（）；居民群体：不适用（）；机构部门：部分覆盖（商业银行合计）,https://www.nfra.gov.cn/cn/view/pages/ItemDetail.html?docId=1208453&itemId=954&generaltype=0
B050,商业银行净利润,银行稳健性,公开发布,商业银行报告期累计税后利润,亿元,商业银行法人口径；资本指标不含外国银行分行，LCR/NSFR受规模门槛限制,季度,期间,流量,名义,累计,B_S09,原始xls第28行，B—E列季度；定义另参B_S11—14,本附件实际含2025四季数据；年度页面滚动更新，必须保存抓取日和文件指纹。,季度,web访问正文/附件未成功解析；已用官方公开API定位并以HTTP读取原始xls，xlrd核验单元格。证据为选行提取非完整原件归档。,原文发布,,同季度、同机构边界；百分数单元格为比例值需乘100；展示依官方格式舍入。,F,F4,内生资本补充能力线索,分红、拨备、资本、收入结构,净利润不全留存；不能等同全国金融部门增加值。,EG-银行监管,全国：已覆盖（商业银行法人口径合计）；省级：无稳定公开数据（）；地级：无稳定公开数据（）；行业：无稳定公开数据（）；企业类型：无稳定公开数据（）；居民群体：不适用（）；机构部门：部分覆盖（大型商业银行；股份制商业银行；城市商业银行；民营银行；农村商业银行；外资银行）,https://www.nfra.gov.cn/cn/view/pages/ItemDetail.html?docId=1208453&itemId=954&generaltype=0
B051,海关口径货物出口额,货物贸易,公开发布,实际出境并减少境内物质存量的货物出口金额，原则为离岸价,亿元,全国；主要商品和伙伴、部分企业性质/贸易方式。,月度（海关）；年度公报已核验,期间,流量,名义,全年,B_S19,七、对外经济；表10—13；海关统计条例4—13条,公报图示近年序列；2025月报原值对比公报有小额修订，不混用。,年度,不将商品分类等同国民经济行业；伙伴不是省份；2025出口1月发布269892亿元、公报269890亿元。,原文发布,,同口径、同报告期；缺失不填零。,K；S,K2；S3,境外市场销售需求,贸易数量价格、伙伴结构、国际收支,不等同国际收支货物交易；名义金额含价格汇率；不能代替净出口GDP贡献。,EG-B_S19,全国：已覆盖（货物贸易全国）；省级：无稳定公开数据（）；地级：无稳定公开数据（）；行业：部分覆盖（机电产品；高新技术产品；钢材；集成电路；手机）；企业类型：部分覆盖（民营企业）；居民群体：不适用（）；机构部门：无稳定公开数据（）,https://www.stats.gov.cn/sj/zxfb/202602/t20260228_1962662.html
B052,海关口径货物进口额,货物贸易,公开发布,实际入境并增加境内物质存量的货物进口金额，原则为到岸价,亿元,全国；主要商品和伙伴、部分企业性质/贸易方式。,月度（海关）；年度公报已核验,期间,流量,名义,全年,B_S19,七、对外经济；表10—13；海关统计条例4—13条,公报图示近年序列；2025月报原值对比公报有小额修订，不混用。,年度,不将商品分类等同国民经济行业；伙伴不是省份；2025出口1月发布269892亿元、公报269890亿元。,原文发布,,同口径、同报告期；缺失不填零。,K；S,K2；S3,国内进口需求和投入供给,贸易数量价格、伙伴结构、国际收支,不等同国际收支货物交易；名义金额含价格汇率；不能代替净出口GDP贡献。,EG-B_S19,全国：已覆盖（货物贸易全国）；省级：无稳定公开数据（）；地级：无稳定公开数据（）；行业：部分覆盖（机电产品；高新技术产品；钢材；集成电路）；企业类型：无稳定公开数据（）；居民群体：不适用（）；机构部门：无稳定公开数据（）,https://www.stats.gov.cn/sj/zxfb/202602/t20260228_1962662.html
B053,经常账户差额,对外交易,公开发布,货物、服务、初次收入、二次收入差额之和,亿美元,全国居民与非居民交易；概览功能账户，本页不提供31省及行业。,季度、年度,期间,流量,名义,全年,B_S15,2025全年概览表第1行；脚注1—8,本次修订2019年以来各季，声明最新以统计数据栏目为准；2025年新增收益、部门和期限细项。,季度、年度,金融账户符号不能按旧版反转；直接投资负债净流量与商务部实际使用外资不同；不由差额推断资本外逃。,原文发布,,同口径、同报告期；缺失不填零。,D；F,F1；D4,居民与非居民经常交易净额,储蓄投资、分项、金融账户,顺差不等于汇率必然升值或全部出口收益留在国内。,EG-B_S15,全国：已覆盖（中国居民与非居民交易）；省级：无稳定公开数据（）；地级：无稳定公开数据（）；行业：无稳定公开数据（）；企业类型：无稳定公开数据（）；居民群体：不适用（）；机构部门：部分覆盖（居民合计）,https://www.safe.gov.cn/safe/2026/0327/27297.html
B054,国际收支货物差额,对外交易,公开发布,BPM6货物贷方与借方净额，按经济所有权等口径调整,亿美元,全国居民与非居民交易；概览功能账户，本页不提供31省及行业。,季度、年度,期间,流量,名义,全年,B_S15,2025全年概览表第7行；脚注1—8,本次修订2019年以来各季，声明最新以统计数据栏目为准；2025年新增收益、部门和期限细项。,季度、年度,金融账户符号不能按旧版反转；直接投资负债净流量与商务部实际使用外资不同；不由差额推断资本外逃。,原文发布,,同口径、同报告期；缺失不填零。,D；F；K,K2；F1；D4,货物交易净流入,海关口径、转口与加工、服务,不直接用海关顺差替代；居民和所有权边界不同。,EG-B_S15,全国：已覆盖（中国居民与非居民交易）；省级：无稳定公开数据（）；地级：无稳定公开数据（）；行业：无稳定公开数据（）；企业类型：无稳定公开数据（）；居民群体：不适用（）；机构部门：部分覆盖（居民合计）,https://www.safe.gov.cn/safe/2026/0327/27297.html
B055,国际收支服务差额,对外交易,公开发布,BPM6服务交易贷借方净额,亿美元,全国居民与非居民交易；概览功能账户，本页不提供31省及行业。,季度、年度,期间,流量,名义,全年,B_S15,2025全年概览表第10行；脚注1—8,本次修订2019年以来各季，声明最新以统计数据栏目为准；2025年新增收益、部门和期限细项。,季度、年度,金融账户符号不能按旧版反转；直接投资负债净流量与商务部实际使用外资不同；不由差额推断资本外逃。,原文发布,,同口径、同报告期；缺失不填零。,D；F；K,K2；F1；D4,服务贸易净需求,运输、旅行、知识产权服务,与商务部服务贸易披露口径不同；不能混合拼表。,EG-B_S15,全国：已覆盖（中国居民与非居民交易）；省级：无稳定公开数据（）；地级：无稳定公开数据（）；行业：无稳定公开数据（）；企业类型：无稳定公开数据（）；居民群体：不适用（）；机构部门：部分覆盖（居民合计）,https://www.safe.gov.cn/safe/2026/0327/27297.html
B056,初次收入差额,对外交易,公开发布,雇员报酬、投资收益等初次收入贷借净额,亿美元,全国居民与非居民交易；概览功能账户，本页不提供31省及行业。,季度、年度,期间,流量,名义,全年,B_S15,2025全年概览表第13行；脚注1—8,本次修订2019年以来各季，声明最新以统计数据栏目为准；2025年新增收益、部门和期限细项。,季度、年度,金融账户符号不能按旧版反转；直接投资负债净流量与商务部实际使用外资不同；不由差额推断资本外逃。,原文发布,,同口径、同报告期；缺失不填零。,D；F,F1；D4,对外收入分配净额,外部资产负债、投资收益,资产多不必收益多；不能把全部差额解释为利润外流。,EG-B_S15,全国：已覆盖（中国居民与非居民交易）；省级：无稳定公开数据（）；地级：无稳定公开数据（）；行业：无稳定公开数据（）；企业类型：无稳定公开数据（）；居民群体：不适用（）；机构部门：部分覆盖（居民合计）,https://www.safe.gov.cn/safe/2026/0327/27297.html
B057,直接投资负债交易净额,对外交易,公开发布,直接投资负债本期净增加，含股权、收益再投资和债务工具等,亿美元,全国居民与非居民交易；概览功能账户，本页不提供31省及行业。,季度、年度,期间,流量,名义,全年,B_S15,2025全年概览表第29行；脚注1—8,本次修订2019年以来各季，声明最新以统计数据栏目为准；2025年新增收益、部门和期限细项。,季度、年度,金融账户符号不能按旧版反转；直接投资负债净流量与商务部实际使用外资不同；不由差额推断资本外逃。,原文发布,,同口径、同报告期；缺失不填零。,F,F1,对内直接投资的跨境交易流量,资本金新增、商务部FDI、IIP,不是新设项目毛流入；负值也不等于所有外资撤离。,EG-B_S15,全国：已覆盖（中国居民与非居民交易）；省级：无稳定公开数据（）；地级：无稳定公开数据（）；行业：无稳定公开数据（）；企业类型：无稳定公开数据（）；居民群体：不适用（）；机构部门：部分覆盖（居民合计）,https://www.safe.gov.cn/safe/2026/0327/27297.html
B058,证券投资负债交易净额,对外交易,公开发布,居民对非居民证券投资负债本期净增加,亿美元,全国居民与非居民交易；概览功能账户，本页不提供31省及行业。,季度、年度,期间,流量,名义,全年,B_S15,2025全年概览表第32行；脚注1—8,本次修订2019年以来各季，声明最新以统计数据栏目为准；2025年新增收益、部门和期限细项。,季度、年度,金融账户符号不能按旧版反转；直接投资负债净流量与商务部实际使用外资不同；不由差额推断资本外逃。,原文发布,,同口径、同报告期；缺失不填零。,F,F1,跨境证券融资流量,股票债券细项、估值、汇率,不包括持仓价格变动；差额不能定位所有投资者行为。,EG-B_S15,全国：已覆盖（中国居民与非居民交易）；省级：无稳定公开数据（）；地级：无稳定公开数据（）；行业：无稳定公开数据（）；企业类型：无稳定公开数据（）；居民群体：不适用（）；机构部门：部分覆盖（居民合计）,https://www.safe.gov.cn/safe/2026/0327/27297.html
B059,对外金融资产,对外资产负债表,公开发布,居民持有非居民金融资产及储备资产的期末头寸,亿美元,全国；直接投资分金融和非金融部门，其他投资按工具。,季度,时点,存量,名义,期末,B_S16,行2资产,本次修订2024年以来各季；2025年末新增部门与期限数据。,季度,包含股权的对外负债不是外债；头寸变动含汇率价格等估值不能当资本流量；净资产不代表所有部门流动性充足。,原文发布,,同口径、同报告期；缺失不填零。,F,F1,外部资产负债规模结构,交易流量、价格汇率估值、收益、期限,对外负债含股权不是外债；头寸差额不能等同当期资金流动。,EG-B_S16,全国：已覆盖（中国对外金融头寸）；省级：无稳定公开数据（）；地级：无稳定公开数据（）；行业：无稳定公开数据（）；企业类型：无稳定公开数据（）；居民群体：不适用（）；机构部门：部分覆盖（直接投资：金融部门；直接投资：非金融部门）,https://www.safe.gov.cn/safe/2026/0327/27298.html
B060,对外负债,对外资产负债表,公开发布,非居民持有居民股权、债务等金融负债的期末头寸,亿美元,全国；直接投资分金融和非金融部门，其他投资按工具。,季度,时点,存量,名义,期末,B_S16,行29负债,本次修订2024年以来各季；2025年末新增部门与期限数据。,季度,包含股权的对外负债不是外债；头寸变动含汇率价格等估值不能当资本流量；净资产不代表所有部门流动性充足。,原文发布,,同口径、同报告期；缺失不填零。,F,F1,外部资产负债规模结构,交易流量、价格汇率估值、收益、期限,对外负债含股权不是外债；头寸差额不能等同当期资金流动。,EG-B_S16,全国：已覆盖（中国对外金融头寸）；省级：无稳定公开数据（）；地级：无稳定公开数据（）；行业：无稳定公开数据（）；企业类型：无稳定公开数据（）；居民群体：不适用（）；机构部门：部分覆盖（直接投资：金融部门；直接投资：非金融部门）,https://www.safe.gov.cn/safe/2026/0327/27298.html
B061,全口径外债余额,对外资产负债表,公开发布,居民对非居民承担还本或付息义务的债务余额，含人民币及外币,亿美元,全国；广义政府、央行、其他存款公司、其他部门、直接投资公司间贷款。,季度,时点,存量,名义,期末,B_S17,正文首段及附表外债总额头寸,2025年末起健全修订机制；时间序列入口B_S18明示2014年12月末以来。,季度,签约短期不能替代剩余期限一年到期债务；本币外债仍是外债；债务率国际参考线不足以单独判安全。,原文发布,,同口径、同报告期；缺失不填零。,F,F1,外部债务规模与部门分布,币种、期限、出口收入、外汇资产,不等于IIP全部负债；总量不是违约风险指标。,EG-B_S17,全国：已覆盖（内地全口径外债）；省级：无稳定公开数据（）；地级：无稳定公开数据（）；行业：无稳定公开数据（）；企业类型：无稳定公开数据（）；居民群体：不适用（）；机构部门：已覆盖（广义政府；中央银行；其他接受存款公司；其他部门；直接投资公司间贷款）,https://www.safe.gov.cn/safe/2026/0327/27301.html
B062,签约短期外债余额,对外资产负债表,公开发布,按签约期限划定的短期外债余额,亿美元,全国；广义政府、央行、其他存款公司、其他部门、直接投资公司间贷款。,季度,时点,存量,名义,期末,B_S17,正文期限段及附表注1,2025年末起健全修订机制；时间序列入口B_S18明示2014年12月末以来。,季度,签约短期不能替代剩余期限一年到期债务；本币外债仍是外债；债务率国际参考线不足以单独判安全。,原文发布,,同口径、同报告期；缺失不填零。,F,F1,原始短期限外债结构,剩余期限到期额、储备、币种、贸易信贷,不是未来一年全部到期外债；不能直接宣称剩余期限流动性缺口。,EG-B_S17,全国：已覆盖（内地全口径外债）；省级：无稳定公开数据（）；地级：无稳定公开数据（）；行业：无稳定公开数据（）；企业类型：无稳定公开数据（）；居民群体：不适用（）；机构部门：已覆盖（广义政府；中央银行；其他接受存款公司；其他部门）,https://www.safe.gov.cn/safe/2026/0327/27301.html
B063,签约短期外债占比,对外资产负债表,透明派生,签约短期外债余额占全口径外债余额比例,%,全国；广义政府、央行、其他存款公司、其他部门、直接投资公司间贷款。,季度,比率,比率,不适用,期末,B_S17,正文期限结构及附表,2025年末起健全修订机制；时间序列入口B_S18明示2014年12月末以来。,季度,签约短期不能替代剩余期限一年到期债务；本币外债仍是外债；债务率国际参考线不足以单独判安全。,B062 / B061 × 100,B062；B061,同一时点、同一货币单位、同一修订版本；分母>0。；2025年末人民币展示金额复算56.546866%，原文整数份额写56%；不宣称二者精确复现，不自行归因于普通舍入。,F,F1,外债签约期限结构,本币比例、贸易相关信贷、剩余期限,分母含本币外债；不是外币短债或全部一年内到期债务比例。,EG-B_S17,全国：已覆盖（内地全口径外债）；省级：无稳定公开数据（）；地级：无稳定公开数据（）；行业：无稳定公开数据（）；企业类型：无稳定公开数据（）；居民群体：不适用（）；机构部门：部分覆盖（全口径外债合计）,https://www.safe.gov.cn/safe/2026/0327/27301.html
C001,研究与试验发展（R&D）经费支出,研发规模,公开发布,报告期内各单位内部实际发生的研发支出，含基础、应用、试验发展；资金转拨按执行方统计。,亿元,全国（具体统计边界见定义）,年,期间,流量,名义,全年,C_S01,第一部分：2024年36326.8亿元；C_S02第十部分2025初步39262亿元。,已核验2024值、2023修订强度；年鉴2025表20-1有2020—2024原值；统计局科技经费公报栏目存在历年发布。,年,2024 GDP为初核；2023 GDP五经普后修订影响强度。财政科技支出包含其他功能科目用于科技部分，不能仅用一般公共预算科学技术科目代替。,原文发布,,按原文统计范围、报告期和版本使用，不以缺失值代零。,I；S,I1；S1,观察知识生产资源投入。,实际研发人员全时当量；研发活动类型；新产品及产业化证据,名义经费增长不是知识产出或技术进步增长；不与财政支出机械相加。,EG-科技经费,全国：已覆盖（全国（具体统计边界见定义））；省级：已覆盖（北京；天津；河北；山西；内蒙古；辽宁；吉林；黑龙江；上海；江苏；浙江；安徽；福建；江西；山东；河南；湖北；湖南；广东；广西；海南；重庆；四川；贵州；云南；西藏；陕西；甘肃；青海；宁夏；新疆）；地级：无稳定公开数据（）；行业：已覆盖（采矿业；制造业；电热燃气水生产供应业；各工业行业大类（附表1））；企业类型：无稳定公开数据（）；居民群体：不适用（）；机构部门：部分覆盖（企业；政府属研究机构；高等学校；其他主体）,https://www.stats.gov.cn/zwfwck/sjfb/202509/t20250929_1961429.html
C002,R&D经费投入强度（GDP口径）,研发规模,公开发布,全社会R&D经费/GDP×100；地区指标分母为地区GDP。,%,全国（具体统计边界见定义）,年,比率,比率,不适用,全年,C_S01,2024年2.69%；附表2；注2—4。,已核验2024值、2023修订强度；年鉴2025表20-1有2020—2024原值；统计局科技经费公报栏目存在历年发布。,年,2024 GDP为初核；2023 GDP五经普后修订影响强度。财政科技支出包含其他功能科目用于科技部分，不能仅用一般公共预算科学技术科目代替。,原文发布,,按原文统计范围、报告期和版本使用，不以缺失值代零。,I,I1,量化研发相对经济体量。,R&D经费原值；GDP修订版本,GDP下调可被动提高强度；不是研发资金效率。,EG-科技经费,全国：已覆盖（全国（具体统计边界见定义））；省级：已覆盖（北京；天津；河北；山西；内蒙古；辽宁；吉林；黑龙江；上海；江苏；浙江；安徽；福建；江西；山东；河南；湖北；湖南；广东；广西；海南；重庆；四川；贵州；云南；西藏；陕西；甘肃；青海；宁夏；新疆）；地级：无稳定公开数据（）；行业：无稳定公开数据（）；企业类型：无稳定公开数据（）；居民群体：不适用（）；机构部门：无稳定公开数据（）,https://www.stats.gov.cn/zwfwck/sjfb/202509/t20250929_1961429.html
C003,基础研究经费,研发活动类型,公开发布,不预设特定用途、探索基本原理和新知识的实验理论研究的经费支出。,亿元,全国（具体统计边界见定义）,年,期间,流量,名义,全年,C_S01,第一部分分活动类型：2024年2500.9亿元。,已核验2024值、2023修订强度；年鉴2025表20-1有2020—2024原值；统计局科技经费公报栏目存在历年发布。,年,2024 GDP为初核；2023 GDP五经普后修订影响强度。财政科技支出包含其他功能科目用于科技部分，不能仅用一般公共预算科学技术科目代替。,原文发布,,按原文统计范围、报告期和版本使用，不以缺失值代零。,I,I1,观察长期知识储备投入。,其他研发活动经费；专利产业化；行业周期,活动阶段不同、周期不同；不能用当年产出除该项认定因果回报。,EG-科技经费,全国：已覆盖（全国（具体统计边界见定义））；省级：无稳定公开数据（）；地级：无稳定公开数据（）；行业：无稳定公开数据（）；企业类型：无稳定公开数据（）；居民群体：不适用（）；机构部门：无稳定公开数据（）,https://www.stats.gov.cn/zwfwck/sjfb/202509/t20250929_1961429.html
C004,应用研究经费,研发活动类型,公开发布,为特定实际目标获取新知识、寻找成果用途与实现方法的经费支出。,亿元,全国（具体统计边界见定义）,年,期间,流量,名义,全年,C_S01,第一部分分活动类型：2024年4305.5亿元。,已核验2024值、2023修订强度；年鉴2025表20-1有2020—2024原值；统计局科技经费公报栏目存在历年发布。,年,2024 GDP为初核；2023 GDP五经普后修订影响强度。财政科技支出包含其他功能科目用于科技部分，不能仅用一般公共预算科学技术科目代替。,原文发布,,按原文统计范围、报告期和版本使用，不以缺失值代零。,I,I1,观察面向实际目的的知识开发。,其他研发活动经费；专利产业化；行业周期,活动阶段不同、周期不同；不能用当年产出除该项认定因果回报。,EG-科技经费,全国：已覆盖（全国（具体统计边界见定义））；省级：无稳定公开数据（）；地级：无稳定公开数据（）；行业：无稳定公开数据（）；企业类型：无稳定公开数据（）；居民群体：不适用（）；机构部门：无稳定公开数据（）,https://www.stats.gov.cn/zwfwck/sjfb/202509/t20250929_1961429.html
C005,试验发展经费,研发活动类型,公开发布,利用科研与经验知识开发或改进产品、工艺的系统性工作的经费支出。,亿元,全国（具体统计边界见定义）,年,期间,流量,名义,全年,C_S01,第一部分分活动类型：2024年29520.4亿元。,已核验2024值、2023修订强度；年鉴2025表20-1有2020—2024原值；统计局科技经费公报栏目存在历年发布。,年,2024 GDP为初核；2023 GDP五经普后修订影响强度。财政科技支出包含其他功能科目用于科技部分，不能仅用一般公共预算科学技术科目代替。,原文发布,,按原文统计范围、报告期和版本使用，不以缺失值代零。,I,I1,观察研发走向产品工艺的资源配置。,其他研发活动经费；专利产业化；行业周期,活动阶段不同、周期不同；不能用当年产出除该项认定因果回报。,EG-科技经费,全国：已覆盖（全国（具体统计边界见定义））；省级：无稳定公开数据（）；地级：无稳定公开数据（）；行业：无稳定公开数据（）；企业类型：无稳定公开数据（）；居民群体：不适用（）；机构部门：无稳定公开数据（）,https://www.stats.gov.cn/zwfwck/sjfb/202509/t20250929_1961429.html
C006,R&D人员全时当量,研发人力,公开发布,研发人员按实际从事研发时间折合的全年工作量，包含直接研发管理服务。,万人年,全国（具体统计边界见定义）,年,期间,流量,不适用,全年,C_S11,表20-1：2024年756.9，基础59.7、应用89.2、试验发展607.9。,已目视表20-1的2020—2024数据；专利申请2017起由受理数改为申请数脚注；GDP分母用最新核实数据修订。,年,全时当量非人数；研发执行主体企业与资金来源企业不同。,原文发布,,按原文统计范围、报告期和版本使用，不以缺失值代零。,I；S,I1；S1,观察研发实际劳动投入。,R&D经费；研发执行主体,不是研发人员人数，不能解读为新增就业人数。,EG-科技经费,全国：已覆盖（全国（具体统计边界见定义））；省级：无稳定公开数据（）；地级：无稳定公开数据（）；行业：不适用（）；企业类型：部分覆盖（规模以上工业企业）；居民群体：不适用（）；机构部门：无稳定公开数据（）,https://www.stats.gov.cn/sj/ndsj/2025/html/C20-01.jpg
C007,R&D人员全时当量人均经费,研发投入组合,公开发布,研发支出除研发人员全时当量的官方人均经费。,万元/人年,全国（具体统计边界见定义）,年,比率,比率,名义,全年,C_S01,第一部分：2024年48.0万元。,已核验2024值、2023修订强度；年鉴2025表20-1有2020—2024原值；统计局科技经费公报栏目存在历年发布。,年,2024 GDP为初核；2023 GDP五经普后修订影响强度。财政科技支出包含其他功能科目用于科技部分，不能仅用一般公共预算科学技术科目代替。,原文发布,,按原文统计范围、报告期和版本使用，不以缺失值代零。,G；I,G2；I1,辅助观察研发资本与劳动投入组合。,研发人员全时当量；R&D支出类型,经费包含资本购置等，不是研究人员平均工资或劳动生产率。,EG-科技经费,全国：已覆盖（全国（具体统计边界见定义））；省级：无稳定公开数据（）；地级：无稳定公开数据（）；行业：无稳定公开数据（）；企业类型：无稳定公开数据（）；居民群体：不适用（）；机构部门：无稳定公开数据（）,https://www.stats.gov.cn/zwfwck/sjfb/202509/t20250929_1961429.html
C008,企业执行R&D经费占比,创新主体,公开发布,企业作为执行主体发生的研发经费占全社会研发经费。,%,全国（具体统计边界见定义）,年,比率,比率,不适用,全年,C_S01,正文：2024年28211.6亿元，占77.7%。,已核验2024值、2023修订强度；年鉴2025表20-1有2020—2024原值；统计局科技经费公报栏目存在历年发布。,年,2024 GDP为初核；2023 GDP五经普后修订影响强度。财政科技支出包含其他功能科目用于科技部分，不能仅用一般公共预算科学技术科目代替。,原文发布,,按原文统计范围、报告期和版本使用，不以缺失值代零。,I；S,I1；S3,考察研发执行是否集中于企业。,高校/政府研究机构经费；研发资金来源,不得与表20-1的企业来源资金28870.4亿元混用。,EG-科技经费,全国：已覆盖（全国（具体统计边界见定义））；省级：无稳定公开数据（）；地级：无稳定公开数据（）；行业：无稳定公开数据（）；企业类型：无稳定公开数据（）；居民群体：不适用（）；机构部门：部分覆盖（企业；政府属研究机构；高等学校；其他主体）,https://www.stats.gov.cn/zwfwck/sjfb/202509/t20250929_1961429.html
C009,规模以上高技术制造业R&D经费投入强度,产业研发密度,公开发布,规模以上高技术制造业R&D经费与营业收入之比。,%,全国（具体统计边界见定义）,年,比率,比率,不适用,全年,C_S01,分产业部门：2024经费7668.9亿元，强度3.35%。,已核验2024值、2023修订强度；年鉴2025表20-1有2020—2024原值；统计局科技经费公报栏目存在历年发布。,年,2024 GDP为初核；2023 GDP五经普后修订影响强度。财政科技支出包含其他功能科目用于科技部分，不能仅用一般公共预算科学技术科目代替。,原文发布,,按原文统计范围、报告期和版本使用，不以缺失值代零。,I；S,I1；I3；S3,比较高技术生产部门研发密度。,高技术行业利润；营业收入；研发周期,分母销售收入不是增加值；与全国GDP强度不可横比。,EG-科技经费,全国：已覆盖（全国（具体统计边界见定义））；省级：无稳定公开数据（）；地级：无稳定公开数据（）；行业：部分覆盖（高技术制造业）；企业类型：无稳定公开数据（）；居民群体：不适用（）；机构部门：无稳定公开数据（）,https://www.stats.gov.cn/zwfwck/sjfb/202509/t20250929_1961429.html
C010,国家财政科学技术支出,公共研发条件,公开发布,国家财政科技支出，包括科学技术功能科目及其他功能支出用于科学技术的金额。,亿元,全国（具体统计边界见定义）,年,期间,流量,名义,全年,C_S01,第二部分及表：2024年12629.2，其中科学技术11510.3、其他1118.9。,已核验2024值、2023修订强度；年鉴2025表20-1有2020—2024原值；统计局科技经费公报栏目存在历年发布。,年,2024 GDP为初核；2023 GDP五经普后修订影响强度。财政科技支出包含其他功能科目用于科技部分，不能仅用一般公共预算科学技术科目代替。,原文发布,,按原文统计范围、报告期和版本使用，不以缺失值代零。,I；K；S,K4；I1；S2,观察公共科技资源支持。,政府来源R&D资金；基础研究经费,不是全部投入R&D；不与全社会R&D相加。,EG-科技经费,全国：已覆盖（全国（具体统计边界见定义））；省级：无稳定公开数据（）；地级：无稳定公开数据（）；行业：无稳定公开数据（）；企业类型：无稳定公开数据（）；居民群体：不适用（）；机构部门：部分覆盖（中央财政；地方财政）,https://www.stats.gov.cn/zwfwck/sjfb/202509/t20250929_1961429.html
C011,发明专利授权量,专利权利,公开发布,报告期经国家知识产权局授予的发明专利权数量，包括境内及国外权利人在中国获授权的权利。,万件,中国授权的发明专利（含境外权利人）,年,期间,流量,不适用,全年,C_S02,第十部分表17：2025年97.2万件（境内89.7）。,全国年度统计公报目录已读，列2011—2025年度；本文多个图列2021—2025但本轮不转录未目视图值。,年,注1明确初步统计。医保有2026-07正式公报修订；此文医疗参保数只作快报版本记录。GDP与人口修订会改写比率。,原文发布,,按原文统计范围、报告期和版本使用，不以缺失值代零。,I,I1,观察技术权利产生或累积。,产业化率；新产品销售；专利年龄结构,授权量受审查与申请滞后影响；有效量受失效续费影响；均不能直接代表经济回报。,EG-C_S02,全国：已覆盖（中国授权的发明专利（含境外权利人））；省级：部分覆盖（北京；天津；河北；山西；内蒙古；辽宁；吉林；黑龙江；上海；江苏；浙江；安徽；福建；江西；山东；河南；湖北；湖南；广东；广西；海南；重庆；四川；贵州；云南；西藏；陕西；甘肃；青海；宁夏；新疆）；地级：无稳定公开数据（）；行业：无稳定公开数据（）；企业类型：部分覆盖（国内外；境内专利权人）；居民群体：不适用（）；机构部门：无稳定公开数据（）,https://www.stats.gov.cn/sj/zxfb/202602/t20260228_1962662.html
C012,有效发明专利量,专利权利,公开发布,报告期末仍处于专利权维持状态的发明专利数量，包括境内及国外权利人在中国获授权的权利。,万件,中国授权的发明专利（含境外权利人）,年,时点,存量,不适用,年末,C_S02,第十部分表17：2025年631.8万件（境内532.0）。,全国年度统计公报目录已读，列2011—2025年度；本文多个图列2021—2025但本轮不转录未目视图值。,年,注1明确初步统计。医保有2026-07正式公报修订；此文医疗参保数只作快报版本记录。GDP与人口修订会改写比率。,原文发布,,按原文统计范围、报告期和版本使用，不以缺失值代零。,I,I1,观察技术权利产生或累积。,产业化率；新产品销售；专利年龄结构,授权量受审查与申请滞后影响；有效量受失效续费影响；均不能直接代表经济回报。,EG-C_S02,全国：已覆盖（中国授权的发明专利（含境外权利人））；省级：部分覆盖（北京；天津；河北；山西；内蒙古；辽宁；吉林；黑龙江；上海；江苏；浙江；安徽；福建；江西；山东；河南；湖北；湖南；广东；广西；海南；重庆；四川；贵州；云南；西藏；陕西；甘肃；青海；宁夏；新疆）；地级：无稳定公开数据（）；行业：无稳定公开数据（）；企业类型：部分覆盖（国内外；境内专利权人）；居民群体：不适用（）；机构部门：无稳定公开数据（）,https://www.stats.gov.cn/sj/zxfb/202602/t20260228_1962662.html
C013,每万人口高价值发明专利拥有量,质量代理,公开发布,每万人口本国居民拥有的有效发明专利中，符合战略新兴/海外同族/维持超10年/较高质押融资/国家科技奖或中国专利奖任一条件的数量。,件/万人,全国（具体统计边界见定义）,年,比率,比率,不适用,年末,C_S02,第十部分及注71：2025年16件。,全国年度统计公报目录已读，列2011—2025年度；本文多个图列2021—2025但本轮不转录未目视图值。,年,注1明确初步统计。医保有2026-07正式公报修订；此文医疗参保数只作快报版本记录。GDP与人口修订会改写比率。,原文发布,,按原文统计范围、报告期和版本使用，不以缺失值代零。,I；S,I1；S3,提供比一般件数更有筛选条件的权利存量代理。,高价值分类条件；产业化收益,仍非市场价值总量，五条件之间不可重复求和。,EG-C_S02,全国：已覆盖（全国（具体统计边界见定义））；省级：无稳定公开数据（）；地级：无稳定公开数据（）；行业：无稳定公开数据（）；企业类型：无稳定公开数据（）；居民群体：不适用（）；机构部门：无稳定公开数据（）,https://www.stats.gov.cn/sj/zxfb/202602/t20260228_1962662.html
C014,PCT国际专利申请受理量,海外布局,公开发布,国家知识产权局作为PCT受理局所受理国际申请数量。,万件,全国（具体统计边界见定义）,年,期间,流量,不适用,全年,C_S02,第十部分及注70：2025年7.8万件。,全国年度统计公报目录已读，列2011—2025年度；本文多个图列2021—2025但本轮不转录未目视图值。,年,注1明确初步统计。医保有2026-07正式公报修订；此文医疗参保数只作快报版本记录。GDP与人口修订会改写比率。,原文发布,,按原文统计范围、报告期和版本使用，不以缺失值代零。,I；S,I1；S3,观察通过PCT路径寻求多国保护的活动。,海外授权和同族；国际市场收入,PCT受理不是海外授权；不能代表全部海外专利布局。,EG-C_S02,全国：已覆盖（全国（具体统计边界见定义））；省级：部分覆盖（北京；天津；河北；山西；内蒙古；辽宁；吉林；黑龙江；上海；江苏；浙江；安徽；福建；江西；山东；河南；湖北；湖南；广东；广西；海南；重庆；四川；贵州；云南；西藏；陕西；甘肃；青海；宁夏；新疆）；地级：无稳定公开数据（）；行业：无稳定公开数据（）；企业类型：无稳定公开数据（）；居民群体：不适用（）；机构部门：无稳定公开数据（）,https://www.stats.gov.cn/sj/zxfb/202602/t20260228_1962662.html
C015,企业发明专利产业化率,转化实现,公开发布,有效发明专利中用于生产产品并投放市场的比例；可自行或许可他人实现产业化。,%,27省抽样框内拥有2024年末有效专利的国内企业及其专利,年,比率,比率,不适用,不适用,C_S06,印刷页22、84、164：2025年54.0%，2024年53.3%。,报告前言明确年度调查；第三部分直接给2021—2025连续数据；产业化平均收益2021首次测算。,年,涉及27省不等于公开27省完整结果；调查选择和专利年龄影响收益；平均收益不能除当年研发得到ROI。,原文发布,,按原文统计范围、报告期和版本使用，不以缺失值代零。,I；S,I2；I3；S3,检验受保护成果是否进入产品市场。,发明授权/有效量；专利年龄；新产品销售,样本只含既有专利企业；未产业化可能是战略储备；不能把产业化率当盈利率。,EG-C_S06,全国：已覆盖（27省抽样框内拥有2024年末有效专利的国内企业及其专利）；省级：无稳定公开数据（）；地级：无稳定公开数据（）；行业：部分覆盖（金属制品；通用设备；专用设备；医药制造；专业技术服务；研究和试验发展）；企业类型：已覆盖（大型；中型；小型；微型）；居民群体：不适用（）；机构部门：无稳定公开数据（）,https://www.cnipa.gov.cn/art/2026/4/1/art_88_205590.html
C016,企业发明专利产业化平均收益,收益验证,公开发布,调查中已产业化发明专利自转化运用日至接受调查日取得的产业化收益金额平均值。,万元/件,受调查国内企业的已产业化发明专利,年,比率,比率,名义,累计,C_S06,印刷页27图27、164定义：2025调查872.0，2024调查869.5。,报告前言明确年度调查；第三部分直接给2021—2025连续数据；产业化平均收益2021首次测算。,年,涉及27省不等于公开27省完整结果；调查选择和专利年龄影响收益；平均收益不能除当年研发得到ROI。,原文发布,,按原文统计范围、报告期和版本使用，不以缺失值代零。,I；S,I2；I3；S3,补充进入市场后的收益信息。,产业化收益区间；专利年龄和研发成本；企业财务表现,累计期限不等长、问卷估计；不是2025全年利润、项目IRR或因果净回报。,EG-C_S06,全国：已覆盖（受调查国内企业的已产业化发明专利）；省级：无稳定公开数据（）；地级：无稳定公开数据（）；行业：无稳定公开数据（）；企业类型：已覆盖（大型；中型；小型；微型）；居民群体：不适用（）；机构部门：无稳定公开数据（）,https://www.cnipa.gov.cn/art/2026/4/1/art_88_205590.html
C017,企业发明专利研发获取比例,研发与购买路径,公开发布,企业发明专利通过研发方式获得而非转让获取的比例。,%,国内企业拥有的有效发明专利,年,比率,比率,不适用,不适用,C_S06,印刷页1、9、82：2025年87.4%，2024年86.6%。,报告前言明确年度调查；第三部分直接给2021—2025连续数据；产业化平均收益2021首次测算。,年,涉及27省不等于公开27省完整结果；调查选择和专利年龄影响收益；平均收益不能除当年研发得到ROI。,原文发布,,按原文统计范围、报告期和版本使用，不以缺失值代零。,I；S,I2；S3,区分内部/合作研发与技术权利购买。,研发合作类型；技术引进和消化支出,研发获取包括合作模式，不代表完全自主或无外部技术依赖。,EG-C_S06,全国：已覆盖（国内企业拥有的有效发明专利）；省级：无稳定公开数据（）；地级：无稳定公开数据（）；行业：无稳定公开数据（）；企业类型：无稳定公开数据（）；居民群体：不适用（）；机构部门：无稳定公开数据（）,https://www.cnipa.gov.cn/art/2026/4/1/art_88_205590.html
C018,规模以上工业企业新产品销售收入,新产品市场实现,公开发布,企业销售按统计定义的新产品实现的收入；包括认定新产品及自行研发投产两年内的新产品。,亿元,规模以上工业企业,年,期间,流量,名义,全年,C_S13,表20-4：2024年354694.3亿元；定义p651。,已目视列2004、2009、2023、2024；2011规上门槛500万元改2000万元脚注。,年,不是全社会；跨期企业样本变动；新产品不必是世界首创，收入不等于增加值或利润。web图片读取超时，官网原图已直接下载并目视核验。,原文发布,,按原文统计范围、报告期和版本使用，不以缺失值代零。,I；S,I2；I3；S3,检验新产品获得销售市场规模。,新产品成本利润；销售收入总额；研发活动企业比例,不必为世界首创；销售收入不是利润或增加值；不能与全社会GDP相加。,EG-C_S13,全国：已覆盖（规模以上工业企业）；省级：无稳定公开数据（）；地级：无稳定公开数据（）；行业：无稳定公开数据（）；企业类型：无稳定公开数据（）；居民群体：不适用（）；机构部门：无稳定公开数据（）,https://www.stats.gov.cn/sj/ndsj/2025/html/C20-04.jpg
C019,有R&D活动的规模以上工业企业比重,创新扩散,公开发布,有研发活动企业数/规模以上工业企业总数。,%,规模以上工业企业,年,比率,比率,不适用,全年,C_S13,表20-4：2024年161928个、31.3%；2023年30.7%。,已目视列2004、2009、2023、2024；2011规上门槛500万元改2000万元脚注。,年,不是全社会；跨期企业样本变动；新产品不必是世界首创，收入不等于增加值或利润。web图片读取超时，官网原图已直接下载并目视核验。,原文发布,,按原文统计范围、报告期和版本使用，不以缺失值代零。,I；S,I2；S3,衡量企业开展研发活动的扩散面。,R&D强度；企业规模和所有制,企业数比例不按产出权重；样本进退与规上门槛影响比较。,EG-C_S13,全国：已覆盖（规模以上工业企业）；省级：无稳定公开数据（）；地级：无稳定公开数据（）；行业：无稳定公开数据（）；企业类型：无稳定公开数据（）；居民群体：不适用（）；机构部门：无稳定公开数据（）,https://www.stats.gov.cn/sj/ndsj/2025/html/C20-04.jpg
C021,年末人口数,人口规模,公开发布,12月31日24时大陆31省与现役军人人口；不含境内港澳台居民及外籍人员。,万人,全国（具体统计边界见定义）,年,时点,存量,不适用,年末,C_S02,第一部分与注5：2025年140489万人。,全国年度统计公报目录已读，列2011—2025年度；本文多个图列2021—2025但本轮不转录未目视图值。,年,注1明确初步统计。医保有2026-07正式公报修订；此文医疗参保数只作快报版本记录。GDP与人口修订会改写比率。,原文发布,,按原文统计范围、报告期和版本使用，不以缺失值代零。,D；G,G1；D3,提供人均指标与长期劳动供给边界。,年龄结构；劳动力参与；净迁移,不等于劳动力或消费者有效需求；抽样人数表不可代替人口估计。,EG-C_S02,全国：已覆盖（全国（具体统计边界见定义））；省级：无稳定公开数据（）；地级：无稳定公开数据（）；行业：无稳定公开数据（）；企业类型：不适用（）；居民群体：已覆盖（城镇；乡村；男性；女性）；机构部门：无稳定公开数据（）,https://www.stats.gov.cn/sj/zxfb/202602/t20260228_1962662.html
C022,年末分年龄人口,年龄结构,公开发布,综合公报按0—15、16—59、60及以上及其中65及以上划分，保留互相包含关系。,万人,全国（具体统计边界见定义）,年,时点,存量,不适用,年末,C_S02,表1：2025年23015、85136、32338、22365；注6另列0—14为21276，15—59为86875。,全国年度统计公报目录已读，列2011—2025年度；本文多个图列2021—2025但本轮不转录未目视图值。,年,注1明确初步统计。医保有2026-07正式公报修订；此文医疗参保数只作快报版本记录。GDP与人口修订会改写比率。,原文发布,,按原文统计范围、报告期和版本使用，不以缺失值代零。,D；G,G1；D3,识别劳动力年龄基础和养老/教育需求。,参与率；就业人数；抚养比,60+含65+不可相加；16—59与15—64抚养比分母不一致；法定年龄不等于实际就业。,EG-C_S02,全国：已覆盖（全国（具体统计边界见定义））；省级：无稳定公开数据（）；地级：无稳定公开数据（）；行业：无稳定公开数据（）；企业类型：不适用（）；居民群体：已覆盖（0—15；16—59；60+；65+（包含于60+））；机构部门：无稳定公开数据（）,https://www.stats.gov.cn/sj/zxfb/202602/t20260228_1962662.html
C023,人口出生率,人口变动,公开发布,年内活产出生人数/年平均人口×1000。,‰,全国（具体统计边界见定义）,年,比率,比率,不适用,全年,C_S02,第一部分：2025年5.63‰；定义C_S10附人口指标解释。,全国年度统计公报目录已读，列2011—2025年度；本文多个图列2021—2025但本轮不转录未目视图值。,年,注1明确初步统计。医保有2026-07正式公报修订；此文医疗参保数只作快报版本记录。GDP与人口修订会改写比率。,原文发布,,按原文统计范围、报告期和版本使用，不以缺失值代零。,D；G,G1；D3,观察人口自然变动与未来年龄队列。,死亡率；年龄结构；人口迁移,出生率不是总和生育率；自然增长不含迁移，不能推出地区总人口变化。,EG-C_S02,全国：已覆盖（全国（具体统计边界见定义））；省级：无稳定公开数据（）；地级：无稳定公开数据（）；行业：无稳定公开数据（）；企业类型：不适用（）；居民群体：无稳定公开数据（）；机构部门：无稳定公开数据（）,https://www.stats.gov.cn/sj/zxfb/202602/t20260228_1962662.html
C024,人口自然增长率,人口变动,公开发布,年内出生减死亡人数/年平均人口×1000。,‰,全国（具体统计边界见定义）,年,比率,比率,不适用,全年,C_S02,第一部分：2025年-2.41‰；定义C_S10附人口指标解释。,全国年度统计公报目录已读，列2011—2025年度；本文多个图列2021—2025但本轮不转录未目视图值。,年,注1明确初步统计。医保有2026-07正式公报修订；此文医疗参保数只作快报版本记录。GDP与人口修订会改写比率。,原文发布,,按原文统计范围、报告期和版本使用，不以缺失值代零。,D；G,G1；D3,观察人口自然变动与未来年龄队列。,死亡率；年龄结构；人口迁移,出生率不是总和生育率；自然增长不含迁移，不能推出地区总人口变化。,EG-C_S02,全国：已覆盖（全国（具体统计边界见定义））；省级：无稳定公开数据（）；地级：无稳定公开数据（）；行业：无稳定公开数据（）；企业类型：不适用（）；居民群体：无稳定公开数据（）；机构部门：无稳定公开数据（）,https://www.stats.gov.cn/sj/zxfb/202602/t20260228_1962662.html
C025,人口年龄抽样调查分组样本数,抚养比核验输入,公开发布,人口变动抽样调查样本中0—14、15—64、65岁及以上人数，原表数为样本人数。,人,2024人口变动抽样调查入样人口,年,时点（2024样例：11月1日零时）,存量,不适用,不适用（人口调查标准时点）,C_S10,全国行：228905、991861、226671，合计1447437。,年鉴为年度序列；本轮只目视2024该表，不声称已核验历年省表。,年,绝不能把1447437人全国样本数当全国人口；此处劳动年龄15—64与综合公报16—59不同。,原文发布,,按原文统计范围、报告期和版本使用，不以缺失值代零。；2024年调查标准时点为11月1日零时，见R_POP_TIME第四项，不标作年末。,G,G1,提供抚养比复算分子分母。,总抚养比；人口总体估计,绝不能将样本人数外推为各地实际人口；抽样误差存在。,EG-C_S10,全国：已覆盖（2024人口变动抽样调查入样人口）；省级：已覆盖（北京；天津；河北；山西；内蒙古；辽宁；吉林；黑龙江；上海；江苏；浙江；安徽；福建；江西；山东；河南；湖北；湖南；广东；广西；海南；重庆；四川；贵州；云南；西藏；陕西；甘肃；青海；宁夏；新疆）；地级：无稳定公开数据（）；行业：无稳定公开数据（）；企业类型：不适用（）；居民群体：已覆盖（0—14；15—64；65+）；机构部门：无稳定公开数据（）,https://www.stats.gov.cn/sj/ndsj/2025/html/C02-11.jpg
C026,总抚养比（人口抽样表口径）,抚养压力,公开发布,非劳动年龄样本人数（0—14与65+）/15—64岁样本人数×100。,%,2024人口变动抽样调查口径,年,时点（2024样例：11月1日零时）,比率,不适用,不适用（人口调查标准时点）,C_S10,全国行2024年45.93%；人口定义p46。,年鉴为年度序列；本轮只目视2024该表，不声称已核验历年省表。,年,绝不能把1447437人全国样本数当全国人口；此处劳动年龄15—64与综合公报16—59不同。,原文发布,,按原文统计范围、报告期和版本使用，不以缺失值代零。；2024年调查标准时点为11月1日零时，见R_POP_TIME第四项，不标作年末。,G,G1,观察人口年龄结构潜在支持负担。,就业抚养比；养老金制度；劳动参与率,是人口年龄比，不是实际每名就业者负担；不能以16—59代分母。,EG-C_S10,全国：已覆盖（2024人口变动抽样调查口径）；省级：已覆盖（北京；天津；河北；山西；内蒙古；辽宁；吉林；黑龙江；上海；江苏；浙江；安徽；福建；江西；山东；河南；湖北；湖南；广东；广西；海南；重庆；四川；贵州；云南；西藏；陕西；甘肃；青海；宁夏；新疆）；地级：无稳定公开数据（）；行业：无稳定公开数据（）；企业类型：不适用（）；居民群体：无稳定公开数据（）；机构部门：无稳定公开数据（）,https://www.stats.gov.cn/sj/ndsj/2025/html/C02-11.jpg
C027,16—59岁人口平均受教育年限,人力资本,公开发布,16—59岁人口按教育程度折合的平均受教育年限，直接用官方平均数。,年,全国16—59岁人口,年,比率,比率,不适用,不适用,C_S02,第十部分：2025年11.3年，上年提高0.1年。,全国年度统计公报目录已读，列2011—2025年度；本文多个图列2021—2025但本轮不转录未目视图值。,年,注1明确初步统计。医保有2026-07正式公报修订；此文医疗参保数只作快报版本记录。GDP与人口修订会改写比率。,原文发布,,公报未详列各教育程度折算权重，本轮仅使用发布值，不自行回推个体教育结构。,G；I；S,G1；G4；I4；S1；S2,观察劳动年龄人口教育积累。,教育层次；技能需求；劳动生产率,折合教育年数不是技能质量、教育回报或就业匹配。,EG-C_S02,全国：已覆盖（全国16—59岁人口）；省级：无稳定公开数据（）；地级：无稳定公开数据（）；行业：无稳定公开数据（）；企业类型：不适用（）；居民群体：无稳定公开数据（）；机构部门：无稳定公开数据（）,https://www.stats.gov.cn/sj/zxfb/202602/t20260228_1962662.html
C028,高等教育毛入学率,教育覆盖,公开发布,高等教育在学总规模/18～22岁年龄组人口数×100。在学总规模包括普通本专科、研究生、军事院校本专科及其他学历教育折合学生数；其他学历教育含成人本专科、网络本专科和自学考试等。分子不限制在18～22岁。,%,全国高等教育在学总规模与18～22岁年龄组人口；毛率按教育部国家级口径。,年,比率,比率,不适用,全年,C_S03,C_S03综合：2025年61.30%；C_S14表21-13验证1995—2024长期公开序列。 完整定义见C_S18第13项（4），原DOCX抽取段落349—368。,已目视1995—2024高教毛率序列，2024为60.8%，2020为54.4%；义务巩固率2010起。,年,年龄队列和其他学历折合规则影响比较；完整定义的在学规模含军事院校，与教育公报中不含军事院校的学校、教师具体分项范围不同，不混加分子。,原文发布,,本轮采用官方毛率原值；分母为18～22岁人口，分子包括其他学历折合学生，不自行把各在校人数简单相加复算。指标体系明确高等教育毛率只适用于国家级。,G；S,G1；S2,反映高等教育覆盖规模。,受教育年限；毕业生与就业质量；C_S14高等教育毛率历史表,不是适龄人口实际在校比例、个人升学概率或教学质量指标；年龄不受限的分子与18～22岁分母不可误称净入学率。,EG-C_S03,全国：已覆盖（教育部教育事业统计范围）；省级：不适用（）；地级：无稳定公开数据（）；行业：无稳定公开数据（）；企业类型：不适用（）；居民群体：无稳定公开数据（）；机构部门：无稳定公开数据（）,https://hudong.moe.gov.cn/jyb_sjzl/sjzl_fztjgb/202607/t20260706_1442870.html
C029,九年义务教育巩固率,教育覆盖,公开发布,初中毕业班学生数/该届入小学一年级人数×100。,%,教育部教育事业统计范围,年,比率,比率,不适用,全年,C_S03,综合及注4：2025年96.10%；完整定义另见C_S18第14项（初中毕业班/入学一年级，须处理休复学、转学、重读）。,2025教育公报按年发布；高教毛率与义务巩固历史另由C_S14实表核验；本轮不声称已转录本指标全部历年值。,年,教育部中职范围与综合公报含技工学校的中职不同；毛入学率不直接衡量教学质量；公报民办义务学生占比存在待核实分母疑点，该项未纳入。,原文发布,,按原文统计范围、报告期和版本使用，不以缺失值代零。；队列比须处理休学、复学、转学和重读；省级还受跨地区流动影响，定义建议国家级。,G；S,G1；S2,观察义务教育队列保留。,受教育年限；毕业生与就业质量,毛率/队列率均非教育质量；人口队列变化影响分母。,EG-C_S03,全国：已覆盖（教育部教育事业统计范围）；省级：无稳定公开数据（）；地级：无稳定公开数据（）；行业：无稳定公开数据（）；企业类型：不适用（）；居民群体：无稳定公开数据（）；机构部门：无稳定公开数据（）,https://hudong.moe.gov.cn/jyb_sjzl/sjzl_fztjgb/202607/t20260706_1442870.html
C030,普通、职业本专科毕业生数,技能供给,公开发布,普通本科、职业本科和高职专科完成学业毕业人数。,万人,教育部教育统计口径,年,期间,流量,不适用,全年,C_S03,高等教育：2025年1105.10万人,2025教育公报按年发布；高教毛率与义务巩固历史另由C_S14实表核验；本轮不声称已转录本指标全部历年值。,年,教育部中职范围与综合公报含技工学校的中职不同；毛入学率不直接衡量教学质量；公报民办义务学生占比存在待核实分母疑点，该项未纳入。,原文发布,,按原文统计范围、报告期和版本使用，不以缺失值代零。,G；I；S,G1；I4；S1；S2,观察高级人才培养与潜在供给。,专业结构；就业岗位；研发人员,毕业不是新增就业；学历不是技能或创新产出。,EG-C_S03,全国：已覆盖（教育部教育统计口径）；省级：无稳定公开数据（）；地级：无稳定公开数据（）；行业：无稳定公开数据（）；企业类型：不适用（）；居民群体：已覆盖（普通本科；职业本科；高职专科）；机构部门：无稳定公开数据（）,https://hudong.moe.gov.cn/jyb_sjzl/sjzl_fztjgb/202607/t20260706_1442870.html
C031,研究生毕业生数,技能供给,公开发布,研究生培养单位博士与硕士毕业人数。,万人,教育部教育统计口径,年,期间,流量,不适用,全年,C_S03,高等教育：2025年116.65万人，博士11.29、硕士105.36,2025教育公报按年发布；高教毛率与义务巩固历史另由C_S14实表核验；本轮不声称已转录本指标全部历年值。,年,教育部中职范围与综合公报含技工学校的中职不同；毛入学率不直接衡量教学质量；公报民办义务学生占比存在待核实分母疑点，该项未纳入。,原文发布,,按原文统计范围、报告期和版本使用，不以缺失值代零。,G；I；S,G1；I4；S2,观察高级人才培养与潜在供给。,专业结构；就业岗位；研发人员,毕业不是新增就业；学历不是技能或创新产出。,EG-C_S03,全国：已覆盖（教育部教育统计口径）；省级：无稳定公开数据（）；地级：无稳定公开数据（）；行业：无稳定公开数据（）；企业类型：不适用（）；居民群体：已覆盖（博士；硕士）；机构部门：无稳定公开数据（）,https://hudong.moe.gov.cn/jyb_sjzl/sjzl_fztjgb/202607/t20260706_1442870.html
C032,在学研究生数,技能供给,公开发布,研究生培养单位在学博士与硕士人数。,万人,教育部教育统计口径,年,时点,存量,不适用,期末,C_S03,高等教育：2025年429.95万人，博士75.36、硕士354.60,2025教育公报按年发布；高教毛率与义务巩固历史另由C_S14实表核验；本轮不声称已转录本指标全部历年值。,年,教育部中职范围与综合公报含技工学校的中职不同；毛入学率不直接衡量教学质量；公报民办义务学生占比存在待核实分母疑点，该项未纳入。,原文发布,,按原文统计范围、报告期和版本使用，不以缺失值代零。 教育在校/教师时点按年度教育统计口径；本轮未核验具体基准日，不解释成12月31日人口。,G；S,G1；S2,观察高级人才培养与潜在供给。,专业结构；就业岗位；研发人员,毕业不是新增就业；学历不是技能或创新产出。,EG-C_S03,全国：已覆盖（教育部教育统计口径）；省级：无稳定公开数据（）；地级：无稳定公开数据（）；行业：无稳定公开数据（）；企业类型：不适用（）；居民群体：已覆盖（博士；硕士）；机构部门：无稳定公开数据（）,https://hudong.moe.gov.cn/jyb_sjzl/sjzl_fztjgb/202607/t20260706_1442870.html
C033,高等教育专任教师数,教育资源,公开发布,普通本科、职业本科、高职专科、成人高校承担高等教育的专任教师，不含附设其他层级教师。,万人,全国（具体统计边界见定义）,年,时点,存量,不适用,期末,C_S03,高等教育及注27：2025年222.36万人。,2025教育公报按年发布；高教毛率与义务巩固历史另由C_S14实表核验；本轮不声称已转录本指标全部历年值。,年,教育部中职范围与综合公报含技工学校的中职不同；毛入学率不直接衡量教学质量；公报民办义务学生占比存在待核实分母疑点，该项未纳入。,原文发布,,按原文统计范围、报告期和版本使用，不以缺失值代零。 教育在校/教师时点按年度教育统计口径；本轮未核验具体基准日，不解释成12月31日人口。,G；S,G1；G4；S1；S2,观察教育供给资源。,折合生师比；生均教学科研设备；教育质量,不是全社会研究人员数，不能全部计入研发人员。,EG-C_S03,全国：已覆盖（全国（具体统计边界见定义））；省级：无稳定公开数据（）；地级：无稳定公开数据（）；行业：无稳定公开数据（）；企业类型：不适用（）；居民群体：无稳定公开数据（）；机构部门：部分覆盖（普通本科高校；职业本科高校；高职专科高校；成人高校）,https://hudong.moe.gov.cn/jyb_sjzl/sjzl_fztjgb/202607/t20260706_1442870.html
C034,居民人均可支配收入中位数,位置差异,公开发布,把调查户按人均收入排序，取中间调查户的人均可支配收入。,元/人,全国（具体统计边界见定义）,年,期间,流量,名义,全年,C_S04,2025年全国36231，城镇51115，农村20711。,原文明确按季度发布；年鉴指标解释说明2012年四季度城乡一体化改革及1978—2012可比口径推算。,季（累计）、年,城乡人口迁移改变构成；中位数按户排序不能当个人工资中位数；四类收入占比不是国民账户要素份额。,原文发布,,按原文统计范围、报告期和版本使用，不以缺失值代零。,D；K,K3；D2；D3,与平均值对照识别收入分布偏斜。,人均可支配收入平均数；五等份；收入构成,不是个人工资中位数；不反映分布全部形状。,EG-住户调查,全国：已覆盖（全国（具体统计边界见定义））；省级：无稳定公开数据（）；地级：无稳定公开数据（）；行业：无稳定公开数据（）；企业类型：不适用（）；居民群体：已覆盖（全国居民；城镇常住居民；农村常住居民）；机构部门：无稳定公开数据（）,https://www.stats.gov.cn/sj/zxfb/202601/t20260119_1962321.html
C035,全国居民五等份组人均可支配收入,分位组差异,公开发布,按调查户人均收入从低到高将户分五等份，分别报告各组人均可支配收入。,元/人,全国（具体统计边界见定义）,年,期间,流量,名义,全年,C_S02,第九部分与注64：2025低10150、中偏下22702、中35536、中偏上55586、高103778。,全国年度统计公报目录已读，列2011—2025年度；本文多个图列2021—2025但本轮不转录未目视图值。,年,注1明确初步统计。医保有2026-07正式公报修订；此文医疗参保数只作快报版本记录。GDP与人口修订会改写比率。,原文发布,,按原文统计范围、报告期和版本使用，不以缺失值代零。,D,D3,观察不同收入家庭组的收入水平。,组内分布；家庭人口；中位数,五组按户划分，非人口各20%；组均值不是P20/P80分位点，不能据五个均值精确算基尼。,EG-住户调查,全国：已覆盖（全国（具体统计边界见定义））；省级：无稳定公开数据（）；地级：无稳定公开数据（）；行业：无稳定公开数据（）；企业类型：不适用（）；居民群体：已覆盖（低收入；中间偏下；中间；中间偏上；高收入）；机构部门：无稳定公开数据（）,https://www.stats.gov.cn/sj/zxfb/202602/t20260228_1962662.html
C036,五等份高低收入组均值比,组间差距,透明派生,全国五等份高收入组人均可支配收入/低收入组人均可支配收入。,倍,全国（具体统计边界见定义）,年,比率,比率,不适用,全年,C_S02,第九部分两组原值：103778/10150=10.2244。,全国年度统计公报目录已读，列2011—2025年度；本文多个图列2021—2025但本轮不转录未目视图值。,年,注1明确初步统计。医保有2026-07正式公报修订；此文医疗参保数只作快报版本记录。GDP与人口修订会改写比率。,C035[高收入组]/C035[低收入组],C035,按原文统计范围、报告期和版本使用，不以缺失值代零。,D,D3,给出可复算的尾部组均值差距。,五等份原值；中位数；组内不平等,不是P90/P10，不是基尼，也不是高低家庭资产差距。,EG-住户调查,全国：已覆盖（全国（具体统计边界见定义））；省级：无稳定公开数据（）；地级：无稳定公开数据（）；行业：无稳定公开数据（）；企业类型：不适用（）；居民群体：部分覆盖（全国五等份高低组之间的均值对比）；机构部门：无稳定公开数据（）,https://www.stats.gov.cn/sj/zxfb/202602/t20260228_1962662.html
C037,收入中位数与平均数之比,位置差异,公开发布,同一居民总体的人均可支配收入中位数/平均数；这里使用官方发布比率。,%,全国（具体统计边界见定义）,年,比率,比率,不适用,全年,C_S04,第一部分：2025全国83.5%、城镇90.5%、农村84.7%。,原文明确按季度发布；年鉴指标解释说明2012年四季度城乡一体化改革及1978—2012可比口径推算。,季（累计）、年,城乡人口迁移改变构成；中位数按户排序不能当个人工资中位数；四类收入占比不是国民账户要素份额。,原文发布,,按原文统计范围、报告期和版本使用，不以缺失值代零。,D,D2；D3,辅助观察均值受高收入端影响的程度。,中位数；均值；五等份,比例不是不平等完整统计量，不能单独判断所有居民改善。,EG-住户调查,全国：已覆盖（全国（具体统计边界见定义））；省级：无稳定公开数据（）；地级：无稳定公开数据（）；行业：无稳定公开数据（）；企业类型：不适用（）；居民群体：已覆盖（全国居民；城镇常住居民；农村常住居民）；机构部门：无稳定公开数据（）,https://www.stats.gov.cn/sj/zxfb/202601/t20260119_1962321.html
C038,城乡居民人均可支配收入比,城乡差距,透明派生,城镇常住居民人均可支配收入/农村常住居民人均可支配收入。,倍,全国（具体统计边界见定义）,年,比率,比率,不适用,全年,C_S04,表1：2025年56502/24456=2.31035。,原文明确按季度发布；年鉴指标解释说明2012年四季度城乡一体化改革及1978—2012可比口径推算。,季（累计）、年,城乡人口迁移改变构成；中位数按户排序不能当个人工资中位数；四类收入占比不是国民账户要素份额。,"A014[城镇,同年] / A014[农村,同年]",A014,按原文统计范围、报告期和版本使用，不以缺失值代零。 A014按城镇/农村选择同年人均可支配收入，2025为56502/24456元。,D,D3,观察常住地收入组间平均差距。,城乡收入实际增长；人口迁移；城乡中位数,城乡分类与人口迁移会改变组均值，不等于同一批居民收入收敛。,EG-住户调查,全国：已覆盖（全国（具体统计边界见定义））；省级：无稳定公开数据（）；地级：无稳定公开数据（）；行业：无稳定公开数据（）；企业类型：不适用（）；居民群体：部分覆盖（全国城镇与农村之间的均值对比）；机构部门：无稳定公开数据（）,https://www.stats.gov.cn/sj/zxfb/202601/t20260119_1962321.html
C039,居民人均工资性收入,收入来源,公开发布,就业人员通过受雇、自由职业、兼职及零星劳动获得的劳动报酬福利，按住户常住人口平均。,元/人,全国（具体统计边界见定义）,季（累计）、年,期间,流量,名义,全年,C_S04,表1、2及C_S12定义：2025全国24555、城镇34373、农村10402元。,原文明确按季度发布；年鉴指标解释说明2012年四季度城乡一体化改革及1978—2012可比口径推算。,季（累计）、年,城乡人口迁移改变构成；中位数按户排序不能当个人工资中位数；四类收入占比不是国民账户要素份额。,原文发布,,按原文统计范围、报告期和版本使用，不以缺失值代零。,D；K,K3；D2；D3,拆分居民可支配收入来源及城乡差别。,其他三类收入；总体可支配收入；社会保障,不是就业者平均工资，不是国民账户劳动报酬份额。,EG-住户调查,全国：已覆盖（全国（具体统计边界见定义））；省级：无稳定公开数据（）；地级：无稳定公开数据（）；行业：无稳定公开数据（）；企业类型：不适用（）；居民群体：已覆盖（全国居民；城镇常住居民；农村常住居民）；机构部门：无稳定公开数据（）,https://www.stats.gov.cn/sj/zxfb/202601/t20260119_1962321.html
C040,居民人均经营净收入,收入来源,公开发布,住户经营收入扣除经营费用、生产性固定资产折旧及生产税后，按住户常住人口平均。,元/人,全国（具体统计边界见定义）,季（累计）、年,期间,流量,名义,全年,C_S04,表1、2及C_S12定义：2025全国7252、城镇6592、农村8204元。,原文明确按季度发布；年鉴指标解释说明2012年四季度城乡一体化改革及1978—2012可比口径推算。,季（累计）、年,城乡人口迁移改变构成；中位数按户排序不能当个人工资中位数；四类收入占比不是国民账户要素份额。,原文发布,,按原文统计范围、报告期和版本使用，不以缺失值代零。,D；K,K3；D3,拆分居民可支配收入来源及城乡差别。,其他三类收入；总体可支配收入；社会保障,包含自雇经营混合收益，不能全归劳动或资本。,EG-住户调查,全国：已覆盖（全国（具体统计边界见定义））；省级：无稳定公开数据（）；地级：无稳定公开数据（）；行业：无稳定公开数据（）；企业类型：不适用（）；居民群体：已覆盖（全国居民；城镇常住居民；农村常住居民）；机构部门：无稳定公开数据（）,https://www.stats.gov.cn/sj/zxfb/202601/t20260119_1962321.html
C041,居民人均财产净收入,收入来源,公开发布,住户让渡金融、非金融资产及自然资源使用获得回报扣费用后，按常住人口平均。,元/人,全国（具体统计边界见定义）,季（累计）、年,期间,流量,名义,全年,C_S04,表1、2及C_S12定义：2025全国3490、城镇5481、农村618元。,原文明确按季度发布；年鉴指标解释说明2012年四季度城乡一体化改革及1978—2012可比口径推算。,季（累计）、年,城乡人口迁移改变构成；中位数按户排序不能当个人工资中位数；四类收入占比不是国民账户要素份额。,原文发布,,按原文统计范围、报告期和版本使用，不以缺失值代零。,D；K,K3；D3,拆分居民可支配收入来源及城乡差别。,其他三类收入；总体可支配收入；社会保障,不含资产所有权转让溢价，房价股价上涨不直接进入该值。,EG-住户调查,全国：已覆盖（全国（具体统计边界见定义））；省级：无稳定公开数据（）；地级：无稳定公开数据（）；行业：无稳定公开数据（）；企业类型：不适用（）；居民群体：已覆盖（全国居民；城镇常住居民；农村常住居民）；机构部门：无稳定公开数据（）,https://www.stats.gov.cn/sj/zxfb/202601/t20260119_1962321.html
C042,居民人均转移净收入,收入来源,公开发布,经常性转移收入减转移性支出，按常住人口平均。,元/人,全国（具体统计边界见定义）,季（累计）、年,期间,流量,名义,全年,C_S04,表1、2及C_S12定义：2025全国8080、城镇10056、农村5232元。,原文明确按季度发布；年鉴指标解释说明2012年四季度城乡一体化改革及1978—2012可比口径推算。,季（累计）、年,城乡人口迁移改变构成；中位数按户排序不能当个人工资中位数；四类收入占比不是国民账户要素份额。,原文发布,,按原文统计范围、报告期和版本使用，不以缺失值代零。,D；K,K3；K4；D3,拆分居民可支配收入来源及城乡差别。,其他三类收入；总体可支配收入；社会保障,含住户间赡养和非常住成员汇款，不等于政府补助；税与社保转出已参与净额。,EG-住户调查,全国：已覆盖（全国（具体统计边界见定义））；省级：无稳定公开数据（）；地级：无稳定公开数据（）；行业：无稳定公开数据（）；企业类型：不适用（）；居民群体：已覆盖（全国居民；城镇常住居民；农村常住居民）；机构部门：无稳定公开数据（）,https://www.stats.gov.cn/sj/zxfb/202601/t20260119_1962321.html
C043,基本养老保险参保人数,保障覆盖,公开发布,年末参加基本养老保险人数，区分城镇职工与城乡居民制度。,万人,全国（具体统计边界见定义）,年,时点,存量,不适用,年末,C_S02,第九部分：2025年107599，职工54680、居民52919。,全国年度统计公报目录已读，列2011—2025年度；本文多个图列2021—2025但本轮不转录未目视图值。,年,注1明确初步统计。医保有2026-07正式公报修订；此文医疗参保数只作快报版本记录。GDP与人口修订会改写比率。,原文发布,,按原文统计范围、报告期和版本使用，不以缺失值代零。,D；S,S2；D3,观察养老制度覆盖规模。,参保缴费人数；领取待遇人数；待遇金额,参保不等于领取待遇，不能用总人口直接算适龄参保率；不同制度保障水平不同。,EG-C_S02,全国：已覆盖（全国（具体统计边界见定义））；省级：无稳定公开数据（）；地级：无稳定公开数据（）；行业：无稳定公开数据（）；企业类型：不适用（）；居民群体：已覆盖（城镇职工养老；城乡居民养老）；机构部门：无稳定公开数据（）,https://www.stats.gov.cn/sj/zxfb/202602/t20260228_1962662.html
C044,基本医疗保险参保人数,保障覆盖,公开发布,年末基本医疗保险登记参保人数，职工与城乡居民分别列示。,万人,全国（具体统计边界见定义）,年,时点,存量,不适用,年末,C_S07,正式公报2025年133069.39，职工38856.12、居民94213.27。,图题列2020—2025；已访问2024公报、2025快报和2025正式公报。,年,正式公报医保参保133069.39万人、基金收入35921.32亿元、支出30055.19亿元，与3月快报略异，应保存版本。2025长护险扩大到所有实施地区，2023生育待遇人次加入产检，不拼接为同口径增长。,原文发布,,按原文统计范围、报告期和版本使用，不以缺失值代零。,D；S,S2；D3,观察医疗保障制度覆盖。,参保结构；目录内支付比例；个人负担,参保不等于均能得到同等报销；正式公报比快报修订。,EG-C_S07,全国：已覆盖（全国（具体统计边界见定义））；省级：无稳定公开数据（）；地级：无稳定公开数据（）；行业：无稳定公开数据（）；企业类型：不适用（）；居民群体：已覆盖（职工医保；城乡居民医保；在职职工；退休职工）；机构部门：无稳定公开数据（）,https://www.nhsa.gov.cn/art/2026/7/16/art_7_21451.html
C045,基本医保住院费用目录内基金支付比例,保障深度,公开发布,基本医保基金对住院目录内费用的支付比例，职工和居民制度分别公布。,%,全国（具体统计边界见定义）,年,比率,比率,不适用,全年,C_S07,职工84.1%、居民66.0%；三级/二级/一级及以下分列。,图题列2020—2025；已访问2024公报、2025快报和2025正式公报。,年,正式公报医保参保133069.39万人、基金收入35921.32亿元、支出30055.19亿元，与3月快报略异，应保存版本。2025长护险扩大到所有实施地区，2023生育待遇人次加入产检，不拼接为同口径增长。,原文发布,,按原文统计范围、报告期和版本使用，不以缺失值代零。,D,D3,衡量制度内住院费用分担。,次均住院费用；目录外费用；居民医疗支出,不包括所有目录外费用，不能解读为全部医疗开销的实际报销率；不是医疗需求可及性。,EG-C_S07,全国：已覆盖（全国（具体统计边界见定义））；省级：无稳定公开数据（）；地级：无稳定公开数据（）；行业：部分覆盖（三级医疗机构；二级医疗机构；一级及以下含未定级医疗机构）；企业类型：不适用（）；居民群体：已覆盖（职工医保；城乡居民医保）；机构部门：无稳定公开数据（）,https://www.nhsa.gov.cn/art/2026/7/16/art_7_21451.html
C046,基本医疗保险基金收入,再分配资金,公开发布,基本医保基金全年收入；职工基金含生育保险，居民基金另列。,亿元,全国（具体统计边界见定义）,年,期间,流量,名义,全年,C_S07,第一部分：2025年35921.32亿元。,图题列2020—2025；已访问2024公报、2025快报和2025正式公报。,年,正式公报医保参保133069.39万人、基金收入35921.32亿元、支出30055.19亿元，与3月快报略异，应保存版本。2025长护险扩大到所有实施地区，2023生育待遇人次加入产检，不拼接为同口径增长。,原文发布,,按原文统计范围、报告期和版本使用，不以缺失值代零。,D,D3,观察医疗保障资金收支规模。,统筹/个人账户；参保人数；基金累计结存,职工包含个人账户、统筹包含关系须分清；收入减支出不是统筹基金当期结存。,EG-C_S07,全国：已覆盖（全国（具体统计边界见定义））；省级：无稳定公开数据（）；地级：无稳定公开数据（）；行业：无稳定公开数据（）；企业类型：不适用（）；居民群体：无稳定公开数据（）；机构部门：部分覆盖（职工医保基金（含生育）；居民医保基金；职工统筹基金；职工个人账户）,https://www.nhsa.gov.cn/art/2026/7/16/art_7_21451.html
C047,基本医疗保险基金支出,再分配资金,公开发布,基本医保基金全年支出；职工基金含生育保险，居民基金另列。,亿元,全国（具体统计边界见定义）,年,期间,流量,名义,全年,C_S07,第一部分：2025年30055.19亿元。,图题列2020—2025；已访问2024公报、2025快报和2025正式公报。,年,正式公报医保参保133069.39万人、基金收入35921.32亿元、支出30055.19亿元，与3月快报略异，应保存版本。2025长护险扩大到所有实施地区，2023生育待遇人次加入产检，不拼接为同口径增长。,原文发布,,按原文统计范围、报告期和版本使用，不以缺失值代零。,D,D3,观察医疗保障资金收支规模。,统筹/个人账户；参保人数；基金累计结存,职工包含个人账户、统筹包含关系须分清；收入减支出不是统筹基金当期结存。,EG-C_S07,全国：已覆盖（全国（具体统计边界见定义））；省级：无稳定公开数据（）；地级：无稳定公开数据（）；行业：无稳定公开数据（）；企业类型：不适用（）；居民群体：无稳定公开数据（）；机构部门：部分覆盖（职工医保基金（含生育）；居民医保基金；职工统筹基金；职工个人账户）,https://www.nhsa.gov.cn/art/2026/7/16/art_7_21451.html
C048,最低生活保障人数,低收入托底,公开发布,年末获得城市或农村最低生活保障人数，按制度管理口径发布。,万人,全国（具体统计边界见定义）,年,时点,存量,不适用,年末,C_S02,第九部分：2025年城市595、农村3340万人。,全国年度统计公报目录已读，列2011—2025年度；本文多个图列2021—2025但本轮不转录未目视图值。,年,注1明确初步统计。医保有2026-07正式公报修订；此文医疗参保数只作快报版本记录。GDP与人口修订会改写比率。,原文发布,,按原文统计范围、报告期和版本使用，不以缺失值代零。,D,D3,识别基本生活救助覆盖规模。,低保标准；救助支出；低收入组收入,是行政认定覆盖，不能当全部低收入或贫困人口；地区认定标准不同。,EG-C_S02,全国：已覆盖（全国（具体统计边界见定义））；省级：无稳定公开数据（）；地级：无稳定公开数据（）；行业：无稳定公开数据（）；企业类型：不适用（）；居民群体：已覆盖（城市低保；农村低保）；机构部门：无稳定公开数据（）,https://www.stats.gov.cn/sj/zxfb/202602/t20260228_1962662.html
C049,全国发电装机容量,能源供给,公开发布,截至年末累计发电设备装机容量，按电源类型列示。,万千瓦,全国（具体统计边界见定义）,年,时点,存量,不适用,年末,C_S09,一览表：2025年389134；水44802、火153904、核6248、风64001、太阳能120173。,能源局栏目已见2025年1—11月、全年等月度发布；本页给全年及同比。,月（累计）、年,装机是容量而非供电量；新增低利用小时机组改变总平均，不能把下降全部归因于需求弱。,原文发布,,按原文统计范围、报告期和版本使用，不以缺失值代零。,S,S1；S2；S4,观察电力供给物理能力及结构。,发电量；利用小时；输电及储能条件,装机不是发电量、有效容量或全天候供电保障；分项不必覆盖全部类型。,EG-C_S09,全国：已覆盖（全国（具体统计边界见定义））；省级：无稳定公开数据（）；地级：无稳定公开数据（）；行业：已覆盖（水电；火电；核电；风电；太阳能）；企业类型：无稳定公开数据（）；居民群体：不适用（）；机构部门：无稳定公开数据（）,https://www.nea.gov.cn/20260129/6874f211acd0417eab7ac10c3061a7c2/c.html
C050,发电设备累计平均利用小时,能源利用,公开发布,全国6000千瓦及以上电厂发电设备全年累计平均利用小时。,小时,全国6000千瓦及以上电厂,年,比率,比率,不适用,全年,C_S09,正文与一览表：2025年3119小时，同比减少312小时（绝对量）。,能源局栏目已见2025年1—11月、全年等月度发布；本页给全年及同比。,月（累计）、年,装机是容量而非供电量；新增低利用小时机组改变总平均，不能把下降全部归因于需求弱。,原文发布,,按原文统计范围、报告期和版本使用，不以缺失值代零。,G；S,G2；S2；S4,辅助观察发电设备使用程度。,发电量；装机结构；水风光资源,受风光装机结构和天气影响，下降不自动证明需求弱或过剩；本页未发布各能源分项小时。,EG-C_S09,全国：已覆盖（全国6000千瓦及以上电厂）；省级：无稳定公开数据（）；地级：无稳定公开数据（）；行业：部分覆盖（全部电源合计）；企业类型：无稳定公开数据（）；居民群体：不适用（）；机构部门：无稳定公开数据（）,https://www.nea.gov.cn/20260129/6874f211acd0417eab7ac10c3061a7c2/c.html
C051,能源消费总量,能源需求约束,公开发布,报告期国民经济各行业及居民生活消费的各种能源总量，按标准煤折算，采用能源核算值。,亿吨标准煤,全国（具体统计边界见定义）,年,期间,流量,不适用,全年,C_S02,第十二部分：2025初步61.7亿吨标准煤，同比增长3.5%。,全国年度统计公报目录已读，列2011—2025年度；本文多个图列2021—2025但本轮不转录未目视图值。,年,注1明确初步统计。医保有2026-07正式公报修订；此文医疗参保数只作快报版本记录。GDP与人口修订会改写比率。,原文发布,,只使用官方能源核算总量；本轮能源年鉴定义PDF访问超时，未自行推导折标系数。,S,S1；S2,描述经济能源投入规模。,GDP实际量；能源构成；行业能耗,不可直接与未扣口径的单位GDP能耗降幅混用；标准煤换算、修订影响序列。,EG-C_S02,全国：已覆盖（全国（具体统计边界见定义））；省级：无稳定公开数据（）；地级：无稳定公开数据（）；行业：无稳定公开数据（）；企业类型：无稳定公开数据（）；居民群体：不适用（）；机构部门：无稳定公开数据（）,https://www.stats.gov.cn/sj/zxfb/202602/t20260228_1962662.html
C052,清洁能源消费占比,能源结构,公开发布,天然气、水电、核电、风电、太阳能等清洁能源消费占能源消费总量。,%,全国（具体统计边界见定义）,年,比率,比率,不适用,全年,C_S02,第十二部分：2025年30.4%，上升1.8个百分点。,全国年度统计公报目录已读，列2011—2025年度；本文多个图列2021—2025但本轮不转录未目视图值。,年,注1明确初步统计。医保有2026-07正式公报修订；此文医疗参保数只作快报版本记录。GDP与人口修订会改写比率。,原文发布,,按原文统计范围、报告期和版本使用，不以缺失值代零。,S,S1；S2；S3,跟踪能源投入组合转变。,煤炭占比；能源总量；碳排放,包括天然气，不能称非化石或可再生能源占比；与清洁发电量占比不同。,EG-C_S02,全国：已覆盖（全国（具体统计边界见定义））；省级：无稳定公开数据（）；地级：无稳定公开数据（）；行业：无稳定公开数据（）；企业类型：无稳定公开数据（）；居民群体：不适用（）；机构部门：无稳定公开数据（）,https://www.stats.gov.cn/sj/zxfb/202602/t20260228_1962662.html
C053,铁路营业里程,交通基础设施,公开发布,年末正式营业铁路线路长度。,万公里,全国（具体统计边界见定义）,年,时点,存量,不适用,年末,C_S08,第一部分：2025年16.5万公里，其中高铁5.0万公里。,本文图题明确2021—2025铁路/公路等序列；年度行业公报。,年,里程是物理供给量，不能证明可达性、利用率或投资收益；路网统计口径可能调整，公路客运增速按可比口径。,原文发布,,按原文统计范围、报告期和版本使用，不以缺失值代零。,S,S2,观察运输基础设施存量及技术等级。,运输周转量；通达时间；设施利用；维护质量,里程不是可达性、运输能力或财政回报；包含关系及不同分类不能重复求和。,EG-C_S08,全国：已覆盖（全国（具体统计边界见定义））；省级：无稳定公开数据（）；地级：无稳定公开数据（）；行业：已覆盖（铁路；高速铁路（包含于铁路））；企业类型：无稳定公开数据（）；居民群体：不适用（）；机构部门：无稳定公开数据（）,https://xxgk.mot.gov.cn/jigou/zhghs/202606/t20260618_4207752.html
C054,公路里程,交通基础设施,公开发布,年末全国公路线路长度。,万公里,全国（具体统计边界见定义）,年,时点,存量,不适用,年末,C_S08,第一部分：2025年557.89万公里，高速公路19.94万公里。,本文图题明确2021—2025铁路/公路等序列；年度行业公报。,年,里程是物理供给量，不能证明可达性、利用率或投资收益；路网统计口径可能调整，公路客运增速按可比口径。,原文发布,,按原文统计范围、报告期和版本使用，不以缺失值代零。,S,S2,观察运输基础设施存量及技术等级。,运输周转量；通达时间；设施利用；维护质量,里程不是可达性、运输能力或财政回报；包含关系及不同分类不能重复求和。,EG-C_S08,全国：已覆盖（全国（具体统计边界见定义））；省级：无稳定公开数据（）；地级：无稳定公开数据（）；行业：已覆盖（高速；一级；二级；三级；四级；等外公路；国省县乡村道另为行政分类）；企业类型：无稳定公开数据（）；居民群体：不适用（）；机构部门：无稳定公开数据（）,https://xxgk.mot.gov.cn/jigou/zhghs/202606/t20260618_4207752.html
C055,内河航道通航里程,交通基础设施,公开发布,年末内河可通航航道长度。,万公里,全国（具体统计边界见定义）,年,时点,存量,不适用,年末,C_S08,第一部分：2025年12.87万公里；七级及以上6.86万公里。,本文图题明确2021—2025铁路/公路等序列；年度行业公报。,年,里程是物理供给量，不能证明可达性、利用率或投资收益；路网统计口径可能调整，公路客运增速按可比口径。,原文发布,,按原文统计范围、报告期和版本使用，不以缺失值代零。,S,S2,观察运输基础设施存量及技术等级。,运输周转量；通达时间；设施利用；维护质量,里程不是可达性、运输能力或财政回报；包含关系及不同分类不能重复求和。,EG-C_S08,全国：已覆盖（全国（具体统计边界见定义））；省级：无稳定公开数据（）；地级：无稳定公开数据（）；行业：已覆盖（一级至七级；等外航道）；企业类型：无稳定公开数据（）；居民群体：不适用（）；机构部门：无稳定公开数据（）,https://xxgk.mot.gov.cn/jigou/zhghs/202606/t20260618_4207752.html
C056,城镇非私营单位就业人员年平均工资,单位劳动收入,公开发布,报告年度单位就业人员工资总额除以就业人员平均人数。为税前工资，含现金、实物及个人税费、社保和公积金代扣；不含工会经费支付、入股分红、股权激励兑现及资本性收益。,元/人·年,城镇地域内就业人数5人及以上法人单位（含统计认定视同法人产业活动单位）的就业人员；不含个体工商户和自由职业者。其中非私营为除私营以外的内资（含机关事业）、港澳台及外商投资单位。,年,期间,流量,名义,全年,C_S15,第一部分；表1—3。2025年129441元，2024年124110元；2025名义4.3%、实际4.2%。,2025工资年度发布；2024—2025总量及非私营/私营分组对照已读，岗位矩阵本次仅核验2025。,年,2023起采用新登记注册统计类别；行业按GB/T4754-2017。调查单位及行业人员构成变化会影响平均数，不能把均值增速当作每名在职者加薪幅度。,原文发布,,使用同一统计范围和报告期的单位工资总额/平均人数口径。原值为名义工资，若使用实际增速须引用原文价格调整，不自行混用住户可支配收入。,D；G；I,G1；G3；G4；I4；D2；D3,观察单位就业人员劳动收入水平及行业、登记类型或岗位差异。,就业人数与构成；居民工资性收入；居民消费价格；工作时长；劳动生产率,不是居民人均工资性收入、税后到手工资、中位数或全体劳动者平均收入；非私营不等于国有。规上范围按各行业门槛，不能视作全部企业。,EG-城镇单位工资,全国：已覆盖（全国；东部地区；中部地区；西部地区；东北地区）；省级：无稳定公开数据（）；地级：无稳定公开数据（）；行业：已覆盖（农、林、牧、渔业；采矿业；制造业；电力、热力、燃气及水生产和供应业；建筑业；批发和零售业；交通运输、仓储和邮政业；住宿和餐饮业；信息传输、软件和信息技术服务业；金融业；房地产业；租赁和商务服务业；科学研究和技术服务业；水利、环境和公共设施管理业；居民服务、修理和其他服务业；教育；卫生和社会工作；文化、体育和娱乐业；公共管理、社会保障和社会组织）；企业类型：已覆盖（非私营内资单位；港澳台投资单位；外商投资单位）；居民群体：无稳定公开数据（）；机构部门：无稳定公开数据（）,https://www.stats.gov.cn/sj/zxfb/202605/t20260515_1963707.html
C057,城镇私营单位就业人员年平均工资,单位劳动收入,公开发布,报告年度单位就业人员工资总额除以就业人员平均人数。为税前工资，含现金、实物及个人税费、社保和公积金代扣；不含工会经费支付、入股分红、股权激励兑现及资本性收益。,元/人·年,城镇地域内就业人数5人及以上法人单位（含统计认定视同法人产业活动单位）的就业人员；不含个体工商户和自由职业者。其中私营为私营有限责任公司、私营股份有限公司、个人独资及合伙企业。,年,期间,流量,名义,全年,C_S15,第二部分；表4—5。2025年71590元，2024年69476元；2025名义3.0%、实际2.9%。,2025工资年度发布；2024—2025总量及非私营/私营分组对照已读，岗位矩阵本次仅核验2025。,年,2023起采用新登记注册统计类别；行业按GB/T4754-2017。调查单位及行业人员构成变化会影响平均数，不能把均值增速当作每名在职者加薪幅度。,原文发布,,使用同一统计范围和报告期的单位工资总额/平均人数口径。原值为名义工资，若使用实际增速须引用原文价格调整，不自行混用住户可支配收入。,D；G；I,G1；G3；G4；I4；D2；D3,观察单位就业人员劳动收入水平及行业、登记类型或岗位差异。,就业人数与构成；居民工资性收入；居民消费价格；工作时长；劳动生产率,不是居民人均工资性收入、税后到手工资、中位数或全体劳动者平均收入；非私营不等于国有。规上范围按各行业门槛，不能视作全部企业。,EG-城镇单位工资,全国：已覆盖（全国；东部地区；中部地区；西部地区；东北地区）；省级：无稳定公开数据（）；地级：无稳定公开数据（）；行业：已覆盖（农、林、牧、渔业；采矿业；制造业；电力、热力、燃气及水生产和供应业；建筑业；批发和零售业；交通运输、仓储和邮政业；住宿和餐饮业；信息传输、软件和信息技术服务业；金融业；房地产业；租赁和商务服务业；科学研究和技术服务业；水利、环境和公共设施管理业；居民服务、修理和其他服务业；教育；卫生和社会工作；文化、体育和娱乐业）；企业类型：已覆盖（城镇私营法人单位）；居民群体：无稳定公开数据（）；机构部门：无稳定公开数据（）,https://www.stats.gov.cn/sj/zxfb/202605/t20260515_1963707.html
C058,规模以上企业就业人员分岗位年平均工资,单位劳动收入,公开发布,报告年度单位就业人员工资总额除以就业人员平均人数。为税前工资，含现金、实物及个人税费、社保和公积金代扣；不含工会经费支付、入股分红、股权激励兑现及资本性收益。 各岗位用其工资总额/平均就业人数计算；不是固定相同劳动者的追踪工资。,元/人·年,城镇地域内就业人数5人及以上法人单位（含统计认定视同法人产业活动单位）的就业人员；不含个体工商户和自由职业者。规上含工业、有资质建筑、限额以上批零住餐、全部活动房地产开发及规模以上服务业共16行业。,年,期间,流量,名义,全年,C_S15,第三部分；表6—8。2025合计106080元；管理210016、专业技术155491、办事94936、社会生产生活服务79857、生产制造80739元。,2025工资年度发布；2024—2025总量及非私营/私营分组对照已读，岗位矩阵本次仅核验2025。,年,2023起采用新登记注册统计类别；行业按GB/T4754-2017。调查单位及行业人员构成变化会影响平均数，不能把均值增速当作每名在职者加薪幅度。 五类岗位按职业分类大典2022年版。,原文发布,,使用同一统计范围和报告期的单位工资总额/平均人数口径。原值为名义工资，若使用实际增速须引用原文价格调整，不自行混用住户可支配收入。,D；G；I,G1；G3；G4；I4；D2；D3,观察单位就业人员劳动收入水平及行业、登记类型或岗位差异。,就业人数与构成；居民工资性收入；居民消费价格；工作时长；劳动生产率,不是居民人均工资性收入、税后到手工资、中位数或全体劳动者平均收入；非私营不等于国有。规上范围按各行业门槛，不能视作全部企业。,EG-城镇单位工资,全国：已覆盖（全国；东部地区；中部地区；西部地区；东北地区；中层及以上管理人员；专业技术人员；办事人员和有关人员；社会生产服务和生活服务人员；生产制造及有关人员）；省级：无稳定公开数据（）；地级：无稳定公开数据（）；行业：已覆盖（采矿业；制造业；电力、热力、燃气及水生产和供应业；建筑业；批发和零售业；交通运输、仓储和邮政业；住宿和餐饮业；信息传输、软件和信息技术服务业；房地产业；租赁和商务服务业；科学研究和技术服务业；水利、环境和公共设施管理业；居民服务、修理和其他服务业；教育；卫生和社会工作；文化、体育和娱乐业）；企业类型：已覆盖（内资企业；港澳台投资企业；外商投资企业）；居民群体：部分覆盖（中层及以上管理人员；专业技术人员；办事人员和有关人员；社会生产服务和生活服务人员；生产制造及有关人员）；机构部门：无稳定公开数据（）,https://www.stats.gov.cn/sj/zxfb/202605/t20260515_1963707.html
C059,技术合同成交额,技术市场交易,公开发布,年度登记技术合同的成交项目总金额。与扣除非技术性费用的技术交易额、合同履约后实际技术性收入分别统计；成交额可含非技术性合同部分，不能全部视作技术知识增加值。,亿元,全国登记的技术合同成交项目,年,期间,流量,名义,全年,C_S02,2025国民经济和社会发展统计公报第十部分：全年签订技术合同104万项，成交金额75734亿元，同比增长10.8%；附注数据来源为工业和信息化部。定义C_S16第51—52条；2026制度C_S17。,国家统计局年度综合公报固定科技章节发布；本轮核验2025总額与同比及历史认定规则，不声称已核转全部年度或省际矩阵。,年,C_S17管理办法2026-03-01起实施：技术许可单列，里程碑/提成支付按实现金额登记，政府项目不含主体自筹资金；须向后续年度核查可比范围，不把2026条款反推2025。合同变更、登记动机与大额合同会影响序列。,原文发布,,采用已登记、按年度发布的原始金额；核对成交额而非技术交易额或实际收入。技术合同可能跨年履行，不将登记额直接当本年现金流。,I；S,I2；I3；S3,观察登记技术市场活动的规模，为成果转化提供交易环节证据。,技术合同项数；合同类型；实际技术性收入；专利产业化率；新产品销售收入；研发投入,不是企业创新净利润、创新ROI、技术增加值或全市场全部交易；与研发经费不可相加，不据增长直接认定技术自主替代。,EG-C_S02,全国：已覆盖（全国登记技术合同）；省级：无稳定公开数据（）；地级：无稳定公开数据（）；行业：无稳定公开数据（）；企业类型：无稳定公开数据（）；居民群体：无稳定公开数据（）；机构部门：无稳定公开数据（）,https://www.stats.gov.cn/sj/zxfb/202602/t20260228_1962662.html
R001,机构部门增加值,国民核算与部门分配,公开发布,部门生产活动创造的增加值；使用国内合计作全国生产口径分母。,亿元,国民经济核算常住机构单位；国外按非常住单位交易记录,年度,期间,流量,名义,全年,R_FOF,表3-15；二、增加值,已核验2023表；简要说明确认1992年以来历史修订，完整逐年覆盖未展开采集,年度；分类标准随版本修订,第五次经济普查后历史修订；沿用同一版本，不拼接旧表,原文发布,,同年份同版本；来源和运用分别选取；空白不按零值推断,D；G,G3；G4；D4,连接部门收入、支出与资金余缺；需结合相邻账户解释变化。,部门可支配收入、消费、储蓄、资本形成及净金融投资,统计部门不是所有制分类；实际最终消费中的实际不表示不变价。,EG-资金流量,全国：已覆盖（中国内地国民核算口径）；省级：无稳定公开数据（）；地级：无稳定公开数据（）；行业：无稳定公开数据（）；企业类型：无稳定公开数据（）；居民群体：不适用（）；机构部门：部分覆盖（非金融企业；金融机构；广义政府；住户）,https://www.stats.gov.cn/sj/ndsj/2025/html/C03-15.jpg
R002,机构部门劳动者报酬,国民核算与部门分配,公开发布,从事生产活动取得的货币及实物劳动报酬，含按官方定义计入的社保等项目；运用与来源不同。,亿元,国民经济核算常住机构单位；国外按非常住单位交易记录,年度,期间,流量,名义,全年,R_FOF,表3-15；三、劳动者报酬,已核验2023表；简要说明确认1992年以来历史修订，完整逐年覆盖未展开采集,年度；分类标准随版本修订,第五次经济普查后历史修订；沿用同一版本，不拼接旧表,原文发布,,同年份同版本；来源和运用分别选取；空白不按零值推断,D,D2；D4,连接部门收入、支出与资金余缺；需结合相邻账户解释变化。,部门可支配收入、消费、储蓄、资本形成及净金融投资,统计部门不是所有制分类；实际最终消费中的实际不表示不变价。,EG-资金流量,全国：已覆盖（中国内地国民核算口径）；省级：无稳定公开数据（）；地级：无稳定公开数据（）；行业：无稳定公开数据（）；企业类型：无稳定公开数据（）；居民群体：不适用（）；机构部门：部分覆盖（非金融企业；金融机构；广义政府；住户；国外）,https://www.stats.gov.cn/sj/ndsj/2025/html/C03-15.jpg
R003,机构部门初次分配总收入,国民核算与部门分配,公开发布,生产形成的收入经劳动报酬、生产税净额和财产收入分配后的部门总收入。,亿元,国民经济核算常住机构单位；国外按非常住单位交易记录,年度,期间,流量,名义,全年,R_FOF,表3-15；六、初次分配总收入,已核验2023表；简要说明确认1992年以来历史修订，完整逐年覆盖未展开采集,年度；分类标准随版本修订,第五次经济普查后历史修订；沿用同一版本，不拼接旧表,原文发布,,同年份同版本；来源和运用分别选取；空白不按零值推断,D,D4,连接部门收入、支出与资金余缺；需结合相邻账户解释变化。,部门可支配收入、消费、储蓄、资本形成及净金融投资,统计部门不是所有制分类；实际最终消费中的实际不表示不变价。,EG-资金流量,全国：已覆盖（中国内地国民核算口径）；省级：无稳定公开数据（）；地级：无稳定公开数据（）；行业：无稳定公开数据（）；企业类型：无稳定公开数据（）；居民群体：不适用（）；机构部门：部分覆盖（非金融企业；金融机构；广义政府；住户）,https://www.stats.gov.cn/sj/ndsj/2025/html/C03-15.jpg
R004,机构部门可支配总收入,国民核算与部门分配,公开发布,初次分配总收入经经常转移收支调整后的部门可支配总收入。,亿元,国民经济核算常住机构单位；国外按非常住单位交易记录,年度,期间,流量,名义,全年,R_FOF,表3-15；八、可支配总收入,已核验2023表；简要说明确认1992年以来历史修订，完整逐年覆盖未展开采集,年度；分类标准随版本修订,第五次经济普查后历史修订；沿用同一版本，不拼接旧表,原文发布,,同年份同版本；来源和运用分别选取；空白不按零值推断,D,D3；D4,连接部门收入、支出与资金余缺；需结合相邻账户解释变化。,部门可支配收入、消费、储蓄、资本形成及净金融投资,统计部门不是所有制分类；实际最终消费中的实际不表示不变价。,EG-资金流量,全国：已覆盖（中国内地国民核算口径）；省级：无稳定公开数据（）；地级：无稳定公开数据（）；行业：无稳定公开数据（）；企业类型：无稳定公开数据（）；居民群体：不适用（）；机构部门：部分覆盖（非金融企业；金融机构；广义政府；住户）,https://www.stats.gov.cn/sj/ndsj/2025/html/C03-15.jpg
R005,机构部门实物社会转移,国民核算与部门分配,公开发布,政府免费或以非显著经济价格向住户提供消费性货物服务的价值。,亿元,国民经济核算常住机构单位；国外按非常住单位交易记录,年度,期间,流量,名义,全年,R_FOF,表3-15；九、实物社会转移,已核验2023表；简要说明确认1992年以来历史修订，完整逐年覆盖未展开采集,年度；分类标准随版本修订,第五次经济普查后历史修订；沿用同一版本，不拼接旧表,原文发布,,同年份同版本；来源和运用分别选取；空白不按零值推断,D,D3；D4,连接部门收入、支出与资金余缺；需结合相邻账户解释变化。,部门可支配收入、消费、储蓄、资本形成及净金融投资,统计部门不是所有制分类；实际最终消费中的实际不表示不变价。,EG-资金流量,全国：已覆盖（中国内地国民核算口径）；省级：无稳定公开数据（）；地级：无稳定公开数据（）；行业：无稳定公开数据（）；企业类型：无稳定公开数据（）；居民群体：不适用（）；机构部门：部分覆盖（广义政府；住户）,https://www.stats.gov.cn/sj/ndsj/2025/html/C03-15.jpg
R006,机构部门调整后可支配总收入,国民核算与部门分配,公开发布,部门可支配总收入再按实物社会转移调整，匹配实际最终消费归属。,亿元,国民经济核算常住机构单位；国外按非常住单位交易记录,年度,期间,流量,名义,全年,R_FOF,表3-15；十、调整后可支配总收入,已核验2023表；简要说明确认1992年以来历史修订，完整逐年覆盖未展开采集,年度；分类标准随版本修订,第五次经济普查后历史修订；沿用同一版本，不拼接旧表,原文发布,,同年份同版本；来源和运用分别选取；空白不按零值推断,D,D3；D4,连接部门收入、支出与资金余缺；需结合相邻账户解释变化。,部门可支配收入、消费、储蓄、资本形成及净金融投资,统计部门不是所有制分类；实际最终消费中的实际不表示不变价。,EG-资金流量,全国：已覆盖（中国内地国民核算口径）；省级：无稳定公开数据（）；地级：无稳定公开数据（）；行业：无稳定公开数据（）；企业类型：无稳定公开数据（）；居民群体：不适用（）；机构部门：部分覆盖（非金融企业；金融机构；广义政府；住户）,https://www.stats.gov.cn/sj/ndsj/2025/html/C03-15.jpg
R007,机构部门实际最终消费,国民核算与部门分配,公开发布,按实际享有货物服务的部门归属计量的最终消费，包括住户接受的实物社会转移；不是不变价消费。,亿元,国民经济核算常住机构单位；国外按非常住单位交易记录,年度,期间,流量,名义,全年,R_FOF,表3-15；十一、实际最终消费,已核验2023表；简要说明确认1992年以来历史修订，完整逐年覆盖未展开采集,年度；分类标准随版本修订,第五次经济普查后历史修订；沿用同一版本，不拼接旧表,原文发布,,同年份同版本；来源和运用分别选取；空白不按零值推断,D,D3；D4,连接部门收入、支出与资金余缺；需结合相邻账户解释变化。,部门可支配收入、消费、储蓄、资本形成及净金融投资,统计部门不是所有制分类；实际最终消费中的实际不表示不变价。,EG-资金流量,全国：已覆盖（中国内地国民核算口径）；省级：无稳定公开数据（）；地级：无稳定公开数据（）；行业：无稳定公开数据（）；企业类型：无稳定公开数据（）；居民群体：不适用（）；机构部门：部分覆盖（广义政府；住户）,https://www.stats.gov.cn/sj/ndsj/2025/html/C03-15.jpg
R008,机构部门总储蓄,国民核算与部门分配,公开发布,可支配总收入减最终消费支出的余额；与银行存款增加不同。,亿元,国民经济核算常住机构单位；国外按非常住单位交易记录,年度,期间,流量,名义,全年,R_FOF,表3-15；十二、总储蓄,已核验2023表；简要说明确认1992年以来历史修订，完整逐年覆盖未展开采集,年度；分类标准随版本修订,第五次经济普查后历史修订；沿用同一版本，不拼接旧表,原文发布,,同年份同版本；来源和运用分别选取；空白不按零值推断,D；M,M2；D1；D4,连接部门收入、支出与资金余缺；需结合相邻账户解释变化。,部门可支配收入、消费、储蓄、资本形成及净金融投资,统计部门不是所有制分类；实际最终消费中的实际不表示不变价。,EG-资金流量,全国：已覆盖（中国内地国民核算口径）；省级：无稳定公开数据（）；地级：无稳定公开数据（）；行业：无稳定公开数据（）；企业类型：无稳定公开数据（）；居民群体：不适用（）；机构部门：部分覆盖（非金融企业；金融机构；广义政府；住户；国外）,https://www.stats.gov.cn/sj/ndsj/2025/html/C03-15.jpg
R009,机构部门资本形成总额,国民核算与部门分配,公开发布,获得减处置的生产性固定资产和存货形成；不是固定资产投资统计额。,亿元,国民经济核算常住机构单位；国外按非常住单位交易记录,年度,期间,流量,名义,全年,R_FOF,表3-15；十四、资本形成总额,已核验2023表；简要说明确认1992年以来历史修订，完整逐年覆盖未展开采集,年度；分类标准随版本修订,第五次经济普查后历史修订；沿用同一版本，不拼接旧表,原文发布,,同年份同版本；来源和运用分别选取；空白不按零值推断,D；G,G2；D1；D4,连接部门收入、支出与资金余缺；需结合相邻账户解释变化。,部门可支配收入、消费、储蓄、资本形成及净金融投资,统计部门不是所有制分类；实际最终消费中的实际不表示不变价。,EG-资金流量,全国：已覆盖（中国内地国民核算口径）；省级：无稳定公开数据（）；地级：无稳定公开数据（）；行业：无稳定公开数据（）；企业类型：无稳定公开数据（）；居民群体：不适用（）；机构部门：部分覆盖（非金融企业；金融机构；广义政府；住户）,https://www.stats.gov.cn/sj/ndsj/2025/html/C03-15.jpg
R010,机构部门净金融投资,国民核算与部门分配,公开发布,部门非金融投资后的资金余缺；来源与运用、统计差额均依原表保留。,亿元,国民经济核算常住机构单位；国外按非常住单位交易记录,年度,期间,流量,名义,全年,R_FOF,表3-15；十六、净金融投资,已核验2023表；简要说明确认1992年以来历史修订，完整逐年覆盖未展开采集,年度；分类标准随版本修订,第五次经济普查后历史修订；沿用同一版本，不拼接旧表,原文发布,,同年份同版本；来源和运用分别选取；空白不按零值推断,D；F,F1；D4,连接部门收入、支出与资金余缺；需结合相邻账户解释变化。,部门可支配收入、消费、储蓄、资本形成及净金融投资,统计部门不是所有制分类；实际最终消费中的实际不表示不变价。,EG-资金流量,全国：已覆盖（中国内地国民核算口径）；省级：无稳定公开数据（）；地级：无稳定公开数据（）；行业：无稳定公开数据（）；企业类型：无稳定公开数据（）；居民群体：不适用（）；机构部门：部分覆盖（非金融企业；金融机构；广义政府；住户；国外）,https://www.stats.gov.cn/sj/ndsj/2025/html/C03-15.jpg
R011,机构部门财产收入,国民核算与部门分配,公开发布,利息、红利、地租及其他财产收入和支出；分别读取来源和运用。,亿元,国民经济核算常住机构单位；国外按非常住单位交易记录,年度,期间,流量,名义,全年,R_FOF,表3-15；五、财产收入,已核验2023表；简要说明确认1992年以来历史修订，完整逐年覆盖未展开采集,年度；分类标准随版本修订,第五次经济普查后历史修订；沿用同一版本，不拼接旧表,原文发布,,同年份同版本；来源和运用分别选取；空白不按零值推断,D,D4,连接部门收入、支出与资金余缺；需结合相邻账户解释变化。,部门可支配收入、消费、储蓄、资本形成及净金融投资,统计部门不是所有制分类；实际最终消费中的实际不表示不变价。,EG-资金流量,全国：已覆盖（中国内地国民核算口径）；省级：无稳定公开数据（）；地级：无稳定公开数据（）；行业：无稳定公开数据（）；企业类型：无稳定公开数据（）；居民群体：不适用（）；机构部门：部分覆盖（非金融企业；金融机构；广义政府；住户；国外）,https://www.stats.gov.cn/sj/ndsj/2025/html/C03-15.jpg
R012,机构部门经常转移,国民核算与部门分配,公开发布,经常税、社会保险缴款、福利、补助等转移收支，按来源和运用记录。,亿元,国民经济核算常住机构单位；国外按非常住单位交易记录,年度,期间,流量,名义,全年,R_FOF,表3-15；七、经常转移,已核验2023表；简要说明确认1992年以来历史修订，完整逐年覆盖未展开采集,年度；分类标准随版本修订,第五次经济普查后历史修订；沿用同一版本，不拼接旧表,原文发布,,同年份同版本；来源和运用分别选取；空白不按零值推断,D,D4,连接部门收入、支出与资金余缺；需结合相邻账户解释变化。,部门可支配收入、消费、储蓄、资本形成及净金融投资,统计部门不是所有制分类；实际最终消费中的实际不表示不变价。,EG-资金流量,全国：已覆盖（中国内地国民核算口径）；省级：无稳定公开数据（）；地级：无稳定公开数据（）；行业：无稳定公开数据（）；企业类型：无稳定公开数据（）；居民群体：不适用（）；机构部门：部分覆盖（非金融企业；金融机构；广义政府；住户；国外）,https://www.stats.gov.cn/sj/ndsj/2025/html/C03-15.jpg
R013,住户部门可支配总收入占比,国民核算与部门分配,透明派生,住户部门在国内可支配总收入中的份额。,%,资金流量表同版机构部门,年度,比率,比率,名义,全年,R_FOF,表3-15，按公式括号定位,由可比原值决定；当前已核验2023样本,年度；分类标准随版本修订,与输入序列同版修订,"R004[住户,来源] / R004[国内合计,来源] × 100",R004,同年份同版本；分母>0；缺输入不计算。分母为同表国内合计，不用住户调查人均收入乘人口替代。,D,D3；D4,住户部门在国内可支配总收入中的份额。比较变化需同时看分子与分母。,居民分组收入、消费和部门核算,分母为同表国内合计，不用住户调查人均收入乘人口替代。,EG-资金流量,全国：已覆盖（全国住户部门）；省级：无稳定公开数据（）；地级：无稳定公开数据（）；行业：无稳定公开数据（）；企业类型：无稳定公开数据（）；居民群体：不适用（）；机构部门：部分覆盖（住户）,https://www.stats.gov.cn/sj/ndsj/2025/html/C03-15.jpg
R014,住户部门总储蓄率,国民核算与部门分配,透明派生,住户部门总储蓄占可支配总收入的比例。,%,资金流量表同版机构部门,年度,比率,比率,名义,全年,R_FOF,表3-15，按公式括号定位,由可比原值决定；当前已核验2023样本,年度；分类标准随版本修订,与输入序列同版修订,"R008[住户] / R004[住户,来源] × 100",R008；R004,同年份同版本；分母>0；缺输入不计算。国民核算部门储蓄率；不是存款增量/收入，也不同于住户调查消费收入比。,D；M,M2；D4,住户部门总储蓄占可支配总收入的比例。比较变化需同时看分子与分母。,居民分组收入、消费和部门核算,国民核算部门储蓄率；不是存款增量/收入，也不同于住户调查消费收入比。,EG-资金流量,全国：已覆盖（全国住户部门）；省级：无稳定公开数据（）；地级：无稳定公开数据（）；行业：无稳定公开数据（）；企业类型：无稳定公开数据（）；居民群体：不适用（）；机构部门：部分覆盖（住户）,https://www.stats.gov.cn/sj/ndsj/2025/html/C03-15.jpg
R015,国内劳动者报酬占增加值比重,国民核算与部门分配,透明派生,国内生产过程中支付的劳动者报酬占增加值比例，保留统计劳动报酬定义。,%,资金流量表同版机构部门,年度,比率,比率,名义,全年,R_FOF,表3-15，按公式括号定位,由可比原值决定；当前已核验2023样本,年度；分类标准随版本修订,与输入序列同版修订,"R002[国内合计,运用] / R001[国内合计,来源] × 100",R002；R001,同年份同版本；分母>0；缺输入不计算。不用住户来源列取代国内运用列；混合收入等按官方分类，不自定分拆。,D,D2；D4,国内生产过程中支付的劳动者报酬占增加值比例，保留统计劳动报酬定义。比较变化需同时看分子与分母。,居民分组收入、消费和部门核算,不用住户来源列取代国内运用列；混合收入等按官方分类，不自定分拆。,EG-资金流量,全国：已覆盖（国内合计）；省级：无稳定公开数据（）；地级：无稳定公开数据（）；行业：无稳定公开数据（）；企业类型：无稳定公开数据（）；居民群体：不适用（）；机构部门：无稳定公开数据（）,https://www.stats.gov.cn/sj/ndsj/2025/html/C03-15.jpg
R016,住户实物社会转移增益比,国民核算与部门分配,透明派生,住户获得的实物社会转移相对其可支配总收入的比例。,%,资金流量表同版机构部门,年度,比率,比率,名义,全年,R_FOF,表3-15，按公式括号定位,由可比原值决定；当前已核验2023样本,年度；分类标准随版本修订,与输入序列同版修订,"R005[住户,来源] / R004[住户,来源] × 100",R005；R004,同年份同版本；分母>0；缺输入不计算。反映非现金公共服务的归属，不等于现金补贴或居民可自由支配现金。,D,D3；D4,住户获得的实物社会转移相对其可支配总收入的比例。比较变化需同时看分子与分母。,居民分组收入、消费和部门核算,反映非现金公共服务的归属，不等于现金补贴或居民可自由支配现金。,EG-资金流量,全国：已覆盖（全国住户部门）；省级：无稳定公开数据（）；地级：无稳定公开数据（）；行业：无稳定公开数据（）；企业类型：无稳定公开数据（）；居民群体：不适用（）；机构部门：部分覆盖（住户）,https://www.stats.gov.cn/sj/ndsj/2025/html/C03-15.jpg
E001,规上工业增加值实际增长,产出与景气,公开发布,反映工业生产物量变动的扣除价格因素增速；包含月度同比、累计同比及另行标识的季调环比。,%,年主营业务收入2000万元及以上工业企业,月度（1月免报）,比率,比率,实际,当期,E_S01,正文首段、主要数据表增加值行；附注1、2、3、5,附注规定月度全面调查、1月免报；本页有2024年12月至2025年12月季调环比表，未逐年下载历史全库。,月度（1月免报）,样本进退和跨地区集团重复值剔除改变同期基数；GB/T 4754—2017；季调环比会修订；产品和行业的分类成员不能机械相加。,原文发布,,当月同比、累计同比、季调环比分别记录，不混用；12月5.2%、全年5.9%，季调环比0.49%；期次由记录额外标识。,D；G；I；K；S,K1；G2；I3；I4；S4；D1,衡量工业产出变化，与利用率和利润共同验证需求传导。,工业产能利用率、工业销售率、PPI、工业利润,增长率不是增加值金额；不能由不同价同比直接倒推出工业利润；不覆盖规下工业。,EG-E_S01,全国：已覆盖（年主营业务收入2000万元及以上工业企业）；省级：无稳定公开数据（）；地级：无稳定公开数据（）；行业：部分覆盖（采矿业；制造业；电力、热力、燃气及水生产和供应业；煤炭开采和洗选业；石油和天然气开采业；农副食品加工业；食品制造业；酒、饮料和精制茶制造业；纺织业；化学原料和化学制品制造业；医药制造业；橡胶和塑料制品业；非金属矿物制品业；黑色金属冶炼和压延加工业；有色金属冶炼和压延加工业；金属制品业；通用设备制造业；专用设备制造业；汽车制造业；铁路、船舶、航空航天和其他运输设备制造业；电气机械和器材制造业；计算机、通信和其他电子设备制造业；电力、热力生产和供应业；高技术制造业）；企业类型：部分覆盖（国有控股企业；股份制企业；外商及港澳台投资企业；私营企业）；居民群体：不适用（）；机构部门：无稳定公开数据（）,https://www.stats.gov.cn/zwfwck/sjfb/202601/t20260119_1962329.html
E002,规上工业产品销售率,产销衔接,公开发布,工业销售产值占工业总产值的比率。,%,年主营业务收入2000万元及以上工业企业,月度（1月免报）,比率,比率,不适用,当期,E_S01,主要数据表产品销售率行；附注1,附注规定月度全面调查、1月免报；本页有2024年12月至2025年12月季调环比表，未逐年下载历史全库。,月度（1月免报）,样本进退和跨地区集团重复值剔除改变同期基数；GB/T 4754—2017；季调环比会修订；产品和行业的分类成员不能机械相加。,原文发布,,分母为同期工业总产值；全年96.4%、同比下降0.4个百分点；月度98.2%与累计96.4%独立记录。,D；G；K,K1；G2；D1,观察生产与销售衔接，需联合库存和回款。,产成品存货、应收账款周转、工业增加值,销售产值不是营业收入或销售回款；100减销售率不能充当库存增长率。,EG-E_S01,全国：已覆盖（年主营业务收入2000万元及以上工业企业）；省级：无稳定公开数据（）；地级：无稳定公开数据（）；行业：无稳定公开数据（）；企业类型：无稳定公开数据（）；居民群体：不适用（）；机构部门：无稳定公开数据（）,https://www.stats.gov.cn/zwfwck/sjfb/202601/t20260119_1962329.html
E003,规上工业出口交货值,外需传导,公开发布,工业企业自营或委托出口、交外贸部门出口以及加工装配等相关产品价值。,亿元,年主营业务收入2000万元及以上工业企业,月度（1月免报）,期间,流量,名义,当期,E_S01,主要数据表出口交货值行；附注1,附注规定月度全面调查、1月免报；本页有2024年12月至2025年12月季调环比表，未逐年下载历史全库。,月度（1月免报）,样本进退和跨地区集团重复值剔除改变同期基数；GB/T 4754—2017；季调环比会修订；产品和行业的分类成员不能机械相加。,原文发布,,保留当月与累计标识及名义同比；2025全年158052亿元、增2.2%，12月14932亿元、增3.2%。,G；K；S,K1；G2；S3,从工业企业交货端观察外需相关名义活动。,海关出口额及数量、行业价格、工业利润,不是海关离境出口额；范围、时点和计价有差别；不可视为实际外需增长。,EG-E_S01,全国：已覆盖（年主营业务收入2000万元及以上工业企业）；省级：无稳定公开数据（）；地级：无稳定公开数据（）；行业：无稳定公开数据（）；企业类型：无稳定公开数据（）；居民群体：不适用（）；机构部门：无稳定公开数据（）,https://www.stats.gov.cn/zwfwck/sjfb/202601/t20260119_1962329.html
E004,规上工业主要产品产量（产品家族）,产业结构与供需,公开发布,按产品统计制度记录规上工业实物产量及同比；本指标以产品家族管理，不把每种产品拆为独立框架指标。,万吨、万辆、亿千瓦时等（逐产品固定单位）,年主营业务收入2000万元及以上工业企业,月度（1月免报）,期间,流量,不适用,当期,E_S01,工业生产主要数据表主要产品产量段；附注1—4,附注规定月度全面调查、1月免报；本页有2024年12月至2025年12月季调环比表，未逐年下载历史全库。,月度（1月免报）,样本进退和跨地区集团重复值剔除改变同期基数；GB/T 4754—2017；季调环比会修订；产品和行业的分类成员不能机械相加。,原文发布,,已核验产品成员：布、硫酸、烧碱、乙烯、化学纤维、水泥、平板玻璃、生铁、粗钢、钢材、十种有色金属及原铝、金属切削机床、工业机器人、服务机器人、汽车及轿车/SUV/新能源汽车、发电设备、太阳能电池、微型计算机、移动通信手持机及智能手机、集成电路、原煤、焦炭、原油、原油加工量、天然气、发电量及火电/水电/核电/风电/太阳能发电。全国当月及累计；如2025汽车3477.8万辆、增9.8%，新能源汽车1652.4万辆、增25.1%。不得用单产品代表全行业。,G；I；K；S,K1；G2；I2；I3；S3,用实物量检验名义收入与价格变化，观察产品结构。,对应产品价格、行业产能利用率、销售与库存、行业利润,不同物理单位不能相加；汽车与新能源、手机与智能手机有包含关系；累计差分不保证月度可比。,EG-E_S01,全国：已覆盖（年主营业务收入2000万元及以上工业企业）；省级：无稳定公开数据（）；地级：无稳定公开数据（）；行业：无稳定公开数据（）；企业类型：无稳定公开数据（）；居民群体：不适用（）；机构部门：无稳定公开数据（）,https://www.stats.gov.cn/zwfwck/sjfb/202601/t20260119_1962329.html
E005,规上工业产能利用率,供需与投资约束,公开发布,报告期实际工业总产值与供给条件满足、设备正常运行时可长期维持的生产能力之比，两者均按价值量计。,%,规上工业：大中型全面调查、小微抽样后推算总体；约11万家样本,季度,比率,比率,不适用,当期,E_S02,产能利用率表；附注1—3,明确按季调查，原文表列当季和全年及上年同期差；未经季调。,季度,不等于设计产能的物理开工率、潜在GDP或TFP；未经季调，季度环比受季节因素影响；不同调查与工业财务样本非企业级一一配对。,原文发布,,季度值与全年值分别记录；2025全年74.4%、同比下降0.6个百分点；四季度74.9%、同比下降1.3个百分点；不得将全年值当四季度。,G；I；K；S,K1；G2；I3；S4,验证产出增长是否伴随产能使用改善。,工业增加值、产品产量、工业利润率、行业投资,未经季调，环比不是纯趋势；不能当产出缺口或TFP；低利用率不单独证明新增投资无效。,EG-E_S02,全国：已覆盖（规上工业调查总体）；省级：无稳定公开数据（）；地级：无稳定公开数据（）；行业：部分覆盖（采矿业；制造业；电力、热力、燃气及水生产和供应业；煤炭开采和洗选业；石油和天然气开采业；食品制造业；纺织业；化学原料和化学制品制造业；医药制造业；化学纤维制造业；非金属矿物制品业；黑色金属冶炼和压延加工业；有色金属冶炼和压延加工业；通用设备制造业；专用设备制造业；汽车制造业；电气机械和器材制造业；计算机、通信和其他电子设备制造业）；企业类型：无稳定公开数据（）；居民群体：不适用（）；机构部门：无稳定公开数据（）,https://www.stats.gov.cn/sj/zxfbhjd/202601/t20260119_1962320.html
E006,服务业生产指数实际增长,产出与景气,公开发布,剔除价格因素后服务业市场性活动相对上年同期的产出变化。,%,GB/T 4754—2017从批发和零售业至文化体育娱乐业13个门类中的40个大类市场性活动,月度（1—2月合并发布）,比率,比率,实际,当期,E_S04,正文第三部分、附表第四项；定义E_S03第一部分,月度国民经济发布，附表有当月和累计；连续发布机制与E_S03历史解释互证。,月度,2017年起公开；本轮定义页为2025年版，覆盖市场活动且仅同比；历史制度版本需另行核验。,原文发布,,当月同比与累计同比独立记录；2025年12月5.0%、全年5.5%；定义以E_S03为准。,G；K,K1；G2,跟踪月度服务业市场产出。,第三产业增加值、服务零售额、服务业营业收入、服务业就业,不等于整个第三产业增加值；排除部分非市场活动；同比变化受基数和周期影响；不可构造未经发布的官方环比。,EG-E_S04,全国：已覆盖（服务业生产指数所覆盖市场性活动）；省级：无稳定公开数据（）；地级：无稳定公开数据（）；行业：部分覆盖（信息传输、软件和信息技术服务业；租赁和商务服务业；金融业）；企业类型：无稳定公开数据（）；居民群体：不适用（）；机构部门：无稳定公开数据（）,https://www.stats.gov.cn/zwfwck/sjfb/202601/t20260119_1962330.html
E007,70城新建商品住宅销售价格指数,房地产与资产价格,公开发布,各调查城市新建商品住宅销售价格的相对变化，以当地房地产管理部门网签数据全面调查。,指数（上月=100、上年同月=100、上年同期=100分别记录）,70个指定城市的市辖区住宅交易，不含县,月度,比率,价格,名义,当期,E_S05,表1、表3；附注1—4；E_S06附注5,本次月度表有环比、同比和全年平均指数；与2026年1月E_S06连续月份互证，不宣称已归档所有历史。,月度,2026年1月改用2025年为对比基期并调整基本分类权数；无成交当月视总体价格不变；影响平均0.03个百分点以内不等于每城误差上限。,原文发布,,逐城市、住宅类别、面积组及指数基准存储；面积组90平方米及以下、90—144平方米、144平方米以上；禁止将环比和同比指数混加。,F,F3,观察城市住宅价格变化及与交易量、抵押品和融资的关系。,商品住宅成交量、销售面积、居民按揭、土地收入、银行资产质量,不是房屋每平方米价格；不代表县域与全国住房存量；无成交按不变不代表实际可变现价格稳定。,EG-E_S05,全国：部分覆盖（70个调查城市价格指数）；省级：无稳定公开数据（）；地级：部分覆盖（北京；天津；石家庄；太原；呼和浩特；沈阳；大连；长春；哈尔滨；上海；南京；杭州；宁波；合肥；福州；厦门；南昌；济南；青岛；郑州；武汉；长沙；广州；深圳；南宁；海口；重庆；成都；贵阳；昆明；西安；兰州；西宁；银川；乌鲁木齐；唐山；秦皇岛；包头；丹东；锦州；吉林；牡丹江；无锡；徐州；扬州；温州；金华；蚌埠；安庆；泉州；九江；赣州；烟台；济宁；洛阳；平顶山；宜昌；襄阳；岳阳；常德；韶关；湛江；惠州；桂林；北海；三亚；泸州；南充；遵义；大理）；行业：无稳定公开数据（）；企业类型：无稳定公开数据（）；居民群体：不适用（）；机构部门：无稳定公开数据（）,https://www.stats.gov.cn/zwfwck/sjfb/202601/t20260119_1962319.html
E008,70城二手住宅销售价格指数,房地产与资产价格,公开发布,各调查城市二手住宅销售价格的相对变化，重点与典型调查结合，来源为经纪机构、居住服务平台等企业和实地采价。,指数（上月=100、上年同月=100、上年同期=100分别记录）,70个指定城市的市辖区住宅交易，不含县,月度,比率,价格,名义,当期,E_S05,表2、表4；附注1—4；E_S06附注5,本次月度表有环比、同比和全年平均指数；与2026年1月E_S06连续月份互证，不宣称已归档所有历史。,月度,2026年1月改用2025年为对比基期并调整基本分类权数；无成交当月视总体价格不变；影响平均0.03个百分点以内不等于每城误差上限。,原文发布,,逐城市、住宅类别、面积组及指数基准存储；面积组90平方米及以下、90—144平方米、144平方米以上；禁止将环比和同比指数混加。,F,F3,观察城市住宅价格变化及与交易量、抵押品和融资的关系。,商品住宅成交量、销售面积、居民按揭、土地收入、银行资产质量,不是房屋每平方米价格；不代表县域与全国住房存量；无成交按不变不代表实际可变现价格稳定。,EG-E_S05,全国：部分覆盖（70个调查城市价格指数）；省级：无稳定公开数据（）；地级：部分覆盖（北京；天津；石家庄；太原；呼和浩特；沈阳；大连；长春；哈尔滨；上海；南京；杭州；宁波；合肥；福州；厦门；南昌；济南；青岛；郑州；武汉；长沙；广州；深圳；南宁；海口；重庆；成都；贵阳；昆明；西安；兰州；西宁；银川；乌鲁木齐；唐山；秦皇岛；包头；丹东；锦州；吉林；牡丹江；无锡；徐州；扬州；温州；金华；蚌埠；安庆；泉州；九江；赣州；烟台；济宁；洛阳；平顶山；宜昌；襄阳；岳阳；常德；韶关；湛江；惠州；桂林；北海；三亚；泸州；南充；遵义；大理）；行业：无稳定公开数据（）；企业类型：无稳定公开数据（）；居民群体：不适用（）；机构部门：无稳定公开数据（）,https://www.stats.gov.cn/zwfwck/sjfb/202601/t20260119_1962319.html
R017,按地区和主要行业分法人单位数,经济主体结构,公开发布,按法人单位统计口径登记的单位数量，包含企业及非企业法人；按主要行业和地区列示。,个,基本单位统计范围内法人单位；非等同企业或活跃经营单位,年度,时点,存量,不适用,年末,R_REGION_UNITS,2025年鉴表1-5及表下注,全国2005—2024年度列；31省2024年行已核验,年度；分类标准随版本修订,2008/2013/2018/2023经济普查数据及历史修订；2013部分行业数据缺失见表注，2018/2023不含无法分组部分。,原文发布,,年度与行业版本一致；缺失保留。,I；S,I4；S1；S3,观察经济主体存量在地区和行业的分布。,就业、行业产出、经营收入、连续企业追踪,不能用单位数差额认定新设企业数、净退出或创造性破坏。,EG-R_REGION_UNITS,全国：已覆盖（全国）；省级：已覆盖（北京；天津；河北；山西；内蒙古；辽宁；吉林；黑龙江；上海；江苏；浙江；安徽；福建；江西；山东；河南；湖北；湖南；广东；广西；海南；重庆；四川；贵州；云南；西藏；陕西；甘肃；青海；宁夏；新疆）；地级：无稳定公开数据（）；行业：部分覆盖（农、林、牧、渔业；采矿业；制造业；电力、热力、燃气及水生产和供应业；建筑业；批发和零售业；交通运输、仓储和邮政业；住宿和餐饮业；信息传输、软件和信息技术服务业；金融业；房地产业；租赁和商务服务业；科学研究和技术服务业；水利、环境和公共设施管理业；居民服务、修理和其他服务业；教育；卫生和社会工作；文化、体育和娱乐业；公共管理、社会保障和社会组织）；企业类型：无稳定公开数据（）；居民群体：不适用（）；机构部门：无稳定公开数据（）,https://www.stats.gov.cn/sj/ndsj/2025/html/C01-05.jpg
