记录类型,记录编号,问题编号,指标编号,维度编号,维度/层级,覆盖状态,已核验成员/分类,来源编号,覆盖依据,限制/版本,核验性质
维度目录,DIM-NAT,,,DIM-NAT,全国,目录成员,全国,,内地统计范围；来源若另有范围从其规定,来源统计年度,目录不是数据覆盖声明
维度目录,DIM-PROV,,,DIM-PROV,省级,目录成员,省级,R_GEO_RULE,31省级地区，直辖市单列；省全域,来源统计年度,目录不是数据覆盖声明
维度目录,DIM-PREF,,,DIM-PREF,地级,目录成员,地级,R_GEO_RULE,地级市/地区/自治州/盟；市辖区、市全域和市本级财政分开,来源统计年度,目录不是数据覆盖声明
维度目录,DIM-IND,,,DIM-IND,行业,目录成员,行业,R_INDUSTRY,国民经济行业分类及专题映射；仅来源支持组合,来源统计年度,目录不是数据覆盖声明
维度目录,DIM-FIRM,,,DIM-FIRM,企业类型,目录成员,企业类型,,所有制、登记类型、规模、统计门槛分别记，不默认互斥,来源统计年度,目录不是数据覆盖声明
维度目录,DIM-HH,,,DIM-HH,居民群体,目录成员,居民群体,,城乡、收入五等份、年龄、就业身份；分类不可机械交叉,来源统计年度,目录不是数据覆盖声明
维度目录,DIM-SEC,,,DIM-SEC,机构部门,目录成员,机构部门,,住户、非金融企业、金融机构、广义政府、国外；不等同登记所有制,来源统计年度,目录不是数据覆盖声明
维度目录,PROV-11,,,PROV-11,省级成员,目录成员,北京,R_REGION_ADMIN,直辖市；单列比较，不计入地级行政区划,2024-12-31,目录不是数据覆盖声明
维度目录,PROV-12,,,PROV-12,省级成员,目录成员,天津,R_REGION_ADMIN,直辖市；单列比较，不计入地级行政区划,2024-12-31,目录不是数据覆盖声明
维度目录,PROV-13,,,PROV-13,省级成员,目录成员,河北,R_REGION_ADMIN,2024年末下辖地级单位11个,2024-12-31,目录不是数据覆盖声明
维度目录,PROV-14,,,PROV-14,省级成员,目录成员,山西,R_REGION_ADMIN,2024年末下辖地级单位11个,2024-12-31,目录不是数据覆盖声明
维度目录,PROV-15,,,PROV-15,省级成员,目录成员,内蒙古,R_REGION_ADMIN,2024年末下辖地级单位12个,2024-12-31,目录不是数据覆盖声明
维度目录,PROV-21,,,PROV-21,省级成员,目录成员,辽宁,R_REGION_ADMIN,2024年末下辖地级单位14个,2024-12-31,目录不是数据覆盖声明
维度目录,PROV-22,,,PROV-22,省级成员,目录成员,吉林,R_REGION_ADMIN,2024年末下辖地级单位9个,2024-12-31,目录不是数据覆盖声明
维度目录,PROV-23,,,PROV-23,省级成员,目录成员,黑龙江,R_REGION_ADMIN,2024年末下辖地级单位13个,2024-12-31,目录不是数据覆盖声明
维度目录,PROV-31,,,PROV-31,省级成员,目录成员,上海,R_REGION_ADMIN,直辖市；单列比较，不计入地级行政区划,2024-12-31,目录不是数据覆盖声明
维度目录,PROV-32,,,PROV-32,省级成员,目录成员,江苏,R_REGION_ADMIN,2024年末下辖地级单位13个,2024-12-31,目录不是数据覆盖声明
维度目录,PROV-33,,,PROV-33,省级成员,目录成员,浙江,R_REGION_ADMIN,2024年末下辖地级单位11个,2024-12-31,目录不是数据覆盖声明
维度目录,PROV-34,,,PROV-34,省级成员,目录成员,安徽,R_REGION_ADMIN,2024年末下辖地级单位16个,2024-12-31,目录不是数据覆盖声明
维度目录,PROV-35,,,PROV-35,省级成员,目录成员,福建,R_REGION_ADMIN,2024年末下辖地级单位9个,2024-12-31,目录不是数据覆盖声明
维度目录,PROV-36,,,PROV-36,省级成员,目录成员,江西,R_REGION_ADMIN,2024年末下辖地级单位11个,2024-12-31,目录不是数据覆盖声明
维度目录,PROV-37,,,PROV-37,省级成员,目录成员,山东,R_REGION_ADMIN,2024年末下辖地级单位16个,2024-12-31,目录不是数据覆盖声明
维度目录,PROV-41,,,PROV-41,省级成员,目录成员,河南,R_REGION_ADMIN,2024年末下辖地级单位17个,2024-12-31,目录不是数据覆盖声明
维度目录,PROV-42,,,PROV-42,省级成员,目录成员,湖北,R_REGION_ADMIN,2024年末下辖地级单位13个,2024-12-31,目录不是数据覆盖声明
维度目录,PROV-43,,,PROV-43,省级成员,目录成员,湖南,R_REGION_ADMIN,2024年末下辖地级单位14个,2024-12-31,目录不是数据覆盖声明
维度目录,PROV-44,,,PROV-44,省级成员,目录成员,广东,R_REGION_ADMIN,2024年末下辖地级单位21个,2024-12-31,目录不是数据覆盖声明
维度目录,PROV-45,,,PROV-45,省级成员,目录成员,广西,R_REGION_ADMIN,2024年末下辖地级单位14个,2024-12-31,目录不是数据覆盖声明
维度目录,PROV-46,,,PROV-46,省级成员,目录成员,海南,R_REGION_ADMIN,2024年末下辖地级单位4个,2024-12-31,目录不是数据覆盖声明
维度目录,PROV-50,,,PROV-50,省级成员,目录成员,重庆,R_REGION_ADMIN,直辖市；单列比较，不计入地级行政区划,2024-12-31,目录不是数据覆盖声明
维度目录,PROV-51,,,PROV-51,省级成员,目录成员,四川,R_REGION_ADMIN,2024年末下辖地级单位21个,2024-12-31,目录不是数据覆盖声明
维度目录,PROV-52,,,PROV-52,省级成员,目录成员,贵州,R_REGION_ADMIN,2024年末下辖地级单位9个,2024-12-31,目录不是数据覆盖声明
维度目录,PROV-53,,,PROV-53,省级成员,目录成员,云南,R_REGION_ADMIN,2024年末下辖地级单位16个,2024-12-31,目录不是数据覆盖声明
维度目录,PROV-54,,,PROV-54,省级成员,目录成员,西藏,R_REGION_ADMIN,2024年末下辖地级单位7个,2024-12-31,目录不是数据覆盖声明
维度目录,PROV-61,,,PROV-61,省级成员,目录成员,陕西,R_REGION_ADMIN,2024年末下辖地级单位10个,2024-12-31,目录不是数据覆盖声明
维度目录,PROV-62,,,PROV-62,省级成员,目录成员,甘肃,R_REGION_ADMIN,2024年末下辖地级单位14个,2024-12-31,目录不是数据覆盖声明
维度目录,PROV-63,,,PROV-63,省级成员,目录成员,青海,R_REGION_ADMIN,2024年末下辖地级单位8个,2024-12-31,目录不是数据覆盖声明
维度目录,PROV-64,,,PROV-64,省级成员,目录成员,宁夏,R_REGION_ADMIN,2024年末下辖地级单位5个,2024-12-31,目录不是数据覆盖声明
维度目录,PROV-65,,,PROV-65,省级成员,目录成员,新疆,R_REGION_ADMIN,2024年末下辖地级单位14个,2024-12-31,目录不是数据覆盖声明
维度目录,IND-A,,,IND-A,行业门类,目录成员,农、林、牧、渔业,R_INDUSTRY,分类目录成员；不是该门类全部指标已公开的声明,GB/T4754—2017及第1号修改单,目录不是数据覆盖声明
维度目录,IND-B,,,IND-B,行业门类,目录成员,采矿业,R_INDUSTRY,分类目录成员；不是该门类全部指标已公开的声明,GB/T4754—2017及第1号修改单,目录不是数据覆盖声明
维度目录,IND-C,,,IND-C,行业门类,目录成员,制造业,R_INDUSTRY,分类目录成员；不是该门类全部指标已公开的声明,GB/T4754—2017及第1号修改单,目录不是数据覆盖声明
维度目录,IND-D,,,IND-D,行业门类,目录成员,电力、热力、燃气及水生产和供应业,R_INDUSTRY,分类目录成员；不是该门类全部指标已公开的声明,GB/T4754—2017及第1号修改单,目录不是数据覆盖声明
维度目录,IND-E,,,IND-E,行业门类,目录成员,建筑业,R_INDUSTRY,分类目录成员；不是该门类全部指标已公开的声明,GB/T4754—2017及第1号修改单,目录不是数据覆盖声明
维度目录,IND-F,,,IND-F,行业门类,目录成员,批发和零售业,R_INDUSTRY,分类目录成员；不是该门类全部指标已公开的声明,GB/T4754—2017及第1号修改单,目录不是数据覆盖声明
维度目录,IND-G,,,IND-G,行业门类,目录成员,交通运输、仓储和邮政业,R_INDUSTRY,分类目录成员；不是该门类全部指标已公开的声明,GB/T4754—2017及第1号修改单,目录不是数据覆盖声明
维度目录,IND-H,,,IND-H,行业门类,目录成员,住宿和餐饮业,R_INDUSTRY,分类目录成员；不是该门类全部指标已公开的声明,GB/T4754—2017及第1号修改单,目录不是数据覆盖声明
维度目录,IND-I,,,IND-I,行业门类,目录成员,信息传输、软件和信息技术服务业,R_INDUSTRY,分类目录成员；不是该门类全部指标已公开的声明,GB/T4754—2017及第1号修改单,目录不是数据覆盖声明
维度目录,IND-J,,,IND-J,行业门类,目录成员,金融业,R_INDUSTRY,分类目录成员；不是该门类全部指标已公开的声明,GB/T4754—2017及第1号修改单,目录不是数据覆盖声明
维度目录,IND-K,,,IND-K,行业门类,目录成员,房地产业,R_INDUSTRY,分类目录成员；不是该门类全部指标已公开的声明,GB/T4754—2017及第1号修改单,目录不是数据覆盖声明
维度目录,IND-L,,,IND-L,行业门类,目录成员,租赁和商务服务业,R_INDUSTRY,分类目录成员；不是该门类全部指标已公开的声明,GB/T4754—2017及第1号修改单,目录不是数据覆盖声明
维度目录,IND-M,,,IND-M,行业门类,目录成员,科学研究和技术服务业,R_INDUSTRY,分类目录成员；不是该门类全部指标已公开的声明,GB/T4754—2017及第1号修改单,目录不是数据覆盖声明
维度目录,IND-N,,,IND-N,行业门类,目录成员,水利、环境和公共设施管理业,R_INDUSTRY,分类目录成员；不是该门类全部指标已公开的声明,GB/T4754—2017及第1号修改单,目录不是数据覆盖声明
维度目录,IND-O,,,IND-O,行业门类,目录成员,居民服务、修理和其他服务业,R_INDUSTRY,分类目录成员；不是该门类全部指标已公开的声明,GB/T4754—2017及第1号修改单,目录不是数据覆盖声明
维度目录,IND-P,,,IND-P,行业门类,目录成员,教育,R_INDUSTRY,分类目录成员；不是该门类全部指标已公开的声明,GB/T4754—2017及第1号修改单,目录不是数据覆盖声明
维度目录,IND-Q,,,IND-Q,行业门类,目录成员,卫生和社会工作,R_INDUSTRY,分类目录成员；不是该门类全部指标已公开的声明,GB/T4754—2017及第1号修改单,目录不是数据覆盖声明
维度目录,IND-R,,,IND-R,行业门类,目录成员,文化、体育和娱乐业,R_INDUSTRY,分类目录成员；不是该门类全部指标已公开的声明,GB/T4754—2017及第1号修改单,目录不是数据覆盖声明
维度目录,IND-S,,,IND-S,行业门类,目录成员,公共管理、社会保障和社会组织,R_INDUSTRY,分类目录成员；不是该门类全部指标已公开的声明,GB/T4754—2017及第1号修改单,目录不是数据覆盖声明
维度目录,IND-T,,,IND-T,行业门类,目录成员,国际组织,R_INDUSTRY,分类目录成员；不是该门类全部指标已公开的声明,GB/T4754—2017及第1号修改单,目录不是数据覆盖声明
维度目录,DIM-HH-01,,,DIM-HH-01,居民群体成员,目录成员,城镇,A_S04,仅用于对应来源，交叉与重叠按指标覆盖栏,指标来源版本,目录不是数据覆盖声明
维度目录,DIM-HH-02,,,DIM-HH-02,居民群体成员,目录成员,农村,A_S04,仅用于对应来源，交叉与重叠按指标覆盖栏,指标来源版本,目录不是数据覆盖声明
维度目录,DIM-HH-03,,,DIM-HH-03,居民群体成员,目录成员,低收入组,A_S04,仅用于对应来源，交叉与重叠按指标覆盖栏,指标来源版本,目录不是数据覆盖声明
维度目录,DIM-HH-04,,,DIM-HH-04,居民群体成员,目录成员,中间偏下收入组,A_S04,仅用于对应来源，交叉与重叠按指标覆盖栏,指标来源版本,目录不是数据覆盖声明
维度目录,DIM-HH-05,,,DIM-HH-05,居民群体成员,目录成员,中间收入组,A_S04,仅用于对应来源，交叉与重叠按指标覆盖栏,指标来源版本,目录不是数据覆盖声明
维度目录,DIM-HH-06,,,DIM-HH-06,居民群体成员,目录成员,中间偏上收入组,A_S04,仅用于对应来源，交叉与重叠按指标覆盖栏,指标来源版本,目录不是数据覆盖声明
维度目录,DIM-HH-07,,,DIM-HH-07,居民群体成员,目录成员,高收入组,A_S04,仅用于对应来源，交叉与重叠按指标覆盖栏,指标来源版本,目录不是数据覆盖声明
维度目录,DIM-HH-08,,,DIM-HH-08,居民群体成员,目录成员,16—24岁（不含在校生）,,仅用于对应来源，交叉与重叠按指标覆盖栏,指标来源版本,目录不是数据覆盖声明
维度目录,DIM-HH-09,,,DIM-HH-09,居民群体成员,目录成员,25—29岁（不含在校生）,,仅用于对应来源，交叉与重叠按指标覆盖栏,指标来源版本,目录不是数据覆盖声明
维度目录,DIM-HH-10,,,DIM-HH-10,居民群体成员,目录成员,30—59岁（不含在校生）,,仅用于对应来源，交叉与重叠按指标覆盖栏,指标来源版本,目录不是数据覆盖声明
维度目录,DIM-HH-11,,,DIM-HH-11,居民群体成员,目录成员,农民工,,仅用于对应来源，交叉与重叠按指标覆盖栏,指标来源版本,目录不是数据覆盖声明
维度目录,DIM-FIRM-01,,,DIM-FIRM-01,企业类型成员,目录成员,国有控股,B_S01,仅用于对应来源，交叉与重叠按指标覆盖栏,指标来源版本,目录不是数据覆盖声明
维度目录,DIM-FIRM-02,,,DIM-FIRM-02,企业类型成员,目录成员,股份制,B_S01,仅用于对应来源，交叉与重叠按指标覆盖栏,指标来源版本,目录不是数据覆盖声明
维度目录,DIM-FIRM-03,,,DIM-FIRM-03,企业类型成员,目录成员,外商及港澳台投资,B_S01,仅用于对应来源，交叉与重叠按指标覆盖栏,指标来源版本,目录不是数据覆盖声明
维度目录,DIM-FIRM-04,,,DIM-FIRM-04,企业类型成员,目录成员,私营,B_S01,仅用于对应来源，交叉与重叠按指标覆盖栏,指标来源版本,目录不是数据覆盖声明
维度目录,DIM-FIRM-05,,,DIM-FIRM-05,企业类型成员,目录成员,规上工业,B_S01,仅用于对应来源，交叉与重叠按指标覆盖栏,指标来源版本,目录不是数据覆盖声明
维度目录,DIM-FIRM-06,,,DIM-FIRM-06,企业类型成员,目录成员,城镇非私营单位,,仅用于对应来源，交叉与重叠按指标覆盖栏,指标来源版本,目录不是数据覆盖声明
维度目录,DIM-FIRM-07,,,DIM-FIRM-07,企业类型成员,目录成员,城镇私营单位,,仅用于对应来源，交叉与重叠按指标覆盖栏,指标来源版本,目录不是数据覆盖声明
维度目录,DIM-SEC-01,,,DIM-SEC-01,机构部门成员,目录成员,住户,R_FOF,仅用于对应来源，交叉与重叠按指标覆盖栏,指标来源版本,目录不是数据覆盖声明
维度目录,DIM-SEC-02,,,DIM-SEC-02,机构部门成员,目录成员,非金融企业,R_FOF,仅用于对应来源，交叉与重叠按指标覆盖栏,指标来源版本,目录不是数据覆盖声明
维度目录,DIM-SEC-03,,,DIM-SEC-03,机构部门成员,目录成员,金融机构,R_FOF,仅用于对应来源，交叉与重叠按指标覆盖栏,指标来源版本,目录不是数据覆盖声明
维度目录,DIM-SEC-04,,,DIM-SEC-04,机构部门成员,目录成员,广义政府,R_FOF,仅用于对应来源，交叉与重叠按指标覆盖栏,指标来源版本,目录不是数据覆盖声明
维度目录,DIM-SEC-05,,,DIM-SEC-05,机构部门成员,目录成员,国外,R_FOF,仅用于对应来源，交叉与重叠按指标覆盖栏,指标来源版本,目录不是数据覆盖声明
覆盖检查,CV00001,K2,A001,DIM-NAT,全国,已覆盖,全国经济领土常住单位，不含港澳台,A_S01,本源正文或表格明确全国统计结果。,,已读原表/定义；仅所列范围
覆盖检查,CV00002,M1,A001,DIM-NAT,全国,已覆盖,全国经济领土常住单位，不含港澳台,A_S01,本源正文或表格明确全国统计结果。,,已读原表/定义；仅所列范围
覆盖检查,CV00003,K2,A001,DIM-PROV,省级,已覆盖,北京；天津；河北；山西；内蒙古；辽宁；吉林；黑龙江；上海；江苏；浙江；安徽；福建；江西；山东；河南；湖北；湖南；广东；广西；海南；重庆；四川；贵州；云南；西藏；陕西；甘肃；青海；宁夏；新疆,R_REGION_GDP,表3-9地区GDP金额，2024年,年度口径；不表示省级季度及各居民群体交叉全覆盖。空白以原表为准。,已读原表/定义；仅所列范围
覆盖检查,CV00004,M1,A001,DIM-PROV,省级,已覆盖,北京；天津；河北；山西；内蒙古；辽宁；吉林；黑龙江；上海；江苏；浙江；安徽；福建；江西；山东；河南；湖北；湖南；广东；广西；海南；重庆；四川；贵州；云南；西藏；陕西；甘肃；青海；宁夏；新疆,R_REGION_GDP,表3-9地区GDP金额，2024年,年度口径；不表示省级季度及各居民群体交叉全覆盖。空白以原表为准。,已读原表/定义；仅所列范围
覆盖检查,CV00005,K2,A001,DIM-PREF,地级,无稳定公开数据,,A_S01,已读来源未提供该维度的稳定全覆盖表；本轮未建立额外逐单元来源,这是本轮证据缺口，不断言其他官方资料不存在；后续需逐表核验,原来源已查；扩展来源待核验
覆盖检查,CV00006,M1,A001,DIM-PREF,地级,无稳定公开数据,,A_S01,已读来源未提供该维度的稳定全覆盖表；本轮未建立额外逐单元来源,这是本轮证据缺口，不断言其他官方资料不存在；后续需逐表核验,原来源已查；扩展来源待核验
覆盖检查,CV00007,K2,A001,DIM-IND,行业,无稳定公开数据,,A_S01,已读来源未提供该维度的稳定全覆盖表；本轮未建立额外逐单元来源,这是本轮证据缺口，不断言其他官方资料不存在；后续需逐表核验,原来源已查；扩展来源待核验
覆盖检查,CV00008,M1,A001,DIM-IND,行业,无稳定公开数据,,A_S01,已读来源未提供该维度的稳定全覆盖表；本轮未建立额外逐单元来源,这是本轮证据缺口，不断言其他官方资料不存在；后续需逐表核验,原来源已查；扩展来源待核验
覆盖检查,CV00009,K2,A001,DIM-FIRM,企业类型,无稳定公开数据,,A_S01,已读来源未提供该维度的稳定全覆盖表；本轮未建立额外逐单元来源,这是本轮证据缺口，不断言其他官方资料不存在；后续需逐表核验,原来源已查；扩展来源待核验
覆盖检查,CV00010,M1,A001,DIM-FIRM,企业类型,无稳定公开数据,,A_S01,已读来源未提供该维度的稳定全覆盖表；本轮未建立额外逐单元来源,这是本轮证据缺口，不断言其他官方资料不存在；后续需逐表核验,原来源已查；扩展来源待核验
覆盖检查,CV00011,K2,A001,DIM-HH,居民群体,无稳定公开数据,,A_S01,已读来源未提供该维度的稳定全覆盖表；本轮未建立额外逐单元来源,这是本轮证据缺口，不断言其他官方资料不存在；后续需逐表核验,原来源已查；扩展来源待核验
覆盖检查,CV00012,M1,A001,DIM-HH,居民群体,无稳定公开数据,,A_S01,已读来源未提供该维度的稳定全覆盖表；本轮未建立额外逐单元来源,这是本轮证据缺口，不断言其他官方资料不存在；后续需逐表核验,原来源已查；扩展来源待核验
覆盖检查,CV00013,K2,A001,DIM-SEC,机构部门,无稳定公开数据,,A_S01,已读来源未提供该维度的稳定全覆盖表；本轮未建立额外逐单元来源,这是本轮证据缺口，不断言其他官方资料不存在；后续需逐表核验,原来源已查；扩展来源待核验
覆盖检查,CV00014,M1,A001,DIM-SEC,机构部门,无稳定公开数据,,A_S01,已读来源未提供该维度的稳定全覆盖表；本轮未建立额外逐单元来源,这是本轮证据缺口，不断言其他官方资料不存在；后续需逐表核验,原来源已查；扩展来源待核验
覆盖检查,CV00015,K2,A002,DIM-NAT,全国,已覆盖,全国经济领土常住单位，不含港澳台,A_S01,本源正文或表格明确全国统计结果。,,已读原表/定义；仅所列范围
覆盖检查,CV00016,M1,A002,DIM-NAT,全国,已覆盖,全国经济领土常住单位，不含港澳台,A_S01,本源正文或表格明确全国统计结果。,,已读原表/定义；仅所列范围
覆盖检查,CV00017,G3,A002,DIM-NAT,全国,已覆盖,全国经济领土常住单位，不含港澳台,A_S01,本源正文或表格明确全国统计结果。,,已读原表/定义；仅所列范围
覆盖检查,CV00018,K2,A002,DIM-PROV,省级,部分覆盖,北京,A_S18,一综合GDP实际增长,仅2023年北京原文样本；未验证其余30省和逐月序列。,已读原表/定义；仅所列范围
覆盖检查,CV00019,M1,A002,DIM-PROV,省级,部分覆盖,北京,A_S18,一综合GDP实际增长,仅2023年北京原文样本；未验证其余30省和逐月序列。,已读原表/定义；仅所列范围
覆盖检查,CV00020,G3,A002,DIM-PROV,省级,部分覆盖,北京,A_S18,一综合GDP实际增长,仅2023年北京原文样本；未验证其余30省和逐月序列。,已读原表/定义；仅所列范围
覆盖检查,CV00021,K2,A002,DIM-PREF,地级,无稳定公开数据,,A_S01,已读来源未提供该维度的稳定全覆盖表；本轮未建立额外逐单元来源,这是本轮证据缺口，不断言其他官方资料不存在；后续需逐表核验,原来源已查；扩展来源待核验
覆盖检查,CV00022,M1,A002,DIM-PREF,地级,无稳定公开数据,,A_S01,已读来源未提供该维度的稳定全覆盖表；本轮未建立额外逐单元来源,这是本轮证据缺口，不断言其他官方资料不存在；后续需逐表核验,原来源已查；扩展来源待核验
覆盖检查,CV00023,G3,A002,DIM-PREF,地级,无稳定公开数据,,A_S01,已读来源未提供该维度的稳定全覆盖表；本轮未建立额外逐单元来源,这是本轮证据缺口，不断言其他官方资料不存在；后续需逐表核验,原来源已查；扩展来源待核验
覆盖检查,CV00024,K2,A002,DIM-IND,行业,无稳定公开数据,,A_S01,已读来源未提供该维度的稳定全覆盖表；本轮未建立额外逐单元来源,这是本轮证据缺口，不断言其他官方资料不存在；后续需逐表核验,原来源已查；扩展来源待核验
覆盖检查,CV00025,M1,A002,DIM-IND,行业,无稳定公开数据,,A_S01,已读来源未提供该维度的稳定全覆盖表；本轮未建立额外逐单元来源,这是本轮证据缺口，不断言其他官方资料不存在；后续需逐表核验,原来源已查；扩展来源待核验
覆盖检查,CV00026,G3,A002,DIM-IND,行业,无稳定公开数据,,A_S01,已读来源未提供该维度的稳定全覆盖表；本轮未建立额外逐单元来源,这是本轮证据缺口，不断言其他官方资料不存在；后续需逐表核验,原来源已查；扩展来源待核验
覆盖检查,CV00027,K2,A002,DIM-FIRM,企业类型,无稳定公开数据,,A_S01,已读来源未提供该维度的稳定全覆盖表；本轮未建立额外逐单元来源,这是本轮证据缺口，不断言其他官方资料不存在；后续需逐表核验,原来源已查；扩展来源待核验
覆盖检查,CV00028,M1,A002,DIM-FIRM,企业类型,无稳定公开数据,,A_S01,已读来源未提供该维度的稳定全覆盖表；本轮未建立额外逐单元来源,这是本轮证据缺口，不断言其他官方资料不存在；后续需逐表核验,原来源已查；扩展来源待核验
覆盖检查,CV00029,G3,A002,DIM-FIRM,企业类型,无稳定公开数据,,A_S01,已读来源未提供该维度的稳定全覆盖表；本轮未建立额外逐单元来源,这是本轮证据缺口，不断言其他官方资料不存在；后续需逐表核验,原来源已查；扩展来源待核验
覆盖检查,CV00030,K2,A002,DIM-HH,居民群体,无稳定公开数据,,A_S01,已读来源未提供该维度的稳定全覆盖表；本轮未建立额外逐单元来源,这是本轮证据缺口，不断言其他官方资料不存在；后续需逐表核验,原来源已查；扩展来源待核验
覆盖检查,CV00031,M1,A002,DIM-HH,居民群体,无稳定公开数据,,A_S01,已读来源未提供该维度的稳定全覆盖表；本轮未建立额外逐单元来源,这是本轮证据缺口，不断言其他官方资料不存在；后续需逐表核验,原来源已查；扩展来源待核验
覆盖检查,CV00032,G3,A002,DIM-HH,居民群体,无稳定公开数据,,A_S01,已读来源未提供该维度的稳定全覆盖表；本轮未建立额外逐单元来源,这是本轮证据缺口，不断言其他官方资料不存在；后续需逐表核验,原来源已查；扩展来源待核验
覆盖检查,CV00033,K2,A002,DIM-SEC,机构部门,无稳定公开数据,,A_S01,已读来源未提供该维度的稳定全覆盖表；本轮未建立额外逐单元来源,这是本轮证据缺口，不断言其他官方资料不存在；后续需逐表核验,原来源已查；扩展来源待核验
覆盖检查,CV00034,M1,A002,DIM-SEC,机构部门,无稳定公开数据,,A_S01,已读来源未提供该维度的稳定全覆盖表；本轮未建立额外逐单元来源,这是本轮证据缺口，不断言其他官方资料不存在；后续需逐表核验,原来源已查；扩展来源待核验
覆盖检查,CV00035,G3,A002,DIM-SEC,机构部门,无稳定公开数据,,A_S01,已读来源未提供该维度的稳定全覆盖表；本轮未建立额外逐单元来源,这是本轮证据缺口，不断言其他官方资料不存在；后续需逐表核验,原来源已查；扩展来源待核验
覆盖检查,CV00036,G2,A004,DIM-NAT,全国,已覆盖,全国各常住生产单位,A_S01,本源正文或表格明确全国统计结果。,,已读原表/定义；仅所列范围
覆盖检查,CV00037,G3,A004,DIM-NAT,全国,已覆盖,全国各常住生产单位,A_S01,本源正文或表格明确全国统计结果。,,已读原表/定义；仅所列范围
覆盖检查,CV00038,G4,A004,DIM-NAT,全国,已覆盖,全国各常住生产单位,A_S01,本源正文或表格明确全国统计结果。,,已读原表/定义；仅所列范围
覆盖检查,CV00039,S1,A004,DIM-NAT,全国,已覆盖,全国各常住生产单位,A_S01,本源正文或表格明确全国统计结果。,,已读原表/定义；仅所列范围
覆盖检查,CV00040,S3,A004,DIM-NAT,全国,已覆盖,全国各常住生产单位,A_S01,本源正文或表格明确全国统计结果。,,已读原表/定义；仅所列范围
覆盖检查,CV00041,G2,A004,DIM-PROV,省级,已覆盖,北京；天津；河北；山西；内蒙古；辽宁；吉林；黑龙江；上海；江苏；浙江；安徽；福建；江西；山东；河南；湖北；湖南；广东；广西；海南；重庆；四川；贵州；云南；西藏；陕西；甘肃；青海；宁夏；新疆,R_REGION_GDP,表3-9三次产业与主要行业增加值，2024年,年度口径；不表示省级季度及各居民群体交叉全覆盖。空白以原表为准。,已读原表/定义；仅所列范围
覆盖检查,CV00042,G3,A004,DIM-PROV,省级,已覆盖,北京；天津；河北；山西；内蒙古；辽宁；吉林；黑龙江；上海；江苏；浙江；安徽；福建；江西；山东；河南；湖北；湖南；广东；广西；海南；重庆；四川；贵州；云南；西藏；陕西；甘肃；青海；宁夏；新疆,R_REGION_GDP,表3-9三次产业与主要行业增加值，2024年,年度口径；不表示省级季度及各居民群体交叉全覆盖。空白以原表为准。,已读原表/定义；仅所列范围
覆盖检查,CV00043,G4,A004,DIM-PROV,省级,已覆盖,北京；天津；河北；山西；内蒙古；辽宁；吉林；黑龙江；上海；江苏；浙江；安徽；福建；江西；山东；河南；湖北；湖南；广东；广西；海南；重庆；四川；贵州；云南；西藏；陕西；甘肃；青海；宁夏；新疆,R_REGION_GDP,表3-9三次产业与主要行业增加值，2024年,年度口径；不表示省级季度及各居民群体交叉全覆盖。空白以原表为准。,已读原表/定义；仅所列范围
覆盖检查,CV00044,S1,A004,DIM-PROV,省级,已覆盖,北京；天津；河北；山西；内蒙古；辽宁；吉林；黑龙江；上海；江苏；浙江；安徽；福建；江西；山东；河南；湖北；湖南；广东；广西；海南；重庆；四川；贵州；云南；西藏；陕西；甘肃；青海；宁夏；新疆,R_REGION_GDP,表3-9三次产业与主要行业增加值，2024年,年度口径；不表示省级季度及各居民群体交叉全覆盖。空白以原表为准。,已读原表/定义；仅所列范围
覆盖检查,CV00045,S3,A004,DIM-PROV,省级,已覆盖,北京；天津；河北；山西；内蒙古；辽宁；吉林；黑龙江；上海；江苏；浙江；安徽；福建；江西；山东；河南；湖北；湖南；广东；广西；海南；重庆；四川；贵州；云南；西藏；陕西；甘肃；青海；宁夏；新疆,R_REGION_GDP,表3-9三次产业与主要行业增加值，2024年,年度口径；不表示省级季度及各居民群体交叉全覆盖。空白以原表为准。,已读原表/定义；仅所列范围
覆盖检查,CV00046,G2,A004,DIM-PREF,地级,无稳定公开数据,,A_S01,已读来源未提供该维度的稳定全覆盖表；本轮未建立额外逐单元来源,这是本轮证据缺口，不断言其他官方资料不存在；后续需逐表核验,原来源已查；扩展来源待核验
覆盖检查,CV00047,G3,A004,DIM-PREF,地级,无稳定公开数据,,A_S01,已读来源未提供该维度的稳定全覆盖表；本轮未建立额外逐单元来源,这是本轮证据缺口，不断言其他官方资料不存在；后续需逐表核验,原来源已查；扩展来源待核验
覆盖检查,CV00048,G4,A004,DIM-PREF,地级,无稳定公开数据,,A_S01,已读来源未提供该维度的稳定全覆盖表；本轮未建立额外逐单元来源,这是本轮证据缺口，不断言其他官方资料不存在；后续需逐表核验,原来源已查；扩展来源待核验
覆盖检查,CV00049,S1,A004,DIM-PREF,地级,无稳定公开数据,,A_S01,已读来源未提供该维度的稳定全覆盖表；本轮未建立额外逐单元来源,这是本轮证据缺口，不断言其他官方资料不存在；后续需逐表核验,原来源已查；扩展来源待核验
覆盖检查,CV00050,S3,A004,DIM-PREF,地级,无稳定公开数据,,A_S01,已读来源未提供该维度的稳定全覆盖表；本轮未建立额外逐单元来源,这是本轮证据缺口，不断言其他官方资料不存在；后续需逐表核验,原来源已查；扩展来源待核验
覆盖检查,CV00051,G2,A004,DIM-IND,行业,已覆盖,第一产业；第二产业；第三产业；农林牧渔业；工业；制造业；建筑业；批发和零售业；交通运输仓储和邮政业；住宿和餐饮业；金融业；房地产业；信息传输软件和信息技术服务业；租赁和商务服务业；其他行业,A_S01,表1,,已读原表/定义；仅所列范围
覆盖检查,CV00052,G3,A004,DIM-IND,行业,已覆盖,第一产业；第二产业；第三产业；农林牧渔业；工业；制造业；建筑业；批发和零售业；交通运输仓储和邮政业；住宿和餐饮业；金融业；房地产业；信息传输软件和信息技术服务业；租赁和商务服务业；其他行业,A_S01,表1,,已读原表/定义；仅所列范围
覆盖检查,CV00053,G4,A004,DIM-IND,行业,已覆盖,第一产业；第二产业；第三产业；农林牧渔业；工业；制造业；建筑业；批发和零售业；交通运输仓储和邮政业；住宿和餐饮业；金融业；房地产业；信息传输软件和信息技术服务业；租赁和商务服务业；其他行业,A_S01,表1,,已读原表/定义；仅所列范围
覆盖检查,CV00054,S1,A004,DIM-IND,行业,已覆盖,第一产业；第二产业；第三产业；农林牧渔业；工业；制造业；建筑业；批发和零售业；交通运输仓储和邮政业；住宿和餐饮业；金融业；房地产业；信息传输软件和信息技术服务业；租赁和商务服务业；其他行业,A_S01,表1,,已读原表/定义；仅所列范围
覆盖检查,CV00055,S3,A004,DIM-IND,行业,已覆盖,第一产业；第二产业；第三产业；农林牧渔业；工业；制造业；建筑业；批发和零售业；交通运输仓储和邮政业；住宿和餐饮业；金融业；房地产业；信息传输软件和信息技术服务业；租赁和商务服务业；其他行业,A_S01,表1,,已读原表/定义；仅所列范围
覆盖检查,CV00056,G2,A004,DIM-FIRM,企业类型,无稳定公开数据,,A_S01,已读来源未提供该维度的稳定全覆盖表；本轮未建立额外逐单元来源,这是本轮证据缺口，不断言其他官方资料不存在；后续需逐表核验,原来源已查；扩展来源待核验
覆盖检查,CV00057,G3,A004,DIM-FIRM,企业类型,无稳定公开数据,,A_S01,已读来源未提供该维度的稳定全覆盖表；本轮未建立额外逐单元来源,这是本轮证据缺口，不断言其他官方资料不存在；后续需逐表核验,原来源已查；扩展来源待核验
覆盖检查,CV00058,G4,A004,DIM-FIRM,企业类型,无稳定公开数据,,A_S01,已读来源未提供该维度的稳定全覆盖表；本轮未建立额外逐单元来源,这是本轮证据缺口，不断言其他官方资料不存在；后续需逐表核验,原来源已查；扩展来源待核验
覆盖检查,CV00059,S1,A004,DIM-FIRM,企业类型,无稳定公开数据,,A_S01,已读来源未提供该维度的稳定全覆盖表；本轮未建立额外逐单元来源,这是本轮证据缺口，不断言其他官方资料不存在；后续需逐表核验,原来源已查；扩展来源待核验
覆盖检查,CV00060,S3,A004,DIM-FIRM,企业类型,无稳定公开数据,,A_S01,已读来源未提供该维度的稳定全覆盖表；本轮未建立额外逐单元来源,这是本轮证据缺口，不断言其他官方资料不存在；后续需逐表核验,原来源已查；扩展来源待核验
覆盖检查,CV00061,G2,A004,DIM-HH,居民群体,无稳定公开数据,,A_S01,已读来源未提供该维度的稳定全覆盖表；本轮未建立额外逐单元来源,这是本轮证据缺口，不断言其他官方资料不存在；后续需逐表核验,原来源已查；扩展来源待核验
覆盖检查,CV00062,G3,A004,DIM-HH,居民群体,无稳定公开数据,,A_S01,已读来源未提供该维度的稳定全覆盖表；本轮未建立额外逐单元来源,这是本轮证据缺口，不断言其他官方资料不存在；后续需逐表核验,原来源已查；扩展来源待核验
覆盖检查,CV00063,G4,A004,DIM-HH,居民群体,无稳定公开数据,,A_S01,已读来源未提供该维度的稳定全覆盖表；本轮未建立额外逐单元来源,这是本轮证据缺口，不断言其他官方资料不存在；后续需逐表核验,原来源已查；扩展来源待核验
覆盖检查,CV00064,S1,A004,DIM-HH,居民群体,无稳定公开数据,,A_S01,已读来源未提供该维度的稳定全覆盖表；本轮未建立额外逐单元来源,这是本轮证据缺口，不断言其他官方资料不存在；后续需逐表核验,原来源已查；扩展来源待核验
覆盖检查,CV00065,S3,A004,DIM-HH,居民群体,无稳定公开数据,,A_S01,已读来源未提供该维度的稳定全覆盖表；本轮未建立额外逐单元来源,这是本轮证据缺口，不断言其他官方资料不存在；后续需逐表核验,原来源已查；扩展来源待核验
覆盖检查,CV00066,G2,A004,DIM-SEC,机构部门,无稳定公开数据,,A_S01,已读来源未提供该维度的稳定全覆盖表；本轮未建立额外逐单元来源,这是本轮证据缺口，不断言其他官方资料不存在；后续需逐表核验,原来源已查；扩展来源待核验
覆盖检查,CV00067,G3,A004,DIM-SEC,机构部门,无稳定公开数据,,A_S01,已读来源未提供该维度的稳定全覆盖表；本轮未建立额外逐单元来源,这是本轮证据缺口，不断言其他官方资料不存在；后续需逐表核验,原来源已查；扩展来源待核验
覆盖检查,CV00068,G4,A004,DIM-SEC,机构部门,无稳定公开数据,,A_S01,已读来源未提供该维度的稳定全覆盖表；本轮未建立额外逐单元来源,这是本轮证据缺口，不断言其他官方资料不存在；后续需逐表核验,原来源已查；扩展来源待核验
覆盖检查,CV00069,S1,A004,DIM-SEC,机构部门,无稳定公开数据,,A_S01,已读来源未提供该维度的稳定全覆盖表；本轮未建立额外逐单元来源,这是本轮证据缺口，不断言其他官方资料不存在；后续需逐表核验,原来源已查；扩展来源待核验
覆盖检查,CV00070,S3,A004,DIM-SEC,机构部门,无稳定公开数据,,A_S01,已读来源未提供该维度的稳定全覆盖表；本轮未建立额外逐单元来源,这是本轮证据缺口，不断言其他官方资料不存在；后续需逐表核验,原来源已查；扩展来源待核验
覆盖检查,CV00071,G2,A005,DIM-NAT,全国,已覆盖,全国各常住生产单位,A_S01,本源正文或表格明确全国统计结果。,,已读原表/定义；仅所列范围
覆盖检查,CV00072,G3,A005,DIM-NAT,全国,已覆盖,全国各常住生产单位,A_S01,本源正文或表格明确全国统计结果。,,已读原表/定义；仅所列范围
覆盖检查,CV00073,G4,A005,DIM-NAT,全国,已覆盖,全国各常住生产单位,A_S01,本源正文或表格明确全国统计结果。,,已读原表/定义；仅所列范围
覆盖检查,CV00074,S1,A005,DIM-NAT,全国,已覆盖,全国各常住生产单位,A_S01,本源正文或表格明确全国统计结果。,,已读原表/定义；仅所列范围
覆盖检查,CV00075,S3,A005,DIM-NAT,全国,已覆盖,全国各常住生产单位,A_S01,本源正文或表格明确全国统计结果。,,已读原表/定义；仅所列范围
覆盖检查,CV00076,G2,A005,DIM-PROV,省级,部分覆盖,北京；天津；河北；山西；内蒙古；辽宁；吉林；黑龙江；上海；江苏；浙江；安徽；福建；江西；山东；河南；湖北；湖南；广东；广西；海南；重庆；四川；贵州；云南；西藏；陕西；甘肃；青海；宁夏；新疆,R_REGION_GDP,表3-9三次产业等指数，按实际非空列,年度口径；不表示省级季度及各居民群体交叉全覆盖。空白以原表为准。,已读原表/定义；仅所列范围
覆盖检查,CV00077,G3,A005,DIM-PROV,省级,部分覆盖,北京；天津；河北；山西；内蒙古；辽宁；吉林；黑龙江；上海；江苏；浙江；安徽；福建；江西；山东；河南；湖北；湖南；广东；广西；海南；重庆；四川；贵州；云南；西藏；陕西；甘肃；青海；宁夏；新疆,R_REGION_GDP,表3-9三次产业等指数，按实际非空列,年度口径；不表示省级季度及各居民群体交叉全覆盖。空白以原表为准。,已读原表/定义；仅所列范围
覆盖检查,CV00078,G4,A005,DIM-PROV,省级,部分覆盖,北京；天津；河北；山西；内蒙古；辽宁；吉林；黑龙江；上海；江苏；浙江；安徽；福建；江西；山东；河南；湖北；湖南；广东；广西；海南；重庆；四川；贵州；云南；西藏；陕西；甘肃；青海；宁夏；新疆,R_REGION_GDP,表3-9三次产业等指数，按实际非空列,年度口径；不表示省级季度及各居民群体交叉全覆盖。空白以原表为准。,已读原表/定义；仅所列范围
覆盖检查,CV00079,S1,A005,DIM-PROV,省级,部分覆盖,北京；天津；河北；山西；内蒙古；辽宁；吉林；黑龙江；上海；江苏；浙江；安徽；福建；江西；山东；河南；湖北；湖南；广东；广西；海南；重庆；四川；贵州；云南；西藏；陕西；甘肃；青海；宁夏；新疆,R_REGION_GDP,表3-9三次产业等指数，按实际非空列,年度口径；不表示省级季度及各居民群体交叉全覆盖。空白以原表为准。,已读原表/定义；仅所列范围
覆盖检查,CV00080,S3,A005,DIM-PROV,省级,部分覆盖,北京；天津；河北；山西；内蒙古；辽宁；吉林；黑龙江；上海；江苏；浙江；安徽；福建；江西；山东；河南；湖北；湖南；广东；广西；海南；重庆；四川；贵州；云南；西藏；陕西；甘肃；青海；宁夏；新疆,R_REGION_GDP,表3-9三次产业等指数，按实际非空列,年度口径；不表示省级季度及各居民群体交叉全覆盖。空白以原表为准。,已读原表/定义；仅所列范围
覆盖检查,CV00081,G2,A005,DIM-PREF,地级,无稳定公开数据,,A_S01,已读来源未提供该维度的稳定全覆盖表；本轮未建立额外逐单元来源,这是本轮证据缺口，不断言其他官方资料不存在；后续需逐表核验,原来源已查；扩展来源待核验
覆盖检查,CV00082,G3,A005,DIM-PREF,地级,无稳定公开数据,,A_S01,已读来源未提供该维度的稳定全覆盖表；本轮未建立额外逐单元来源,这是本轮证据缺口，不断言其他官方资料不存在；后续需逐表核验,原来源已查；扩展来源待核验
覆盖检查,CV00083,G4,A005,DIM-PREF,地级,无稳定公开数据,,A_S01,已读来源未提供该维度的稳定全覆盖表；本轮未建立额外逐单元来源,这是本轮证据缺口，不断言其他官方资料不存在；后续需逐表核验,原来源已查；扩展来源待核验
覆盖检查,CV00084,S1,A005,DIM-PREF,地级,无稳定公开数据,,A_S01,已读来源未提供该维度的稳定全覆盖表；本轮未建立额外逐单元来源,这是本轮证据缺口，不断言其他官方资料不存在；后续需逐表核验,原来源已查；扩展来源待核验
覆盖检查,CV00085,S3,A005,DIM-PREF,地级,无稳定公开数据,,A_S01,已读来源未提供该维度的稳定全覆盖表；本轮未建立额外逐单元来源,这是本轮证据缺口，不断言其他官方资料不存在；后续需逐表核验,原来源已查；扩展来源待核验
覆盖检查,CV00086,G2,A005,DIM-IND,行业,已覆盖,第一产业；第二产业；第三产业；农林牧渔业；工业；制造业；建筑业；批发和零售业；交通运输仓储和邮政业；住宿和餐饮业；金融业；房地产业；信息传输软件和信息技术服务业；租赁和商务服务业；其他行业,A_S01,表1,,已读原表/定义；仅所列范围
覆盖检查,CV00087,G3,A005,DIM-IND,行业,已覆盖,第一产业；第二产业；第三产业；农林牧渔业；工业；制造业；建筑业；批发和零售业；交通运输仓储和邮政业；住宿和餐饮业；金融业；房地产业；信息传输软件和信息技术服务业；租赁和商务服务业；其他行业,A_S01,表1,,已读原表/定义；仅所列范围
覆盖检查,CV00088,G4,A005,DIM-IND,行业,已覆盖,第一产业；第二产业；第三产业；农林牧渔业；工业；制造业；建筑业；批发和零售业；交通运输仓储和邮政业；住宿和餐饮业；金融业；房地产业；信息传输软件和信息技术服务业；租赁和商务服务业；其他行业,A_S01,表1,,已读原表/定义；仅所列范围
覆盖检查,CV00089,S1,A005,DIM-IND,行业,已覆盖,第一产业；第二产业；第三产业；农林牧渔业；工业；制造业；建筑业；批发和零售业；交通运输仓储和邮政业；住宿和餐饮业；金融业；房地产业；信息传输软件和信息技术服务业；租赁和商务服务业；其他行业,A_S01,表1,,已读原表/定义；仅所列范围
覆盖检查,CV00090,S3,A005,DIM-IND,行业,已覆盖,第一产业；第二产业；第三产业；农林牧渔业；工业；制造业；建筑业；批发和零售业；交通运输仓储和邮政业；住宿和餐饮业；金融业；房地产业；信息传输软件和信息技术服务业；租赁和商务服务业；其他行业,A_S01,表1,,已读原表/定义；仅所列范围
覆盖检查,CV00091,G2,A005,DIM-FIRM,企业类型,无稳定公开数据,,A_S01,已读来源未提供该维度的稳定全覆盖表；本轮未建立额外逐单元来源,这是本轮证据缺口，不断言其他官方资料不存在；后续需逐表核验,原来源已查；扩展来源待核验
覆盖检查,CV00092,G3,A005,DIM-FIRM,企业类型,无稳定公开数据,,A_S01,已读来源未提供该维度的稳定全覆盖表；本轮未建立额外逐单元来源,这是本轮证据缺口，不断言其他官方资料不存在；后续需逐表核验,原来源已查；扩展来源待核验
覆盖检查,CV00093,G4,A005,DIM-FIRM,企业类型,无稳定公开数据,,A_S01,已读来源未提供该维度的稳定全覆盖表；本轮未建立额外逐单元来源,这是本轮证据缺口，不断言其他官方资料不存在；后续需逐表核验,原来源已查；扩展来源待核验
覆盖检查,CV00094,S1,A005,DIM-FIRM,企业类型,无稳定公开数据,,A_S01,已读来源未提供该维度的稳定全覆盖表；本轮未建立额外逐单元来源,这是本轮证据缺口，不断言其他官方资料不存在；后续需逐表核验,原来源已查；扩展来源待核验
覆盖检查,CV00095,S3,A005,DIM-FIRM,企业类型,无稳定公开数据,,A_S01,已读来源未提供该维度的稳定全覆盖表；本轮未建立额外逐单元来源,这是本轮证据缺口，不断言其他官方资料不存在；后续需逐表核验,原来源已查；扩展来源待核验
覆盖检查,CV00096,G2,A005,DIM-HH,居民群体,无稳定公开数据,,A_S01,已读来源未提供该维度的稳定全覆盖表；本轮未建立额外逐单元来源,这是本轮证据缺口，不断言其他官方资料不存在；后续需逐表核验,原来源已查；扩展来源待核验
覆盖检查,CV00097,G3,A005,DIM-HH,居民群体,无稳定公开数据,,A_S01,已读来源未提供该维度的稳定全覆盖表；本轮未建立额外逐单元来源,这是本轮证据缺口，不断言其他官方资料不存在；后续需逐表核验,原来源已查；扩展来源待核验
覆盖检查,CV00098,G4,A005,DIM-HH,居民群体,无稳定公开数据,,A_S01,已读来源未提供该维度的稳定全覆盖表；本轮未建立额外逐单元来源,这是本轮证据缺口，不断言其他官方资料不存在；后续需逐表核验,原来源已查；扩展来源待核验
覆盖检查,CV00099,S1,A005,DIM-HH,居民群体,无稳定公开数据,,A_S01,已读来源未提供该维度的稳定全覆盖表；本轮未建立额外逐单元来源,这是本轮证据缺口，不断言其他官方资料不存在；后续需逐表核验,原来源已查；扩展来源待核验
覆盖检查,CV00100,S3,A005,DIM-HH,居民群体,无稳定公开数据,,A_S01,已读来源未提供该维度的稳定全覆盖表；本轮未建立额外逐单元来源,这是本轮证据缺口，不断言其他官方资料不存在；后续需逐表核验,原来源已查；扩展来源待核验
覆盖检查,CV00101,G2,A005,DIM-SEC,机构部门,无稳定公开数据,,A_S01,已读来源未提供该维度的稳定全覆盖表；本轮未建立额外逐单元来源,这是本轮证据缺口，不断言其他官方资料不存在；后续需逐表核验,原来源已查；扩展来源待核验
覆盖检查,CV00102,G3,A005,DIM-SEC,机构部门,无稳定公开数据,,A_S01,已读来源未提供该维度的稳定全覆盖表；本轮未建立额外逐单元来源,这是本轮证据缺口，不断言其他官方资料不存在；后续需逐表核验,原来源已查；扩展来源待核验
覆盖检查,CV00103,G4,A005,DIM-SEC,机构部门,无稳定公开数据,,A_S01,已读来源未提供该维度的稳定全覆盖表；本轮未建立额外逐单元来源,这是本轮证据缺口，不断言其他官方资料不存在；后续需逐表核验,原来源已查；扩展来源待核验
覆盖检查,CV00104,S1,A005,DIM-SEC,机构部门,无稳定公开数据,,A_S01,已读来源未提供该维度的稳定全覆盖表；本轮未建立额外逐单元来源,这是本轮证据缺口，不断言其他官方资料不存在；后续需逐表核验,原来源已查；扩展来源待核验
覆盖检查,CV00105,S3,A005,DIM-SEC,机构部门,无稳定公开数据,,A_S01,已读来源未提供该维度的稳定全覆盖表；本轮未建立额外逐单元来源,这是本轮证据缺口，不断言其他官方资料不存在；后续需逐表核验,原来源已查；扩展来源待核验
覆盖检查,CV00106,K2,A006,DIM-NAT,全国,已覆盖,全国支出法核算范围,A_S03,本源正文或表格明确全国统计结果。,,已读原表/定义；仅所列范围
覆盖检查,CV00107,K2,A006,DIM-PROV,省级,无稳定公开数据,,A_S03,已读来源未提供该维度的稳定全覆盖表；本轮未建立额外逐单元来源,这是本轮证据缺口，不断言其他官方资料不存在；后续需逐表核验,原来源已查；扩展来源待核验
覆盖检查,CV00108,K2,A006,DIM-PREF,地级,无稳定公开数据,,A_S03,已读来源未提供该维度的稳定全覆盖表；本轮未建立额外逐单元来源,这是本轮证据缺口，不断言其他官方资料不存在；后续需逐表核验,原来源已查；扩展来源待核验
覆盖检查,CV00109,K2,A006,DIM-IND,行业,无稳定公开数据,,A_S03,已读来源未提供该维度的稳定全覆盖表；本轮未建立额外逐单元来源,这是本轮证据缺口，不断言其他官方资料不存在；后续需逐表核验,原来源已查；扩展来源待核验
覆盖检查,CV00110,K2,A006,DIM-FIRM,企业类型,无稳定公开数据,,A_S03,已读来源未提供该维度的稳定全覆盖表；本轮未建立额外逐单元来源,这是本轮证据缺口，不断言其他官方资料不存在；后续需逐表核验,原来源已查；扩展来源待核验
覆盖检查,CV00111,K2,A006,DIM-HH,居民群体,无稳定公开数据,,A_S03,已读来源未提供该维度的稳定全覆盖表；本轮未建立额外逐单元来源,这是本轮证据缺口，不断言其他官方资料不存在；后续需逐表核验,原来源已查；扩展来源待核验
覆盖检查,CV00112,K2,A006,DIM-SEC,机构部门,无稳定公开数据,,A_S03,已读来源未提供该维度的稳定全覆盖表；本轮未建立额外逐单元来源,这是本轮证据缺口，不断言其他官方资料不存在；后续需逐表核验,原来源已查；扩展来源待核验
覆盖检查,CV00113,K2,A007,DIM-NAT,全国,已覆盖,全国支出法核算范围,A_S03,本源正文或表格明确全国统计结果。,,已读原表/定义；仅所列范围
覆盖检查,CV00114,G2,A007,DIM-NAT,全国,已覆盖,全国支出法核算范围,A_S03,本源正文或表格明确全国统计结果。,,已读原表/定义；仅所列范围
覆盖检查,CV00115,D1,A007,DIM-NAT,全国,已覆盖,全国支出法核算范围,A_S03,本源正文或表格明确全国统计结果。,,已读原表/定义；仅所列范围
覆盖检查,CV00116,K2,A007,DIM-PROV,省级,无稳定公开数据,,A_S03,已读来源未提供该维度的稳定全覆盖表；本轮未建立额外逐单元来源,这是本轮证据缺口，不断言其他官方资料不存在；后续需逐表核验,原来源已查；扩展来源待核验
覆盖检查,CV00117,G2,A007,DIM-PROV,省级,无稳定公开数据,,A_S03,已读来源未提供该维度的稳定全覆盖表；本轮未建立额外逐单元来源,这是本轮证据缺口，不断言其他官方资料不存在；后续需逐表核验,原来源已查；扩展来源待核验
覆盖检查,CV00118,D1,A007,DIM-PROV,省级,无稳定公开数据,,A_S03,已读来源未提供该维度的稳定全覆盖表；本轮未建立额外逐单元来源,这是本轮证据缺口，不断言其他官方资料不存在；后续需逐表核验,原来源已查；扩展来源待核验
覆盖检查,CV00119,K2,A007,DIM-PREF,地级,无稳定公开数据,,A_S03,已读来源未提供该维度的稳定全覆盖表；本轮未建立额外逐单元来源,这是本轮证据缺口，不断言其他官方资料不存在；后续需逐表核验,原来源已查；扩展来源待核验
覆盖检查,CV00120,G2,A007,DIM-PREF,地级,无稳定公开数据,,A_S03,已读来源未提供该维度的稳定全覆盖表；本轮未建立额外逐单元来源,这是本轮证据缺口，不断言其他官方资料不存在；后续需逐表核验,原来源已查；扩展来源待核验
覆盖检查,CV00121,D1,A007,DIM-PREF,地级,无稳定公开数据,,A_S03,已读来源未提供该维度的稳定全覆盖表；本轮未建立额外逐单元来源,这是本轮证据缺口，不断言其他官方资料不存在；后续需逐表核验,原来源已查；扩展来源待核验
覆盖检查,CV00122,K2,A007,DIM-IND,行业,无稳定公开数据,,A_S03,已读来源未提供该维度的稳定全覆盖表；本轮未建立额外逐单元来源,这是本轮证据缺口，不断言其他官方资料不存在；后续需逐表核验,原来源已查；扩展来源待核验
覆盖检查,CV00123,G2,A007,DIM-IND,行业,无稳定公开数据,,A_S03,已读来源未提供该维度的稳定全覆盖表；本轮未建立额外逐单元来源,这是本轮证据缺口，不断言其他官方资料不存在；后续需逐表核验,原来源已查；扩展来源待核验
覆盖检查,CV00124,D1,A007,DIM-IND,行业,无稳定公开数据,,A_S03,已读来源未提供该维度的稳定全覆盖表；本轮未建立额外逐单元来源,这是本轮证据缺口，不断言其他官方资料不存在；后续需逐表核验,原来源已查；扩展来源待核验
覆盖检查,CV00125,K2,A007,DIM-FIRM,企业类型,无稳定公开数据,,A_S03,已读来源未提供该维度的稳定全覆盖表；本轮未建立额外逐单元来源,这是本轮证据缺口，不断言其他官方资料不存在；后续需逐表核验,原来源已查；扩展来源待核验
覆盖检查,CV00126,G2,A007,DIM-FIRM,企业类型,无稳定公开数据,,A_S03,已读来源未提供该维度的稳定全覆盖表；本轮未建立额外逐单元来源,这是本轮证据缺口，不断言其他官方资料不存在；后续需逐表核验,原来源已查；扩展来源待核验
覆盖检查,CV00127,D1,A007,DIM-FIRM,企业类型,无稳定公开数据,,A_S03,已读来源未提供该维度的稳定全覆盖表；本轮未建立额外逐单元来源,这是本轮证据缺口，不断言其他官方资料不存在；后续需逐表核验,原来源已查；扩展来源待核验
覆盖检查,CV00128,K2,A007,DIM-HH,居民群体,无稳定公开数据,,A_S03,已读来源未提供该维度的稳定全覆盖表；本轮未建立额外逐单元来源,这是本轮证据缺口，不断言其他官方资料不存在；后续需逐表核验,原来源已查；扩展来源待核验
覆盖检查,CV00129,G2,A007,DIM-HH,居民群体,无稳定公开数据,,A_S03,已读来源未提供该维度的稳定全覆盖表；本轮未建立额外逐单元来源,这是本轮证据缺口，不断言其他官方资料不存在；后续需逐表核验,原来源已查；扩展来源待核验
覆盖检查,CV00130,D1,A007,DIM-HH,居民群体,无稳定公开数据,,A_S03,已读来源未提供该维度的稳定全覆盖表；本轮未建立额外逐单元来源,这是本轮证据缺口，不断言其他官方资料不存在；后续需逐表核验,原来源已查；扩展来源待核验
覆盖检查,CV00131,K2,A007,DIM-SEC,机构部门,无稳定公开数据,,A_S03,已读来源未提供该维度的稳定全覆盖表；本轮未建立额外逐单元来源,这是本轮证据缺口，不断言其他官方资料不存在；后续需逐表核验,原来源已查；扩展来源待核验
覆盖检查,CV00132,G2,A007,DIM-SEC,机构部门,无稳定公开数据,,A_S03,已读来源未提供该维度的稳定全覆盖表；本轮未建立额外逐单元来源,这是本轮证据缺口，不断言其他官方资料不存在；后续需逐表核验,原来源已查；扩展来源待核验
覆盖检查,CV00133,D1,A007,DIM-SEC,机构部门,无稳定公开数据,,A_S03,已读来源未提供该维度的稳定全覆盖表；本轮未建立额外逐单元来源,这是本轮证据缺口，不断言其他官方资料不存在；后续需逐表核验,原来源已查；扩展来源待核验
覆盖检查,CV00134,K2,A008,DIM-NAT,全国,已覆盖,全国支出法核算范围,A_S03,本源正文或表格明确全国统计结果。,,已读原表/定义；仅所列范围
覆盖检查,CV00135,K2,A008,DIM-PROV,省级,无稳定公开数据,,A_S03,已读来源未提供该维度的稳定全覆盖表；本轮未建立额外逐单元来源,这是本轮证据缺口，不断言其他官方资料不存在；后续需逐表核验,原来源已查；扩展来源待核验
覆盖检查,CV00136,K2,A008,DIM-PREF,地级,无稳定公开数据,,A_S03,已读来源未提供该维度的稳定全覆盖表；本轮未建立额外逐单元来源,这是本轮证据缺口，不断言其他官方资料不存在；后续需逐表核验,原来源已查；扩展来源待核验
覆盖检查,CV00137,K2,A008,DIM-IND,行业,无稳定公开数据,,A_S03,已读来源未提供该维度的稳定全覆盖表；本轮未建立额外逐单元来源,这是本轮证据缺口，不断言其他官方资料不存在；后续需逐表核验,原来源已查；扩展来源待核验
覆盖检查,CV00138,K2,A008,DIM-FIRM,企业类型,无稳定公开数据,,A_S03,已读来源未提供该维度的稳定全覆盖表；本轮未建立额外逐单元来源,这是本轮证据缺口，不断言其他官方资料不存在；后续需逐表核验,原来源已查；扩展来源待核验
覆盖检查,CV00139,K2,A008,DIM-HH,居民群体,无稳定公开数据,,A_S03,已读来源未提供该维度的稳定全覆盖表；本轮未建立额外逐单元来源,这是本轮证据缺口，不断言其他官方资料不存在；后续需逐表核验,原来源已查；扩展来源待核验
覆盖检查,CV00140,K2,A008,DIM-SEC,机构部门,无稳定公开数据,,A_S03,已读来源未提供该维度的稳定全覆盖表；本轮未建立额外逐单元来源,这是本轮证据缺口，不断言其他官方资料不存在；后续需逐表核验,原来源已查；扩展来源待核验
覆盖检查,CV00141,M1,A009,DIM-NAT,全国,已覆盖,全国常住机构单位,A_S03,本源正文或表格明确全国统计结果。,,已读原表/定义；仅所列范围
覆盖检查,CV00142,M1,A009,DIM-PROV,省级,无稳定公开数据,,A_S03,已读来源未提供该维度的稳定全覆盖表；本轮未建立额外逐单元来源,这是本轮证据缺口，不断言其他官方资料不存在；后续需逐表核验,原来源已查；扩展来源待核验
覆盖检查,CV00143,M1,A009,DIM-PREF,地级,无稳定公开数据,,A_S03,已读来源未提供该维度的稳定全覆盖表；本轮未建立额外逐单元来源,这是本轮证据缺口，不断言其他官方资料不存在；后续需逐表核验,原来源已查；扩展来源待核验
覆盖检查,CV00144,M1,A009,DIM-IND,行业,无稳定公开数据,,A_S03,已读来源未提供该维度的稳定全覆盖表；本轮未建立额外逐单元来源,这是本轮证据缺口，不断言其他官方资料不存在；后续需逐表核验,原来源已查；扩展来源待核验
覆盖检查,CV00145,M1,A009,DIM-FIRM,企业类型,无稳定公开数据,,A_S03,已读来源未提供该维度的稳定全覆盖表；本轮未建立额外逐单元来源,这是本轮证据缺口，不断言其他官方资料不存在；后续需逐表核验,原来源已查；扩展来源待核验
覆盖检查,CV00146,M1,A009,DIM-HH,居民群体,无稳定公开数据,,A_S03,已读来源未提供该维度的稳定全覆盖表；本轮未建立额外逐单元来源,这是本轮证据缺口，不断言其他官方资料不存在；后续需逐表核验,原来源已查；扩展来源待核验
覆盖检查,CV00147,M1,A009,DIM-SEC,机构部门,无稳定公开数据,,A_S03,已读来源未提供该维度的稳定全覆盖表；本轮未建立额外逐单元来源,这是本轮证据缺口，不断言其他官方资料不存在；后续需逐表核验,原来源已查；扩展来源待核验
覆盖检查,CV00148,G4,A010,DIM-NAT,全国,已覆盖,全国常住人口,A_S03,本源正文或表格明确全国统计结果。,,已读原表/定义；仅所列范围
覆盖检查,CV00149,S1,A010,DIM-NAT,全国,已覆盖,全国常住人口,A_S03,本源正文或表格明确全国统计结果。,,已读原表/定义；仅所列范围
覆盖检查,CV00150,G4,A010,DIM-PROV,省级,已覆盖,北京；天津；河北；山西；内蒙古；辽宁；吉林；黑龙江；上海；江苏；浙江；安徽；福建；江西；山东；河南；湖北；湖南；广东；广西；海南；重庆；四川；贵州；云南；西藏；陕西；甘肃；青海；宁夏；新疆,R_REGION_GDP,表3-9人均GDP，2024年,年度口径；不表示省级季度及各居民群体交叉全覆盖。空白以原表为准。,已读原表/定义；仅所列范围
覆盖检查,CV00151,S1,A010,DIM-PROV,省级,已覆盖,北京；天津；河北；山西；内蒙古；辽宁；吉林；黑龙江；上海；江苏；浙江；安徽；福建；江西；山东；河南；湖北；湖南；广东；广西；海南；重庆；四川；贵州；云南；西藏；陕西；甘肃；青海；宁夏；新疆,R_REGION_GDP,表3-9人均GDP，2024年,年度口径；不表示省级季度及各居民群体交叉全覆盖。空白以原表为准。,已读原表/定义；仅所列范围
覆盖检查,CV00152,G4,A010,DIM-PREF,地级,无稳定公开数据,,A_S03,已读来源未提供该维度的稳定全覆盖表；本轮未建立额外逐单元来源,这是本轮证据缺口，不断言其他官方资料不存在；后续需逐表核验,原来源已查；扩展来源待核验
覆盖检查,CV00153,S1,A010,DIM-PREF,地级,无稳定公开数据,,A_S03,已读来源未提供该维度的稳定全覆盖表；本轮未建立额外逐单元来源,这是本轮证据缺口，不断言其他官方资料不存在；后续需逐表核验,原来源已查；扩展来源待核验
覆盖检查,CV00154,G4,A010,DIM-IND,行业,无稳定公开数据,,A_S03,已读来源未提供该维度的稳定全覆盖表；本轮未建立额外逐单元来源,这是本轮证据缺口，不断言其他官方资料不存在；后续需逐表核验,原来源已查；扩展来源待核验
覆盖检查,CV00155,S1,A010,DIM-IND,行业,无稳定公开数据,,A_S03,已读来源未提供该维度的稳定全覆盖表；本轮未建立额外逐单元来源,这是本轮证据缺口，不断言其他官方资料不存在；后续需逐表核验,原来源已查；扩展来源待核验
覆盖检查,CV00156,G4,A010,DIM-FIRM,企业类型,无稳定公开数据,,A_S03,已读来源未提供该维度的稳定全覆盖表；本轮未建立额外逐单元来源,这是本轮证据缺口，不断言其他官方资料不存在；后续需逐表核验,原来源已查；扩展来源待核验
覆盖检查,CV00157,S1,A010,DIM-FIRM,企业类型,无稳定公开数据,,A_S03,已读来源未提供该维度的稳定全覆盖表；本轮未建立额外逐单元来源,这是本轮证据缺口，不断言其他官方资料不存在；后续需逐表核验,原来源已查；扩展来源待核验
覆盖检查,CV00158,G4,A010,DIM-HH,居民群体,无稳定公开数据,,A_S03,已读来源未提供该维度的稳定全覆盖表；本轮未建立额外逐单元来源,这是本轮证据缺口，不断言其他官方资料不存在；后续需逐表核验,原来源已查；扩展来源待核验
覆盖检查,CV00159,S1,A010,DIM-HH,居民群体,无稳定公开数据,,A_S03,已读来源未提供该维度的稳定全覆盖表；本轮未建立额外逐单元来源,这是本轮证据缺口，不断言其他官方资料不存在；后续需逐表核验,原来源已查；扩展来源待核验
覆盖检查,CV00160,G4,A010,DIM-SEC,机构部门,无稳定公开数据,,A_S03,已读来源未提供该维度的稳定全覆盖表；本轮未建立额外逐单元来源,这是本轮证据缺口，不断言其他官方资料不存在；后续需逐表核验,原来源已查；扩展来源待核验
覆盖检查,CV00161,S1,A010,DIM-SEC,机构部门,无稳定公开数据,,A_S03,已读来源未提供该维度的稳定全覆盖表；本轮未建立额外逐单元来源,这是本轮证据缺口，不断言其他官方资料不存在；后续需逐表核验,原来源已查；扩展来源待核验
覆盖检查,CV00162,G3,A011,DIM-NAT,全国,已覆盖,全国全部就业人员,A_S03,本源正文或表格明确全国统计结果。,,已读原表/定义；仅所列范围
覆盖检查,CV00163,G4,A011,DIM-NAT,全国,已覆盖,全国全部就业人员,A_S03,本源正文或表格明确全国统计结果。,,已读原表/定义；仅所列范围
覆盖检查,CV00164,I4,A011,DIM-NAT,全国,已覆盖,全国全部就业人员,A_S03,本源正文或表格明确全国统计结果。,,已读原表/定义；仅所列范围
覆盖检查,CV00165,D2,A011,DIM-NAT,全国,已覆盖,全国全部就业人员,A_S03,本源正文或表格明确全国统计结果。,,已读原表/定义；仅所列范围
覆盖检查,CV00166,G3,A011,DIM-PROV,省级,无稳定公开数据,,A_S03,已读来源未提供该维度的稳定全覆盖表；本轮未建立额外逐单元来源,这是本轮证据缺口，不断言其他官方资料不存在；后续需逐表核验,原来源已查；扩展来源待核验
覆盖检查,CV00167,G4,A011,DIM-PROV,省级,无稳定公开数据,,A_S03,已读来源未提供该维度的稳定全覆盖表；本轮未建立额外逐单元来源,这是本轮证据缺口，不断言其他官方资料不存在；后续需逐表核验,原来源已查；扩展来源待核验
覆盖检查,CV00168,I4,A011,DIM-PROV,省级,无稳定公开数据,,A_S03,已读来源未提供该维度的稳定全覆盖表；本轮未建立额外逐单元来源,这是本轮证据缺口，不断言其他官方资料不存在；后续需逐表核验,原来源已查；扩展来源待核验
覆盖检查,CV00169,D2,A011,DIM-PROV,省级,无稳定公开数据,,A_S03,已读来源未提供该维度的稳定全覆盖表；本轮未建立额外逐单元来源,这是本轮证据缺口，不断言其他官方资料不存在；后续需逐表核验,原来源已查；扩展来源待核验
覆盖检查,CV00170,G3,A011,DIM-PREF,地级,无稳定公开数据,,A_S03,已读来源未提供该维度的稳定全覆盖表；本轮未建立额外逐单元来源,这是本轮证据缺口，不断言其他官方资料不存在；后续需逐表核验,原来源已查；扩展来源待核验
覆盖检查,CV00171,G4,A011,DIM-PREF,地级,无稳定公开数据,,A_S03,已读来源未提供该维度的稳定全覆盖表；本轮未建立额外逐单元来源,这是本轮证据缺口，不断言其他官方资料不存在；后续需逐表核验,原来源已查；扩展来源待核验
覆盖检查,CV00172,I4,A011,DIM-PREF,地级,无稳定公开数据,,A_S03,已读来源未提供该维度的稳定全覆盖表；本轮未建立额外逐单元来源,这是本轮证据缺口，不断言其他官方资料不存在；后续需逐表核验,原来源已查；扩展来源待核验
覆盖检查,CV00173,D2,A011,DIM-PREF,地级,无稳定公开数据,,A_S03,已读来源未提供该维度的稳定全覆盖表；本轮未建立额外逐单元来源,这是本轮证据缺口，不断言其他官方资料不存在；后续需逐表核验,原来源已查；扩展来源待核验
覆盖检查,CV00174,G3,A011,DIM-IND,行业,无稳定公开数据,,A_S03,已读来源未提供该维度的稳定全覆盖表；本轮未建立额外逐单元来源,这是本轮证据缺口，不断言其他官方资料不存在；后续需逐表核验,原来源已查；扩展来源待核验
覆盖检查,CV00175,G4,A011,DIM-IND,行业,无稳定公开数据,,A_S03,已读来源未提供该维度的稳定全覆盖表；本轮未建立额外逐单元来源,这是本轮证据缺口，不断言其他官方资料不存在；后续需逐表核验,原来源已查；扩展来源待核验
覆盖检查,CV00176,I4,A011,DIM-IND,行业,无稳定公开数据,,A_S03,已读来源未提供该维度的稳定全覆盖表；本轮未建立额外逐单元来源,这是本轮证据缺口，不断言其他官方资料不存在；后续需逐表核验,原来源已查；扩展来源待核验
覆盖检查,CV00177,D2,A011,DIM-IND,行业,无稳定公开数据,,A_S03,已读来源未提供该维度的稳定全覆盖表；本轮未建立额外逐单元来源,这是本轮证据缺口，不断言其他官方资料不存在；后续需逐表核验,原来源已查；扩展来源待核验
覆盖检查,CV00178,G3,A011,DIM-FIRM,企业类型,无稳定公开数据,,A_S03,已读来源未提供该维度的稳定全覆盖表；本轮未建立额外逐单元来源,这是本轮证据缺口，不断言其他官方资料不存在；后续需逐表核验,原来源已查；扩展来源待核验
覆盖检查,CV00179,G4,A011,DIM-FIRM,企业类型,无稳定公开数据,,A_S03,已读来源未提供该维度的稳定全覆盖表；本轮未建立额外逐单元来源,这是本轮证据缺口，不断言其他官方资料不存在；后续需逐表核验,原来源已查；扩展来源待核验
覆盖检查,CV00180,I4,A011,DIM-FIRM,企业类型,无稳定公开数据,,A_S03,已读来源未提供该维度的稳定全覆盖表；本轮未建立额外逐单元来源,这是本轮证据缺口，不断言其他官方资料不存在；后续需逐表核验,原来源已查；扩展来源待核验
覆盖检查,CV00181,D2,A011,DIM-FIRM,企业类型,无稳定公开数据,,A_S03,已读来源未提供该维度的稳定全覆盖表；本轮未建立额外逐单元来源,这是本轮证据缺口，不断言其他官方资料不存在；后续需逐表核验,原来源已查；扩展来源待核验
覆盖检查,CV00182,G3,A011,DIM-HH,居民群体,无稳定公开数据,,A_S03,已读来源未提供该维度的稳定全覆盖表；本轮未建立额外逐单元来源,这是本轮证据缺口，不断言其他官方资料不存在；后续需逐表核验,原来源已查；扩展来源待核验
覆盖检查,CV00183,G4,A011,DIM-HH,居民群体,无稳定公开数据,,A_S03,已读来源未提供该维度的稳定全覆盖表；本轮未建立额外逐单元来源,这是本轮证据缺口，不断言其他官方资料不存在；后续需逐表核验,原来源已查；扩展来源待核验
覆盖检查,CV00184,I4,A011,DIM-HH,居民群体,无稳定公开数据,,A_S03,已读来源未提供该维度的稳定全覆盖表；本轮未建立额外逐单元来源,这是本轮证据缺口，不断言其他官方资料不存在；后续需逐表核验,原来源已查；扩展来源待核验
覆盖检查,CV00185,D2,A011,DIM-HH,居民群体,无稳定公开数据,,A_S03,已读来源未提供该维度的稳定全覆盖表；本轮未建立额外逐单元来源,这是本轮证据缺口，不断言其他官方资料不存在；后续需逐表核验,原来源已查；扩展来源待核验
覆盖检查,CV00186,G3,A011,DIM-SEC,机构部门,无稳定公开数据,,A_S03,已读来源未提供该维度的稳定全覆盖表；本轮未建立额外逐单元来源,这是本轮证据缺口，不断言其他官方资料不存在；后续需逐表核验,原来源已查；扩展来源待核验
覆盖检查,CV00187,G4,A011,DIM-SEC,机构部门,无稳定公开数据,,A_S03,已读来源未提供该维度的稳定全覆盖表；本轮未建立额外逐单元来源,这是本轮证据缺口，不断言其他官方资料不存在；后续需逐表核验,原来源已查；扩展来源待核验
覆盖检查,CV00188,I4,A011,DIM-SEC,机构部门,无稳定公开数据,,A_S03,已读来源未提供该维度的稳定全覆盖表；本轮未建立额外逐单元来源,这是本轮证据缺口，不断言其他官方资料不存在；后续需逐表核验,原来源已查；扩展来源待核验
覆盖检查,CV00189,D2,A011,DIM-SEC,机构部门,无稳定公开数据,,A_S03,已读来源未提供该维度的稳定全覆盖表；本轮未建立额外逐单元来源,这是本轮证据缺口，不断言其他官方资料不存在；后续需逐表核验,原来源已查；扩展来源待核验
覆盖检查,CV00190,M1,A012,DIM-NAT,全国,已覆盖,全国经济领土常住单位，不含港澳台,A_S01,本源正文或表格明确全国统计结果。,,已读原表/定义；仅所列范围
覆盖检查,CV00191,M1,A012,DIM-PROV,省级,无稳定公开数据,,A_S01,已读来源未提供该维度的稳定全覆盖表；本轮未建立额外逐单元来源,这是本轮证据缺口，不断言其他官方资料不存在；后续需逐表核验,原来源已查；扩展来源待核验
覆盖检查,CV00192,M1,A012,DIM-PREF,地级,无稳定公开数据,,A_S01,已读来源未提供该维度的稳定全覆盖表；本轮未建立额外逐单元来源,这是本轮证据缺口，不断言其他官方资料不存在；后续需逐表核验,原来源已查；扩展来源待核验
覆盖检查,CV00193,M1,A012,DIM-IND,行业,无稳定公开数据,,A_S01,已读来源未提供该维度的稳定全覆盖表；本轮未建立额外逐单元来源,这是本轮证据缺口，不断言其他官方资料不存在；后续需逐表核验,原来源已查；扩展来源待核验
覆盖检查,CV00194,M1,A012,DIM-FIRM,企业类型,无稳定公开数据,,A_S01,已读来源未提供该维度的稳定全覆盖表；本轮未建立额外逐单元来源,这是本轮证据缺口，不断言其他官方资料不存在；后续需逐表核验,原来源已查；扩展来源待核验
覆盖检查,CV00195,M1,A012,DIM-HH,居民群体,无稳定公开数据,,A_S01,已读来源未提供该维度的稳定全覆盖表；本轮未建立额外逐单元来源,这是本轮证据缺口，不断言其他官方资料不存在；后续需逐表核验,原来源已查；扩展来源待核验
覆盖检查,CV00196,M1,A012,DIM-SEC,机构部门,无稳定公开数据,,A_S01,已读来源未提供该维度的稳定全覆盖表；本轮未建立额外逐单元来源,这是本轮证据缺口，不断言其他官方资料不存在；后续需逐表核验,原来源已查；扩展来源待核验
覆盖检查,CV00197,M1,A013,DIM-NAT,全国,已覆盖,全国GDP核算范围,A_S01,本源正文或表格明确全国统计结果。,,已读原表/定义；仅所列范围
覆盖检查,CV00198,M1,A013,DIM-PROV,省级,无稳定公开数据,,A_S01,已读来源未提供该维度的稳定全覆盖表；本轮未建立额外逐单元来源,这是本轮证据缺口，不断言其他官方资料不存在；后续需逐表核验,原来源已查；扩展来源待核验
覆盖检查,CV00199,M1,A013,DIM-PREF,地级,无稳定公开数据,,A_S01,已读来源未提供该维度的稳定全覆盖表；本轮未建立额外逐单元来源,这是本轮证据缺口，不断言其他官方资料不存在；后续需逐表核验,原来源已查；扩展来源待核验
覆盖检查,CV00200,M1,A013,DIM-IND,行业,无稳定公开数据,,A_S01,已读来源未提供该维度的稳定全覆盖表；本轮未建立额外逐单元来源,这是本轮证据缺口，不断言其他官方资料不存在；后续需逐表核验,原来源已查；扩展来源待核验
覆盖检查,CV00201,M1,A013,DIM-FIRM,企业类型,无稳定公开数据,,A_S01,已读来源未提供该维度的稳定全覆盖表；本轮未建立额外逐单元来源,这是本轮证据缺口，不断言其他官方资料不存在；后续需逐表核验,原来源已查；扩展来源待核验
覆盖检查,CV00202,M1,A013,DIM-HH,居民群体,无稳定公开数据,,A_S01,已读来源未提供该维度的稳定全覆盖表；本轮未建立额外逐单元来源,这是本轮证据缺口，不断言其他官方资料不存在；后续需逐表核验,原来源已查；扩展来源待核验
覆盖检查,CV00203,M1,A013,DIM-SEC,机构部门,无稳定公开数据,,A_S01,已读来源未提供该维度的稳定全覆盖表；本轮未建立额外逐单元来源,这是本轮证据缺口，不断言其他官方资料不存在；后续需逐表核验,原来源已查；扩展来源待核验
覆盖检查,CV00204,K2,A014,DIM-NAT,全国,已覆盖,全国住户调查居民,A_S04,本源正文或表格明确全国统计结果。,,已读原表/定义；仅所列范围
覆盖检查,CV00205,K3,A014,DIM-NAT,全国,已覆盖,全国住户调查居民,A_S04,本源正文或表格明确全国统计结果。,,已读原表/定义；仅所列范围
覆盖检查,CV00206,M4,A014,DIM-NAT,全国,已覆盖,全国住户调查居民,A_S04,本源正文或表格明确全国统计结果。,,已读原表/定义；仅所列范围
覆盖检查,CV00207,G4,A014,DIM-NAT,全国,已覆盖,全国住户调查居民,A_S04,本源正文或表格明确全国统计结果。,,已读原表/定义；仅所列范围
覆盖检查,CV00208,D2,A014,DIM-NAT,全国,已覆盖,全国住户调查居民,A_S04,本源正文或表格明确全国统计结果。,,已读原表/定义；仅所列范围
覆盖检查,CV00209,D3,A014,DIM-NAT,全国,已覆盖,全国住户调查居民,A_S04,本源正文或表格明确全国统计结果。,,已读原表/定义；仅所列范围
覆盖检查,CV00210,K2,A014,DIM-PROV,省级,已覆盖,北京；天津；河北；山西；内蒙古；辽宁；吉林；黑龙江；上海；江苏；浙江；安徽；福建；江西；山东；河南；湖北；湖南；广东；广西；海南；重庆；四川；贵州；云南；西藏；陕西；甘肃；青海；宁夏；新疆,R_REGION_INCOME,表6-18各省全体居民，2018—2024年,年度口径；不表示省级季度及各居民群体交叉全覆盖。空白以原表为准。,已读原表/定义；仅所列范围
覆盖检查,CV00211,K3,A014,DIM-PROV,省级,已覆盖,北京；天津；河北；山西；内蒙古；辽宁；吉林；黑龙江；上海；江苏；浙江；安徽；福建；江西；山东；河南；湖北；湖南；广东；广西；海南；重庆；四川；贵州；云南；西藏；陕西；甘肃；青海；宁夏；新疆,R_REGION_INCOME,表6-18各省全体居民，2018—2024年,年度口径；不表示省级季度及各居民群体交叉全覆盖。空白以原表为准。,已读原表/定义；仅所列范围
覆盖检查,CV00212,M4,A014,DIM-PROV,省级,已覆盖,北京；天津；河北；山西；内蒙古；辽宁；吉林；黑龙江；上海；江苏；浙江；安徽；福建；江西；山东；河南；湖北；湖南；广东；广西；海南；重庆；四川；贵州；云南；西藏；陕西；甘肃；青海；宁夏；新疆,R_REGION_INCOME,表6-18各省全体居民，2018—2024年,年度口径；不表示省级季度及各居民群体交叉全覆盖。空白以原表为准。,已读原表/定义；仅所列范围
覆盖检查,CV00213,G4,A014,DIM-PROV,省级,已覆盖,北京；天津；河北；山西；内蒙古；辽宁；吉林；黑龙江；上海；江苏；浙江；安徽；福建；江西；山东；河南；湖北；湖南；广东；广西；海南；重庆；四川；贵州；云南；西藏；陕西；甘肃；青海；宁夏；新疆,R_REGION_INCOME,表6-18各省全体居民，2018—2024年,年度口径；不表示省级季度及各居民群体交叉全覆盖。空白以原表为准。,已读原表/定义；仅所列范围
覆盖检查,CV00214,D2,A014,DIM-PROV,省级,已覆盖,北京；天津；河北；山西；内蒙古；辽宁；吉林；黑龙江；上海；江苏；浙江；安徽；福建；江西；山东；河南；湖北；湖南；广东；广西；海南；重庆；四川；贵州；云南；西藏；陕西；甘肃；青海；宁夏；新疆,R_REGION_INCOME,表6-18各省全体居民，2018—2024年,年度口径；不表示省级季度及各居民群体交叉全覆盖。空白以原表为准。,已读原表/定义；仅所列范围
覆盖检查,CV00215,D3,A014,DIM-PROV,省级,已覆盖,北京；天津；河北；山西；内蒙古；辽宁；吉林；黑龙江；上海；江苏；浙江；安徽；福建；江西；山东；河南；湖北；湖南；广东；广西；海南；重庆；四川；贵州；云南；西藏；陕西；甘肃；青海；宁夏；新疆,R_REGION_INCOME,表6-18各省全体居民，2018—2024年,年度口径；不表示省级季度及各居民群体交叉全覆盖。空白以原表为准。,已读原表/定义；仅所列范围
覆盖检查,CV00216,K2,A014,DIM-PREF,地级,无稳定公开数据,,A_S04,已读来源未提供该维度的稳定全覆盖表；本轮未建立额外逐单元来源,这是本轮证据缺口，不断言其他官方资料不存在；后续需逐表核验,原来源已查；扩展来源待核验
覆盖检查,CV00217,K3,A014,DIM-PREF,地级,无稳定公开数据,,A_S04,已读来源未提供该维度的稳定全覆盖表；本轮未建立额外逐单元来源,这是本轮证据缺口，不断言其他官方资料不存在；后续需逐表核验,原来源已查；扩展来源待核验
覆盖检查,CV00218,M4,A014,DIM-PREF,地级,无稳定公开数据,,A_S04,已读来源未提供该维度的稳定全覆盖表；本轮未建立额外逐单元来源,这是本轮证据缺口，不断言其他官方资料不存在；后续需逐表核验,原来源已查；扩展来源待核验
覆盖检查,CV00219,G4,A014,DIM-PREF,地级,无稳定公开数据,,A_S04,已读来源未提供该维度的稳定全覆盖表；本轮未建立额外逐单元来源,这是本轮证据缺口，不断言其他官方资料不存在；后续需逐表核验,原来源已查；扩展来源待核验
覆盖检查,CV00220,D2,A014,DIM-PREF,地级,无稳定公开数据,,A_S04,已读来源未提供该维度的稳定全覆盖表；本轮未建立额外逐单元来源,这是本轮证据缺口，不断言其他官方资料不存在；后续需逐表核验,原来源已查；扩展来源待核验
覆盖检查,CV00221,D3,A014,DIM-PREF,地级,无稳定公开数据,,A_S04,已读来源未提供该维度的稳定全覆盖表；本轮未建立额外逐单元来源,这是本轮证据缺口，不断言其他官方资料不存在；后续需逐表核验,原来源已查；扩展来源待核验
覆盖检查,CV00222,K2,A014,DIM-IND,行业,无稳定公开数据,,A_S04,已读来源未提供该维度的稳定全覆盖表；本轮未建立额外逐单元来源,这是本轮证据缺口，不断言其他官方资料不存在；后续需逐表核验,原来源已查；扩展来源待核验
覆盖检查,CV00223,K3,A014,DIM-IND,行业,无稳定公开数据,,A_S04,已读来源未提供该维度的稳定全覆盖表；本轮未建立额外逐单元来源,这是本轮证据缺口，不断言其他官方资料不存在；后续需逐表核验,原来源已查；扩展来源待核验
覆盖检查,CV00224,M4,A014,DIM-IND,行业,无稳定公开数据,,A_S04,已读来源未提供该维度的稳定全覆盖表；本轮未建立额外逐单元来源,这是本轮证据缺口，不断言其他官方资料不存在；后续需逐表核验,原来源已查；扩展来源待核验
覆盖检查,CV00225,G4,A014,DIM-IND,行业,无稳定公开数据,,A_S04,已读来源未提供该维度的稳定全覆盖表；本轮未建立额外逐单元来源,这是本轮证据缺口，不断言其他官方资料不存在；后续需逐表核验,原来源已查；扩展来源待核验
覆盖检查,CV00226,D2,A014,DIM-IND,行业,无稳定公开数据,,A_S04,已读来源未提供该维度的稳定全覆盖表；本轮未建立额外逐单元来源,这是本轮证据缺口，不断言其他官方资料不存在；后续需逐表核验,原来源已查；扩展来源待核验
覆盖检查,CV00227,D3,A014,DIM-IND,行业,无稳定公开数据,,A_S04,已读来源未提供该维度的稳定全覆盖表；本轮未建立额外逐单元来源,这是本轮证据缺口，不断言其他官方资料不存在；后续需逐表核验,原来源已查；扩展来源待核验
覆盖检查,CV00228,K2,A014,DIM-FIRM,企业类型,不适用,,A_S04,本指标定义不直接接受该维度拆分,不得借用同名但不同范围指标填补,适用性判断
覆盖检查,CV00229,K3,A014,DIM-FIRM,企业类型,不适用,,A_S04,本指标定义不直接接受该维度拆分,不得借用同名但不同范围指标填补,适用性判断
覆盖检查,CV00230,M4,A014,DIM-FIRM,企业类型,不适用,,A_S04,本指标定义不直接接受该维度拆分,不得借用同名但不同范围指标填补,适用性判断
覆盖检查,CV00231,G4,A014,DIM-FIRM,企业类型,不适用,,A_S04,本指标定义不直接接受该维度拆分,不得借用同名但不同范围指标填补,适用性判断
覆盖检查,CV00232,D2,A014,DIM-FIRM,企业类型,不适用,,A_S04,本指标定义不直接接受该维度拆分,不得借用同名但不同范围指标填补,适用性判断
覆盖检查,CV00233,D3,A014,DIM-FIRM,企业类型,不适用,,A_S04,本指标定义不直接接受该维度拆分,不得借用同名但不同范围指标填补,适用性判断
覆盖检查,CV00234,K2,A014,DIM-HH,居民群体,已覆盖,全国居民；城镇居民；农村居民,A_S04,表1按常住地分城乡。,,已读原表/定义；仅所列范围
覆盖检查,CV00235,K3,A014,DIM-HH,居民群体,已覆盖,全国居民；城镇居民；农村居民,A_S04,表1按常住地分城乡。,,已读原表/定义；仅所列范围
覆盖检查,CV00236,M4,A014,DIM-HH,居民群体,已覆盖,全国居民；城镇居民；农村居民,A_S04,表1按常住地分城乡。,,已读原表/定义；仅所列范围
覆盖检查,CV00237,G4,A014,DIM-HH,居民群体,已覆盖,全国居民；城镇居民；农村居民,A_S04,表1按常住地分城乡。,,已读原表/定义；仅所列范围
覆盖检查,CV00238,D2,A014,DIM-HH,居民群体,已覆盖,全国居民；城镇居民；农村居民,A_S04,表1按常住地分城乡。,,已读原表/定义；仅所列范围
覆盖检查,CV00239,D3,A014,DIM-HH,居民群体,已覆盖,全国居民；城镇居民；农村居民,A_S04,表1按常住地分城乡。,,已读原表/定义；仅所列范围
覆盖检查,CV00240,K2,A014,DIM-SEC,机构部门,无稳定公开数据,,A_S04,已读来源未提供该维度的稳定全覆盖表；本轮未建立额外逐单元来源,这是本轮证据缺口，不断言其他官方资料不存在；后续需逐表核验,原来源已查；扩展来源待核验
覆盖检查,CV00241,K3,A014,DIM-SEC,机构部门,无稳定公开数据,,A_S04,已读来源未提供该维度的稳定全覆盖表；本轮未建立额外逐单元来源,这是本轮证据缺口，不断言其他官方资料不存在；后续需逐表核验,原来源已查；扩展来源待核验
覆盖检查,CV00242,M4,A014,DIM-SEC,机构部门,无稳定公开数据,,A_S04,已读来源未提供该维度的稳定全覆盖表；本轮未建立额外逐单元来源,这是本轮证据缺口，不断言其他官方资料不存在；后续需逐表核验,原来源已查；扩展来源待核验
覆盖检查,CV00243,G4,A014,DIM-SEC,机构部门,无稳定公开数据,,A_S04,已读来源未提供该维度的稳定全覆盖表；本轮未建立额外逐单元来源,这是本轮证据缺口，不断言其他官方资料不存在；后续需逐表核验,原来源已查；扩展来源待核验
覆盖检查,CV00244,D2,A014,DIM-SEC,机构部门,无稳定公开数据,,A_S04,已读来源未提供该维度的稳定全覆盖表；本轮未建立额外逐单元来源,这是本轮证据缺口，不断言其他官方资料不存在；后续需逐表核验,原来源已查；扩展来源待核验
覆盖检查,CV00245,D3,A014,DIM-SEC,机构部门,无稳定公开数据,,A_S04,已读来源未提供该维度的稳定全覆盖表；本轮未建立额外逐单元来源,这是本轮证据缺口，不断言其他官方资料不存在；后续需逐表核验,原来源已查；扩展来源待核验
覆盖检查,CV00246,K2,A015,DIM-NAT,全国,已覆盖,全国住户调查居民,A_S04,本源正文或表格明确全国统计结果。,,已读原表/定义；仅所列范围
覆盖检查,CV00247,K3,A015,DIM-NAT,全国,已覆盖,全国住户调查居民,A_S04,本源正文或表格明确全国统计结果。,,已读原表/定义；仅所列范围
覆盖检查,CV00248,D2,A015,DIM-NAT,全国,已覆盖,全国住户调查居民,A_S04,本源正文或表格明确全国统计结果。,,已读原表/定义；仅所列范围
覆盖检查,CV00249,D3,A015,DIM-NAT,全国,已覆盖,全国住户调查居民,A_S04,本源正文或表格明确全国统计结果。,,已读原表/定义；仅所列范围
覆盖检查,CV00250,K2,A015,DIM-PROV,省级,无稳定公开数据,,A_S04,已读来源未提供该维度的稳定全覆盖表；本轮未建立额外逐单元来源,这是本轮证据缺口，不断言其他官方资料不存在；后续需逐表核验,原来源已查；扩展来源待核验
覆盖检查,CV00251,K3,A015,DIM-PROV,省级,无稳定公开数据,,A_S04,已读来源未提供该维度的稳定全覆盖表；本轮未建立额外逐单元来源,这是本轮证据缺口，不断言其他官方资料不存在；后续需逐表核验,原来源已查；扩展来源待核验
覆盖检查,CV00252,D2,A015,DIM-PROV,省级,无稳定公开数据,,A_S04,已读来源未提供该维度的稳定全覆盖表；本轮未建立额外逐单元来源,这是本轮证据缺口，不断言其他官方资料不存在；后续需逐表核验,原来源已查；扩展来源待核验
覆盖检查,CV00253,D3,A015,DIM-PROV,省级,无稳定公开数据,,A_S04,已读来源未提供该维度的稳定全覆盖表；本轮未建立额外逐单元来源,这是本轮证据缺口，不断言其他官方资料不存在；后续需逐表核验,原来源已查；扩展来源待核验
覆盖检查,CV00254,K2,A015,DIM-PREF,地级,无稳定公开数据,,A_S04,已读来源未提供该维度的稳定全覆盖表；本轮未建立额外逐单元来源,这是本轮证据缺口，不断言其他官方资料不存在；后续需逐表核验,原来源已查；扩展来源待核验
覆盖检查,CV00255,K3,A015,DIM-PREF,地级,无稳定公开数据,,A_S04,已读来源未提供该维度的稳定全覆盖表；本轮未建立额外逐单元来源,这是本轮证据缺口，不断言其他官方资料不存在；后续需逐表核验,原来源已查；扩展来源待核验
覆盖检查,CV00256,D2,A015,DIM-PREF,地级,无稳定公开数据,,A_S04,已读来源未提供该维度的稳定全覆盖表；本轮未建立额外逐单元来源,这是本轮证据缺口，不断言其他官方资料不存在；后续需逐表核验,原来源已查；扩展来源待核验
覆盖检查,CV00257,D3,A015,DIM-PREF,地级,无稳定公开数据,,A_S04,已读来源未提供该维度的稳定全覆盖表；本轮未建立额外逐单元来源,这是本轮证据缺口，不断言其他官方资料不存在；后续需逐表核验,原来源已查；扩展来源待核验
覆盖检查,CV00258,K2,A015,DIM-IND,行业,无稳定公开数据,,A_S04,已读来源未提供该维度的稳定全覆盖表；本轮未建立额外逐单元来源,这是本轮证据缺口，不断言其他官方资料不存在；后续需逐表核验,原来源已查；扩展来源待核验
覆盖检查,CV00259,K3,A015,DIM-IND,行业,无稳定公开数据,,A_S04,已读来源未提供该维度的稳定全覆盖表；本轮未建立额外逐单元来源,这是本轮证据缺口，不断言其他官方资料不存在；后续需逐表核验,原来源已查；扩展来源待核验
覆盖检查,CV00260,D2,A015,DIM-IND,行业,无稳定公开数据,,A_S04,已读来源未提供该维度的稳定全覆盖表；本轮未建立额外逐单元来源,这是本轮证据缺口，不断言其他官方资料不存在；后续需逐表核验,原来源已查；扩展来源待核验
覆盖检查,CV00261,D3,A015,DIM-IND,行业,无稳定公开数据,,A_S04,已读来源未提供该维度的稳定全覆盖表；本轮未建立额外逐单元来源,这是本轮证据缺口，不断言其他官方资料不存在；后续需逐表核验,原来源已查；扩展来源待核验
覆盖检查,CV00262,K2,A015,DIM-FIRM,企业类型,不适用,,A_S04,本指标定义不直接接受该维度拆分,不得借用同名但不同范围指标填补,适用性判断
覆盖检查,CV00263,K3,A015,DIM-FIRM,企业类型,不适用,,A_S04,本指标定义不直接接受该维度拆分,不得借用同名但不同范围指标填补,适用性判断
覆盖检查,CV00264,D2,A015,DIM-FIRM,企业类型,不适用,,A_S04,本指标定义不直接接受该维度拆分,不得借用同名但不同范围指标填补,适用性判断
覆盖检查,CV00265,D3,A015,DIM-FIRM,企业类型,不适用,,A_S04,本指标定义不直接接受该维度拆分,不得借用同名但不同范围指标填补,适用性判断
覆盖检查,CV00266,K2,A015,DIM-HH,居民群体,已覆盖,全国居民；城镇居民；农村居民,A_S04,表1按常住地分城乡。,,已读原表/定义；仅所列范围
覆盖检查,CV00267,K3,A015,DIM-HH,居民群体,已覆盖,全国居民；城镇居民；农村居民,A_S04,表1按常住地分城乡。,,已读原表/定义；仅所列范围
覆盖检查,CV00268,D2,A015,DIM-HH,居民群体,已覆盖,全国居民；城镇居民；农村居民,A_S04,表1按常住地分城乡。,,已读原表/定义；仅所列范围
覆盖检查,CV00269,D3,A015,DIM-HH,居民群体,已覆盖,全国居民；城镇居民；农村居民,A_S04,表1按常住地分城乡。,,已读原表/定义；仅所列范围
覆盖检查,CV00270,K2,A015,DIM-SEC,机构部门,无稳定公开数据,,A_S04,已读来源未提供该维度的稳定全覆盖表；本轮未建立额外逐单元来源,这是本轮证据缺口，不断言其他官方资料不存在；后续需逐表核验,原来源已查；扩展来源待核验
覆盖检查,CV00271,K3,A015,DIM-SEC,机构部门,无稳定公开数据,,A_S04,已读来源未提供该维度的稳定全覆盖表；本轮未建立额外逐单元来源,这是本轮证据缺口，不断言其他官方资料不存在；后续需逐表核验,原来源已查；扩展来源待核验
覆盖检查,CV00272,D2,A015,DIM-SEC,机构部门,无稳定公开数据,,A_S04,已读来源未提供该维度的稳定全覆盖表；本轮未建立额外逐单元来源,这是本轮证据缺口，不断言其他官方资料不存在；后续需逐表核验,原来源已查；扩展来源待核验
覆盖检查,CV00273,D3,A015,DIM-SEC,机构部门,无稳定公开数据,,A_S04,已读来源未提供该维度的稳定全覆盖表；本轮未建立额外逐单元来源,这是本轮证据缺口，不断言其他官方资料不存在；后续需逐表核验,原来源已查；扩展来源待核验
覆盖检查,CV00274,K1,A016,DIM-NAT,全国,已覆盖,全国住户调查居民,A_S04,本源正文或表格明确全国统计结果。,,已读原表/定义；仅所列范围
覆盖检查,CV00275,K2,A016,DIM-NAT,全国,已覆盖,全国住户调查居民,A_S04,本源正文或表格明确全国统计结果。,,已读原表/定义；仅所列范围
覆盖检查,CV00276,K3,A016,DIM-NAT,全国,已覆盖,全国住户调查居民,A_S04,本源正文或表格明确全国统计结果。,,已读原表/定义；仅所列范围
覆盖检查,CV00277,K4,A016,DIM-NAT,全国,已覆盖,全国住户调查居民,A_S04,本源正文或表格明确全国统计结果。,,已读原表/定义；仅所列范围
覆盖检查,CV00278,M2,A016,DIM-NAT,全国,已覆盖,全国住户调查居民,A_S04,本源正文或表格明确全国统计结果。,,已读原表/定义；仅所列范围
覆盖检查,CV00279,M3,A016,DIM-NAT,全国,已覆盖,全国住户调查居民,A_S04,本源正文或表格明确全国统计结果。,,已读原表/定义；仅所列范围
覆盖检查,CV00280,M4,A016,DIM-NAT,全国,已覆盖,全国住户调查居民,A_S04,本源正文或表格明确全国统计结果。,,已读原表/定义；仅所列范围
覆盖检查,CV00281,D3,A016,DIM-NAT,全国,已覆盖,全国住户调查居民,A_S04,本源正文或表格明确全国统计结果。,,已读原表/定义；仅所列范围
覆盖检查,CV00282,K1,A016,DIM-PROV,省级,部分覆盖,北京,A_S18,十人民生活：城乡居民收入及支出,仅2023年北京原文样本；未验证其余30省和逐月序列。,已读原表/定义；仅所列范围
覆盖检查,CV00283,K2,A016,DIM-PROV,省级,部分覆盖,北京,A_S18,十人民生活：城乡居民收入及支出,仅2023年北京原文样本；未验证其余30省和逐月序列。,已读原表/定义；仅所列范围
覆盖检查,CV00284,K3,A016,DIM-PROV,省级,部分覆盖,北京,A_S18,十人民生活：城乡居民收入及支出,仅2023年北京原文样本；未验证其余30省和逐月序列。,已读原表/定义；仅所列范围
覆盖检查,CV00285,K4,A016,DIM-PROV,省级,部分覆盖,北京,A_S18,十人民生活：城乡居民收入及支出,仅2023年北京原文样本；未验证其余30省和逐月序列。,已读原表/定义；仅所列范围
覆盖检查,CV00286,M2,A016,DIM-PROV,省级,部分覆盖,北京,A_S18,十人民生活：城乡居民收入及支出,仅2023年北京原文样本；未验证其余30省和逐月序列。,已读原表/定义；仅所列范围
覆盖检查,CV00287,M3,A016,DIM-PROV,省级,部分覆盖,北京,A_S18,十人民生活：城乡居民收入及支出,仅2023年北京原文样本；未验证其余30省和逐月序列。,已读原表/定义；仅所列范围
覆盖检查,CV00288,M4,A016,DIM-PROV,省级,部分覆盖,北京,A_S18,十人民生活：城乡居民收入及支出,仅2023年北京原文样本；未验证其余30省和逐月序列。,已读原表/定义；仅所列范围
覆盖检查,CV00289,D3,A016,DIM-PROV,省级,部分覆盖,北京,A_S18,十人民生活：城乡居民收入及支出,仅2023年北京原文样本；未验证其余30省和逐月序列。,已读原表/定义；仅所列范围
覆盖检查,CV00290,K1,A016,DIM-PREF,地级,无稳定公开数据,,A_S04,已读来源未提供该维度的稳定全覆盖表；本轮未建立额外逐单元来源,这是本轮证据缺口，不断言其他官方资料不存在；后续需逐表核验,原来源已查；扩展来源待核验
覆盖检查,CV00291,K2,A016,DIM-PREF,地级,无稳定公开数据,,A_S04,已读来源未提供该维度的稳定全覆盖表；本轮未建立额外逐单元来源,这是本轮证据缺口，不断言其他官方资料不存在；后续需逐表核验,原来源已查；扩展来源待核验
覆盖检查,CV00292,K3,A016,DIM-PREF,地级,无稳定公开数据,,A_S04,已读来源未提供该维度的稳定全覆盖表；本轮未建立额外逐单元来源,这是本轮证据缺口，不断言其他官方资料不存在；后续需逐表核验,原来源已查；扩展来源待核验
覆盖检查,CV00293,K4,A016,DIM-PREF,地级,无稳定公开数据,,A_S04,已读来源未提供该维度的稳定全覆盖表；本轮未建立额外逐单元来源,这是本轮证据缺口，不断言其他官方资料不存在；后续需逐表核验,原来源已查；扩展来源待核验
覆盖检查,CV00294,M2,A016,DIM-PREF,地级,无稳定公开数据,,A_S04,已读来源未提供该维度的稳定全覆盖表；本轮未建立额外逐单元来源,这是本轮证据缺口，不断言其他官方资料不存在；后续需逐表核验,原来源已查；扩展来源待核验
覆盖检查,CV00295,M3,A016,DIM-PREF,地级,无稳定公开数据,,A_S04,已读来源未提供该维度的稳定全覆盖表；本轮未建立额外逐单元来源,这是本轮证据缺口，不断言其他官方资料不存在；后续需逐表核验,原来源已查；扩展来源待核验
覆盖检查,CV00296,M4,A016,DIM-PREF,地级,无稳定公开数据,,A_S04,已读来源未提供该维度的稳定全覆盖表；本轮未建立额外逐单元来源,这是本轮证据缺口，不断言其他官方资料不存在；后续需逐表核验,原来源已查；扩展来源待核验
覆盖检查,CV00297,D3,A016,DIM-PREF,地级,无稳定公开数据,,A_S04,已读来源未提供该维度的稳定全覆盖表；本轮未建立额外逐单元来源,这是本轮证据缺口，不断言其他官方资料不存在；后续需逐表核验,原来源已查；扩展来源待核验
覆盖检查,CV00298,K1,A016,DIM-IND,行业,无稳定公开数据,,A_S04,已读来源未提供该维度的稳定全覆盖表；本轮未建立额外逐单元来源,这是本轮证据缺口，不断言其他官方资料不存在；后续需逐表核验,原来源已查；扩展来源待核验
覆盖检查,CV00299,K2,A016,DIM-IND,行业,无稳定公开数据,,A_S04,已读来源未提供该维度的稳定全覆盖表；本轮未建立额外逐单元来源,这是本轮证据缺口，不断言其他官方资料不存在；后续需逐表核验,原来源已查；扩展来源待核验
覆盖检查,CV00300,K3,A016,DIM-IND,行业,无稳定公开数据,,A_S04,已读来源未提供该维度的稳定全覆盖表；本轮未建立额外逐单元来源,这是本轮证据缺口，不断言其他官方资料不存在；后续需逐表核验,原来源已查；扩展来源待核验
覆盖检查,CV00301,K4,A016,DIM-IND,行业,无稳定公开数据,,A_S04,已读来源未提供该维度的稳定全覆盖表；本轮未建立额外逐单元来源,这是本轮证据缺口，不断言其他官方资料不存在；后续需逐表核验,原来源已查；扩展来源待核验
覆盖检查,CV00302,M2,A016,DIM-IND,行业,无稳定公开数据,,A_S04,已读来源未提供该维度的稳定全覆盖表；本轮未建立额外逐单元来源,这是本轮证据缺口，不断言其他官方资料不存在；后续需逐表核验,原来源已查；扩展来源待核验
覆盖检查,CV00303,M3,A016,DIM-IND,行业,无稳定公开数据,,A_S04,已读来源未提供该维度的稳定全覆盖表；本轮未建立额外逐单元来源,这是本轮证据缺口，不断言其他官方资料不存在；后续需逐表核验,原来源已查；扩展来源待核验
覆盖检查,CV00304,M4,A016,DIM-IND,行业,无稳定公开数据,,A_S04,已读来源未提供该维度的稳定全覆盖表；本轮未建立额外逐单元来源,这是本轮证据缺口，不断言其他官方资料不存在；后续需逐表核验,原来源已查；扩展来源待核验
覆盖检查,CV00305,D3,A016,DIM-IND,行业,无稳定公开数据,,A_S04,已读来源未提供该维度的稳定全覆盖表；本轮未建立额外逐单元来源,这是本轮证据缺口，不断言其他官方资料不存在；后续需逐表核验,原来源已查；扩展来源待核验
覆盖检查,CV00306,K1,A016,DIM-FIRM,企业类型,不适用,,A_S04,本指标定义不直接接受该维度拆分,不得借用同名但不同范围指标填补,适用性判断
覆盖检查,CV00307,K2,A016,DIM-FIRM,企业类型,不适用,,A_S04,本指标定义不直接接受该维度拆分,不得借用同名但不同范围指标填补,适用性判断
覆盖检查,CV00308,K3,A016,DIM-FIRM,企业类型,不适用,,A_S04,本指标定义不直接接受该维度拆分,不得借用同名但不同范围指标填补,适用性判断
覆盖检查,CV00309,K4,A016,DIM-FIRM,企业类型,不适用,,A_S04,本指标定义不直接接受该维度拆分,不得借用同名但不同范围指标填补,适用性判断
覆盖检查,CV00310,M2,A016,DIM-FIRM,企业类型,不适用,,A_S04,本指标定义不直接接受该维度拆分,不得借用同名但不同范围指标填补,适用性判断
覆盖检查,CV00311,M3,A016,DIM-FIRM,企业类型,不适用,,A_S04,本指标定义不直接接受该维度拆分,不得借用同名但不同范围指标填补,适用性判断
覆盖检查,CV00312,M4,A016,DIM-FIRM,企业类型,不适用,,A_S04,本指标定义不直接接受该维度拆分,不得借用同名但不同范围指标填补,适用性判断
覆盖检查,CV00313,D3,A016,DIM-FIRM,企业类型,不适用,,A_S04,本指标定义不直接接受该维度拆分,不得借用同名但不同范围指标填补,适用性判断
覆盖检查,CV00314,K1,A016,DIM-HH,居民群体,已覆盖,全国居民；城镇居民；农村居民,A_S04,表1按常住地分城乡。,,已读原表/定义；仅所列范围
覆盖检查,CV00315,K2,A016,DIM-HH,居民群体,已覆盖,全国居民；城镇居民；农村居民,A_S04,表1按常住地分城乡。,,已读原表/定义；仅所列范围
覆盖检查,CV00316,K3,A016,DIM-HH,居民群体,已覆盖,全国居民；城镇居民；农村居民,A_S04,表1按常住地分城乡。,,已读原表/定义；仅所列范围
覆盖检查,CV00317,K4,A016,DIM-HH,居民群体,已覆盖,全国居民；城镇居民；农村居民,A_S04,表1按常住地分城乡。,,已读原表/定义；仅所列范围
覆盖检查,CV00318,M2,A016,DIM-HH,居民群体,已覆盖,全国居民；城镇居民；农村居民,A_S04,表1按常住地分城乡。,,已读原表/定义；仅所列范围
覆盖检查,CV00319,M3,A016,DIM-HH,居民群体,已覆盖,全国居民；城镇居民；农村居民,A_S04,表1按常住地分城乡。,,已读原表/定义；仅所列范围
覆盖检查,CV00320,M4,A016,DIM-HH,居民群体,已覆盖,全国居民；城镇居民；农村居民,A_S04,表1按常住地分城乡。,,已读原表/定义；仅所列范围
覆盖检查,CV00321,D3,A016,DIM-HH,居民群体,已覆盖,全国居民；城镇居民；农村居民,A_S04,表1按常住地分城乡。,,已读原表/定义；仅所列范围
覆盖检查,CV00322,K1,A016,DIM-SEC,机构部门,无稳定公开数据,,A_S04,已读来源未提供该维度的稳定全覆盖表；本轮未建立额外逐单元来源,这是本轮证据缺口，不断言其他官方资料不存在；后续需逐表核验,原来源已查；扩展来源待核验
覆盖检查,CV00323,K2,A016,DIM-SEC,机构部门,无稳定公开数据,,A_S04,已读来源未提供该维度的稳定全覆盖表；本轮未建立额外逐单元来源,这是本轮证据缺口，不断言其他官方资料不存在；后续需逐表核验,原来源已查；扩展来源待核验
覆盖检查,CV00324,K3,A016,DIM-SEC,机构部门,无稳定公开数据,,A_S04,已读来源未提供该维度的稳定全覆盖表；本轮未建立额外逐单元来源,这是本轮证据缺口，不断言其他官方资料不存在；后续需逐表核验,原来源已查；扩展来源待核验
覆盖检查,CV00325,K4,A016,DIM-SEC,机构部门,无稳定公开数据,,A_S04,已读来源未提供该维度的稳定全覆盖表；本轮未建立额外逐单元来源,这是本轮证据缺口，不断言其他官方资料不存在；后续需逐表核验,原来源已查；扩展来源待核验
覆盖检查,CV00326,M2,A016,DIM-SEC,机构部门,无稳定公开数据,,A_S04,已读来源未提供该维度的稳定全覆盖表；本轮未建立额外逐单元来源,这是本轮证据缺口，不断言其他官方资料不存在；后续需逐表核验,原来源已查；扩展来源待核验
覆盖检查,CV00327,M3,A016,DIM-SEC,机构部门,无稳定公开数据,,A_S04,已读来源未提供该维度的稳定全覆盖表；本轮未建立额外逐单元来源,这是本轮证据缺口，不断言其他官方资料不存在；后续需逐表核验,原来源已查；扩展来源待核验
覆盖检查,CV00328,M4,A016,DIM-SEC,机构部门,无稳定公开数据,,A_S04,已读来源未提供该维度的稳定全覆盖表；本轮未建立额外逐单元来源,这是本轮证据缺口，不断言其他官方资料不存在；后续需逐表核验,原来源已查；扩展来源待核验
覆盖检查,CV00329,D3,A016,DIM-SEC,机构部门,无稳定公开数据,,A_S04,已读来源未提供该维度的稳定全覆盖表；本轮未建立额外逐单元来源,这是本轮证据缺口，不断言其他官方资料不存在；后续需逐表核验,原来源已查；扩展来源待核验
覆盖检查,CV00330,K2,A017,DIM-NAT,全国,已覆盖,全国住户调查居民,A_S04,本源正文或表格明确全国统计结果。,,已读原表/定义；仅所列范围
覆盖检查,CV00331,K3,A017,DIM-NAT,全国,已覆盖,全国住户调查居民,A_S04,本源正文或表格明确全国统计结果。,,已读原表/定义；仅所列范围
覆盖检查,CV00332,D3,A017,DIM-NAT,全国,已覆盖,全国住户调查居民,A_S04,本源正文或表格明确全国统计结果。,,已读原表/定义；仅所列范围
覆盖检查,CV00333,K2,A017,DIM-PROV,省级,无稳定公开数据,,A_S04,已读来源未提供该维度的稳定全覆盖表；本轮未建立额外逐单元来源,这是本轮证据缺口，不断言其他官方资料不存在；后续需逐表核验,原来源已查；扩展来源待核验
覆盖检查,CV00334,K3,A017,DIM-PROV,省级,无稳定公开数据,,A_S04,已读来源未提供该维度的稳定全覆盖表；本轮未建立额外逐单元来源,这是本轮证据缺口，不断言其他官方资料不存在；后续需逐表核验,原来源已查；扩展来源待核验
覆盖检查,CV00335,D3,A017,DIM-PROV,省级,无稳定公开数据,,A_S04,已读来源未提供该维度的稳定全覆盖表；本轮未建立额外逐单元来源,这是本轮证据缺口，不断言其他官方资料不存在；后续需逐表核验,原来源已查；扩展来源待核验
覆盖检查,CV00336,K2,A017,DIM-PREF,地级,无稳定公开数据,,A_S04,已读来源未提供该维度的稳定全覆盖表；本轮未建立额外逐单元来源,这是本轮证据缺口，不断言其他官方资料不存在；后续需逐表核验,原来源已查；扩展来源待核验
覆盖检查,CV00337,K3,A017,DIM-PREF,地级,无稳定公开数据,,A_S04,已读来源未提供该维度的稳定全覆盖表；本轮未建立额外逐单元来源,这是本轮证据缺口，不断言其他官方资料不存在；后续需逐表核验,原来源已查；扩展来源待核验
覆盖检查,CV00338,D3,A017,DIM-PREF,地级,无稳定公开数据,,A_S04,已读来源未提供该维度的稳定全覆盖表；本轮未建立额外逐单元来源,这是本轮证据缺口，不断言其他官方资料不存在；后续需逐表核验,原来源已查；扩展来源待核验
覆盖检查,CV00339,K2,A017,DIM-IND,行业,无稳定公开数据,,A_S04,已读来源未提供该维度的稳定全覆盖表；本轮未建立额外逐单元来源,这是本轮证据缺口，不断言其他官方资料不存在；后续需逐表核验,原来源已查；扩展来源待核验
覆盖检查,CV00340,K3,A017,DIM-IND,行业,无稳定公开数据,,A_S04,已读来源未提供该维度的稳定全覆盖表；本轮未建立额外逐单元来源,这是本轮证据缺口，不断言其他官方资料不存在；后续需逐表核验,原来源已查；扩展来源待核验
覆盖检查,CV00341,D3,A017,DIM-IND,行业,无稳定公开数据,,A_S04,已读来源未提供该维度的稳定全覆盖表；本轮未建立额外逐单元来源,这是本轮证据缺口，不断言其他官方资料不存在；后续需逐表核验,原来源已查；扩展来源待核验
覆盖检查,CV00342,K2,A017,DIM-FIRM,企业类型,不适用,,A_S04,本指标定义不直接接受该维度拆分,不得借用同名但不同范围指标填补,适用性判断
覆盖检查,CV00343,K3,A017,DIM-FIRM,企业类型,不适用,,A_S04,本指标定义不直接接受该维度拆分,不得借用同名但不同范围指标填补,适用性判断
覆盖检查,CV00344,D3,A017,DIM-FIRM,企业类型,不适用,,A_S04,本指标定义不直接接受该维度拆分,不得借用同名但不同范围指标填补,适用性判断
覆盖检查,CV00345,K2,A017,DIM-HH,居民群体,已覆盖,全国居民；城镇居民；农村居民,A_S04,表1按常住地分城乡。,,已读原表/定义；仅所列范围
覆盖检查,CV00346,K3,A017,DIM-HH,居民群体,已覆盖,全国居民；城镇居民；农村居民,A_S04,表1按常住地分城乡。,,已读原表/定义；仅所列范围
覆盖检查,CV00347,D3,A017,DIM-HH,居民群体,已覆盖,全国居民；城镇居民；农村居民,A_S04,表1按常住地分城乡。,,已读原表/定义；仅所列范围
覆盖检查,CV00348,K2,A017,DIM-SEC,机构部门,无稳定公开数据,,A_S04,已读来源未提供该维度的稳定全覆盖表；本轮未建立额外逐单元来源,这是本轮证据缺口，不断言其他官方资料不存在；后续需逐表核验,原来源已查；扩展来源待核验
覆盖检查,CV00349,K3,A017,DIM-SEC,机构部门,无稳定公开数据,,A_S04,已读来源未提供该维度的稳定全覆盖表；本轮未建立额外逐单元来源,这是本轮证据缺口，不断言其他官方资料不存在；后续需逐表核验,原来源已查；扩展来源待核验
覆盖检查,CV00350,D3,A017,DIM-SEC,机构部门,无稳定公开数据,,A_S04,已读来源未提供该维度的稳定全覆盖表；本轮未建立额外逐单元来源,这是本轮证据缺口，不断言其他官方资料不存在；后续需逐表核验,原来源已查；扩展来源待核验
覆盖检查,CV00351,K2,A018,DIM-NAT,全国,已覆盖,全国住户调查居民,A_S04,本源正文或表格明确全国统计结果。,,已读原表/定义；仅所列范围
覆盖检查,CV00352,K3,A018,DIM-NAT,全国,已覆盖,全国住户调查居民,A_S04,本源正文或表格明确全国统计结果。,,已读原表/定义；仅所列范围
覆盖检查,CV00353,D3,A018,DIM-NAT,全国,已覆盖,全国住户调查居民,A_S04,本源正文或表格明确全国统计结果。,,已读原表/定义；仅所列范围
覆盖检查,CV00354,K2,A018,DIM-PROV,省级,无稳定公开数据,,A_S04,已读来源未提供该维度的稳定全覆盖表；本轮未建立额外逐单元来源,这是本轮证据缺口，不断言其他官方资料不存在；后续需逐表核验,原来源已查；扩展来源待核验
覆盖检查,CV00355,K3,A018,DIM-PROV,省级,无稳定公开数据,,A_S04,已读来源未提供该维度的稳定全覆盖表；本轮未建立额外逐单元来源,这是本轮证据缺口，不断言其他官方资料不存在；后续需逐表核验,原来源已查；扩展来源待核验
覆盖检查,CV00356,D3,A018,DIM-PROV,省级,无稳定公开数据,,A_S04,已读来源未提供该维度的稳定全覆盖表；本轮未建立额外逐单元来源,这是本轮证据缺口，不断言其他官方资料不存在；后续需逐表核验,原来源已查；扩展来源待核验
覆盖检查,CV00357,K2,A018,DIM-PREF,地级,无稳定公开数据,,A_S04,已读来源未提供该维度的稳定全覆盖表；本轮未建立额外逐单元来源,这是本轮证据缺口，不断言其他官方资料不存在；后续需逐表核验,原来源已查；扩展来源待核验
覆盖检查,CV00358,K3,A018,DIM-PREF,地级,无稳定公开数据,,A_S04,已读来源未提供该维度的稳定全覆盖表；本轮未建立额外逐单元来源,这是本轮证据缺口，不断言其他官方资料不存在；后续需逐表核验,原来源已查；扩展来源待核验
覆盖检查,CV00359,D3,A018,DIM-PREF,地级,无稳定公开数据,,A_S04,已读来源未提供该维度的稳定全覆盖表；本轮未建立额外逐单元来源,这是本轮证据缺口，不断言其他官方资料不存在；后续需逐表核验,原来源已查；扩展来源待核验
覆盖检查,CV00360,K2,A018,DIM-IND,行业,无稳定公开数据,,A_S04,已读来源未提供该维度的稳定全覆盖表；本轮未建立额外逐单元来源,这是本轮证据缺口，不断言其他官方资料不存在；后续需逐表核验,原来源已查；扩展来源待核验
覆盖检查,CV00361,K3,A018,DIM-IND,行业,无稳定公开数据,,A_S04,已读来源未提供该维度的稳定全覆盖表；本轮未建立额外逐单元来源,这是本轮证据缺口，不断言其他官方资料不存在；后续需逐表核验,原来源已查；扩展来源待核验
覆盖检查,CV00362,D3,A018,DIM-IND,行业,无稳定公开数据,,A_S04,已读来源未提供该维度的稳定全覆盖表；本轮未建立额外逐单元来源,这是本轮证据缺口，不断言其他官方资料不存在；后续需逐表核验,原来源已查；扩展来源待核验
覆盖检查,CV00363,K2,A018,DIM-FIRM,企业类型,不适用,,A_S04,本指标定义不直接接受该维度拆分,不得借用同名但不同范围指标填补,适用性判断
覆盖检查,CV00364,K3,A018,DIM-FIRM,企业类型,不适用,,A_S04,本指标定义不直接接受该维度拆分,不得借用同名但不同范围指标填补,适用性判断
覆盖检查,CV00365,D3,A018,DIM-FIRM,企业类型,不适用,,A_S04,本指标定义不直接接受该维度拆分,不得借用同名但不同范围指标填补,适用性判断
覆盖检查,CV00366,K2,A018,DIM-HH,居民群体,部分覆盖,全国；城镇；农村,A_S04,全国分项已读；城乡总额已读,本页未验证全部城乡×八类交叉结果,已读原表/定义；仅所列范围
覆盖检查,CV00367,K3,A018,DIM-HH,居民群体,部分覆盖,全国；城镇；农村,A_S04,全国分项已读；城乡总额已读,本页未验证全部城乡×八类交叉结果,已读原表/定义；仅所列范围
覆盖检查,CV00368,D3,A018,DIM-HH,居民群体,部分覆盖,全国；城镇；农村,A_S04,全国分项已读；城乡总额已读,本页未验证全部城乡×八类交叉结果,已读原表/定义；仅所列范围
覆盖检查,CV00369,K2,A018,DIM-SEC,机构部门,无稳定公开数据,,A_S04,已读来源未提供该维度的稳定全覆盖表；本轮未建立额外逐单元来源,这是本轮证据缺口，不断言其他官方资料不存在；后续需逐表核验,原来源已查；扩展来源待核验
覆盖检查,CV00370,K3,A018,DIM-SEC,机构部门,无稳定公开数据,,A_S04,已读来源未提供该维度的稳定全覆盖表；本轮未建立额外逐单元来源,这是本轮证据缺口，不断言其他官方资料不存在；后续需逐表核验,原来源已查；扩展来源待核验
覆盖检查,CV00371,D3,A018,DIM-SEC,机构部门,无稳定公开数据,,A_S04,已读来源未提供该维度的稳定全覆盖表；本轮未建立额外逐单元来源,这是本轮证据缺口，不断言其他官方资料不存在；后续需逐表核验,原来源已查；扩展来源待核验
覆盖检查,CV00372,K2,A019,DIM-NAT,全国,已覆盖,全国住户调查居民,A_S07,本源正文或表格明确全国统计结果。,,已读原表/定义；仅所列范围
覆盖检查,CV00373,K3,A019,DIM-NAT,全国,已覆盖,全国住户调查居民,A_S07,本源正文或表格明确全国统计结果。,,已读原表/定义；仅所列范围
覆盖检查,CV00374,D3,A019,DIM-NAT,全国,已覆盖,全国住户调查居民,A_S07,本源正文或表格明确全国统计结果。,,已读原表/定义；仅所列范围
覆盖检查,CV00375,K2,A019,DIM-PROV,省级,无稳定公开数据,,A_S07,已读来源未提供该维度的稳定全覆盖表；本轮未建立额外逐单元来源,这是本轮证据缺口，不断言其他官方资料不存在；后续需逐表核验,原来源已查；扩展来源待核验
覆盖检查,CV00376,K3,A019,DIM-PROV,省级,无稳定公开数据,,A_S07,已读来源未提供该维度的稳定全覆盖表；本轮未建立额外逐单元来源,这是本轮证据缺口，不断言其他官方资料不存在；后续需逐表核验,原来源已查；扩展来源待核验
覆盖检查,CV00377,D3,A019,DIM-PROV,省级,无稳定公开数据,,A_S07,已读来源未提供该维度的稳定全覆盖表；本轮未建立额外逐单元来源,这是本轮证据缺口，不断言其他官方资料不存在；后续需逐表核验,原来源已查；扩展来源待核验
覆盖检查,CV00378,K2,A019,DIM-PREF,地级,无稳定公开数据,,A_S07,已读来源未提供该维度的稳定全覆盖表；本轮未建立额外逐单元来源,这是本轮证据缺口，不断言其他官方资料不存在；后续需逐表核验,原来源已查；扩展来源待核验
覆盖检查,CV00379,K3,A019,DIM-PREF,地级,无稳定公开数据,,A_S07,已读来源未提供该维度的稳定全覆盖表；本轮未建立额外逐单元来源,这是本轮证据缺口，不断言其他官方资料不存在；后续需逐表核验,原来源已查；扩展来源待核验
覆盖检查,CV00380,D3,A019,DIM-PREF,地级,无稳定公开数据,,A_S07,已读来源未提供该维度的稳定全覆盖表；本轮未建立额外逐单元来源,这是本轮证据缺口，不断言其他官方资料不存在；后续需逐表核验,原来源已查；扩展来源待核验
覆盖检查,CV00381,K2,A019,DIM-IND,行业,无稳定公开数据,,A_S07,已读来源未提供该维度的稳定全覆盖表；本轮未建立额外逐单元来源,这是本轮证据缺口，不断言其他官方资料不存在；后续需逐表核验,原来源已查；扩展来源待核验
覆盖检查,CV00382,K3,A019,DIM-IND,行业,无稳定公开数据,,A_S07,已读来源未提供该维度的稳定全覆盖表；本轮未建立额外逐单元来源,这是本轮证据缺口，不断言其他官方资料不存在；后续需逐表核验,原来源已查；扩展来源待核验
覆盖检查,CV00383,D3,A019,DIM-IND,行业,无稳定公开数据,,A_S07,已读来源未提供该维度的稳定全覆盖表；本轮未建立额外逐单元来源,这是本轮证据缺口，不断言其他官方资料不存在；后续需逐表核验,原来源已查；扩展来源待核验
覆盖检查,CV00384,K2,A019,DIM-FIRM,企业类型,不适用,,A_S07,本指标定义不直接接受该维度拆分,不得借用同名但不同范围指标填补,适用性判断
覆盖检查,CV00385,K3,A019,DIM-FIRM,企业类型,不适用,,A_S07,本指标定义不直接接受该维度拆分,不得借用同名但不同范围指标填补,适用性判断
覆盖检查,CV00386,D3,A019,DIM-FIRM,企业类型,不适用,,A_S07,本指标定义不直接接受该维度拆分,不得借用同名但不同范围指标填补,适用性判断
覆盖检查,CV00387,K2,A019,DIM-HH,居民群体,无稳定公开数据,,A_S07,已读来源未提供该维度的稳定全覆盖表；本轮未建立额外逐单元来源,这是本轮证据缺口，不断言其他官方资料不存在；后续需逐表核验,原来源已查；扩展来源待核验
覆盖检查,CV00388,K3,A019,DIM-HH,居民群体,无稳定公开数据,,A_S07,已读来源未提供该维度的稳定全覆盖表；本轮未建立额外逐单元来源,这是本轮证据缺口，不断言其他官方资料不存在；后续需逐表核验,原来源已查；扩展来源待核验
覆盖检查,CV00389,D3,A019,DIM-HH,居民群体,无稳定公开数据,,A_S07,已读来源未提供该维度的稳定全覆盖表；本轮未建立额外逐单元来源,这是本轮证据缺口，不断言其他官方资料不存在；后续需逐表核验,原来源已查；扩展来源待核验
覆盖检查,CV00390,K2,A019,DIM-SEC,机构部门,无稳定公开数据,,A_S07,已读来源未提供该维度的稳定全覆盖表；本轮未建立额外逐单元来源,这是本轮证据缺口，不断言其他官方资料不存在；后续需逐表核验,原来源已查；扩展来源待核验
覆盖检查,CV00391,K3,A019,DIM-SEC,机构部门,无稳定公开数据,,A_S07,已读来源未提供该维度的稳定全覆盖表；本轮未建立额外逐单元来源,这是本轮证据缺口，不断言其他官方资料不存在；后续需逐表核验,原来源已查；扩展来源待核验
覆盖检查,CV00392,D3,A019,DIM-SEC,机构部门,无稳定公开数据,,A_S07,已读来源未提供该维度的稳定全覆盖表；本轮未建立额外逐单元来源,这是本轮证据缺口，不断言其他官方资料不存在；后续需逐表核验,原来源已查；扩展来源待核验
覆盖检查,CV00393,K1,A020,DIM-NAT,全国,已覆盖,商品零售和餐饮法人、产业活动单位、个体户,A_S05,本源正文或表格明确全国统计结果。,,已读原表/定义；仅所列范围
覆盖检查,CV00394,K2,A020,DIM-NAT,全国,已覆盖,商品零售和餐饮法人、产业活动单位、个体户,A_S05,本源正文或表格明确全国统计结果。,,已读原表/定义；仅所列范围
覆盖检查,CV00395,K1,A020,DIM-PROV,省级,部分覆盖,北京,A_S18,七市场消费社零,仅2023年北京原文样本；未验证其余30省和逐月序列。,已读原表/定义；仅所列范围
覆盖检查,CV00396,K2,A020,DIM-PROV,省级,部分覆盖,北京,A_S18,七市场消费社零,仅2023年北京原文样本；未验证其余30省和逐月序列。,已读原表/定义；仅所列范围
覆盖检查,CV00397,K1,A020,DIM-PREF,地级,无稳定公开数据,,A_S05,已读来源未提供该维度的稳定全覆盖表；本轮未建立额外逐单元来源,这是本轮证据缺口，不断言其他官方资料不存在；后续需逐表核验,原来源已查；扩展来源待核验
覆盖检查,CV00398,K2,A020,DIM-PREF,地级,无稳定公开数据,,A_S05,已读来源未提供该维度的稳定全覆盖表；本轮未建立额外逐单元来源,这是本轮证据缺口，不断言其他官方资料不存在；后续需逐表核验,原来源已查；扩展来源待核验
覆盖检查,CV00399,K1,A020,DIM-IND,行业,无稳定公开数据,,A_S05,已读来源未提供该维度的稳定全覆盖表；本轮未建立额外逐单元来源,这是本轮证据缺口，不断言其他官方资料不存在；后续需逐表核验,原来源已查；扩展来源待核验
覆盖检查,CV00400,K2,A020,DIM-IND,行业,无稳定公开数据,,A_S05,已读来源未提供该维度的稳定全覆盖表；本轮未建立额外逐单元来源,这是本轮证据缺口，不断言其他官方资料不存在；后续需逐表核验,原来源已查；扩展来源待核验
覆盖检查,CV00401,K1,A020,DIM-FIRM,企业类型,已覆盖,限额以上；限额以下,A_S05,限上全查、限下抽样；不是所有制划分。,,已读原表/定义；仅所列范围
覆盖检查,CV00402,K2,A020,DIM-FIRM,企业类型,已覆盖,限额以上；限额以下,A_S05,限上全查、限下抽样；不是所有制划分。,,已读原表/定义；仅所列范围
覆盖检查,CV00403,K1,A020,DIM-HH,居民群体,已覆盖,按经营地：城镇；按经营地：乡村,A_S05,分类按卖方所在地，不是消费者常住地。,,已读原表/定义；仅所列范围
覆盖检查,CV00404,K2,A020,DIM-HH,居民群体,已覆盖,按经营地：城镇；按经营地：乡村,A_S05,分类按卖方所在地，不是消费者常住地。,,已读原表/定义；仅所列范围
覆盖检查,CV00405,K1,A020,DIM-SEC,机构部门,无稳定公开数据,,A_S05,已读来源未提供该维度的稳定全覆盖表；本轮未建立额外逐单元来源,这是本轮证据缺口，不断言其他官方资料不存在；后续需逐表核验,原来源已查；扩展来源待核验
覆盖检查,CV00406,K2,A020,DIM-SEC,机构部门,无稳定公开数据,,A_S05,已读来源未提供该维度的稳定全覆盖表；本轮未建立额外逐单元来源,这是本轮证据缺口，不断言其他官方资料不存在；后续需逐表核验,原来源已查；扩展来源待核验
覆盖检查,CV00407,K2,A021,DIM-NAT,全国,已覆盖,商品零售统计单位,A_S05,本源正文或表格明确全国统计结果。,,已读原表/定义；仅所列范围
覆盖检查,CV00408,K2,A021,DIM-PROV,省级,无稳定公开数据,,A_S05,已读来源未提供该维度的稳定全覆盖表；本轮未建立额外逐单元来源,这是本轮证据缺口，不断言其他官方资料不存在；后续需逐表核验,原来源已查；扩展来源待核验
覆盖检查,CV00409,K2,A021,DIM-PREF,地级,无稳定公开数据,,A_S05,已读来源未提供该维度的稳定全覆盖表；本轮未建立额外逐单元来源,这是本轮证据缺口，不断言其他官方资料不存在；后续需逐表核验,原来源已查；扩展来源待核验
覆盖检查,CV00410,K2,A021,DIM-IND,行业,部分覆盖,粮油食品；饮料；烟酒；服装鞋帽针纺织；化妆品；金银珠宝；日用品；体育娱乐用品；家电音像；中西药；文化办公；家具；通讯器材；石油制品；汽车；建筑装潢材料,A_S05,表格列16商品类,分类仅限上单位，属商品类别并非严格行业增加值分类。,已读原表/定义；仅所列范围
覆盖检查,CV00411,K2,A021,DIM-FIRM,企业类型,无稳定公开数据,,A_S05,已读来源未提供该维度的稳定全覆盖表；本轮未建立额外逐单元来源,这是本轮证据缺口，不断言其他官方资料不存在；后续需逐表核验,原来源已查；扩展来源待核验
覆盖检查,CV00412,K2,A021,DIM-HH,居民群体,无稳定公开数据,,A_S05,已读来源未提供该维度的稳定全覆盖表；本轮未建立额外逐单元来源,这是本轮证据缺口，不断言其他官方资料不存在；后续需逐表核验,原来源已查；扩展来源待核验
覆盖检查,CV00413,K2,A021,DIM-SEC,机构部门,无稳定公开数据,,A_S05,已读来源未提供该维度的稳定全覆盖表；本轮未建立额外逐单元来源,这是本轮证据缺口，不断言其他官方资料不存在；后续需逐表核验,原来源已查；扩展来源待核验
覆盖检查,CV00414,K2,A022,DIM-NAT,全国,已覆盖,提供餐饮服务的统计单位,A_S05,本源正文或表格明确全国统计结果。,,已读原表/定义；仅所列范围
覆盖检查,CV00415,K2,A022,DIM-PROV,省级,无稳定公开数据,,A_S05,已读来源未提供该维度的稳定全覆盖表；本轮未建立额外逐单元来源,这是本轮证据缺口，不断言其他官方资料不存在；后续需逐表核验,原来源已查；扩展来源待核验
覆盖检查,CV00416,K2,A022,DIM-PREF,地级,无稳定公开数据,,A_S05,已读来源未提供该维度的稳定全覆盖表；本轮未建立额外逐单元来源,这是本轮证据缺口，不断言其他官方资料不存在；后续需逐表核验,原来源已查；扩展来源待核验
覆盖检查,CV00417,K2,A022,DIM-IND,行业,无稳定公开数据,,A_S05,已读来源未提供该维度的稳定全覆盖表；本轮未建立额外逐单元来源,这是本轮证据缺口，不断言其他官方资料不存在；后续需逐表核验,原来源已查；扩展来源待核验
覆盖检查,CV00418,K2,A022,DIM-FIRM,企业类型,已覆盖,限额以上；限额以下,A_S05,限上全查、限下抽样；不是所有制划分。,,已读原表/定义；仅所列范围
覆盖检查,CV00419,K2,A022,DIM-HH,居民群体,已覆盖,按经营地：城镇；按经营地：乡村,A_S05,分类按卖方所在地，不是消费者常住地。,,已读原表/定义；仅所列范围
覆盖检查,CV00420,K2,A022,DIM-SEC,机构部门,无稳定公开数据,,A_S05,已读来源未提供该维度的稳定全覆盖表；本轮未建立额外逐单元来源,这是本轮证据缺口，不断言其他官方资料不存在；后续需逐表核验,原来源已查；扩展来源待核验
覆盖检查,CV00421,K2,A023,DIM-NAT,全国,已覆盖,纳入网上零售统计的平台,A_S20,本源正文或表格明确全国统计结果。,,已读原表/定义；仅所列范围
覆盖检查,CV00422,K2,A023,DIM-PROV,省级,无稳定公开数据,,A_S20,已读来源未提供该维度的稳定全覆盖表；本轮未建立额外逐单元来源,这是本轮证据缺口，不断言其他官方资料不存在；后续需逐表核验,原来源已查；扩展来源待核验
覆盖检查,CV00423,K2,A023,DIM-PREF,地级,无稳定公开数据,,A_S20,已读来源未提供该维度的稳定全覆盖表；本轮未建立额外逐单元来源,这是本轮证据缺口，不断言其他官方资料不存在；后续需逐表核验,原来源已查；扩展来源待核验
覆盖检查,CV00424,K2,A023,DIM-IND,行业,已覆盖,吃类；穿类；用类,A_S20,正文给增速；非独立行业。,,已读原表/定义；仅所列范围
覆盖检查,CV00425,K2,A023,DIM-FIRM,企业类型,无稳定公开数据,,A_S20,已读来源未提供该维度的稳定全覆盖表；本轮未建立额外逐单元来源,这是本轮证据缺口，不断言其他官方资料不存在；后续需逐表核验,原来源已查；扩展来源待核验
覆盖检查,CV00426,K2,A023,DIM-HH,居民群体,无稳定公开数据,,A_S20,已读来源未提供该维度的稳定全覆盖表；本轮未建立额外逐单元来源,这是本轮证据缺口，不断言其他官方资料不存在；后续需逐表核验,原来源已查；扩展来源待核验
覆盖检查,CV00427,K2,A023,DIM-SEC,机构部门,无稳定公开数据,,A_S20,已读来源未提供该维度的稳定全覆盖表；本轮未建立额外逐单元来源,这是本轮证据缺口，不断言其他官方资料不存在；后续需逐表核验,原来源已查；扩展来源待核验
覆盖检查,CV00428,K1,A024,DIM-NAT,全国,已覆盖,服务零售企业、产业活动单位和个体户,A_S07,本源正文或表格明确全国统计结果。,,已读原表/定义；仅所列范围
覆盖检查,CV00429,K2,A024,DIM-NAT,全国,已覆盖,服务零售企业、产业活动单位和个体户,A_S07,本源正文或表格明确全国统计结果。,,已读原表/定义；仅所列范围
覆盖检查,CV00430,K1,A024,DIM-PROV,省级,无稳定公开数据,,A_S07,已读来源未提供该维度的稳定全覆盖表；本轮未建立额外逐单元来源,这是本轮证据缺口，不断言其他官方资料不存在；后续需逐表核验,原来源已查；扩展来源待核验
覆盖检查,CV00431,K2,A024,DIM-PROV,省级,无稳定公开数据,,A_S07,已读来源未提供该维度的稳定全覆盖表；本轮未建立额外逐单元来源,这是本轮证据缺口，不断言其他官方资料不存在；后续需逐表核验,原来源已查；扩展来源待核验
覆盖检查,CV00432,K1,A024,DIM-PREF,地级,无稳定公开数据,,A_S07,已读来源未提供该维度的稳定全覆盖表；本轮未建立额外逐单元来源,这是本轮证据缺口，不断言其他官方资料不存在；后续需逐表核验,原来源已查；扩展来源待核验
覆盖检查,CV00433,K2,A024,DIM-PREF,地级,无稳定公开数据,,A_S07,已读来源未提供该维度的稳定全覆盖表；本轮未建立额外逐单元来源,这是本轮证据缺口，不断言其他官方资料不存在；后续需逐表核验,原来源已查；扩展来源待核验
覆盖检查,CV00434,K1,A024,DIM-IND,行业,部分覆盖,交通；住宿；餐饮；教育；卫生；体育；娱乐,A_S03,定义包含领域,定义范围不等于各领域数值均稳定发布。,已读原表/定义；仅所列范围
覆盖检查,CV00435,K2,A024,DIM-IND,行业,部分覆盖,交通；住宿；餐饮；教育；卫生；体育；娱乐,A_S03,定义包含领域,定义范围不等于各领域数值均稳定发布。,已读原表/定义；仅所列范围
覆盖检查,CV00436,K1,A024,DIM-FIRM,企业类型,无稳定公开数据,,A_S07,已读来源未提供该维度的稳定全覆盖表；本轮未建立额外逐单元来源,这是本轮证据缺口，不断言其他官方资料不存在；后续需逐表核验,原来源已查；扩展来源待核验
覆盖检查,CV00437,K2,A024,DIM-FIRM,企业类型,无稳定公开数据,,A_S07,已读来源未提供该维度的稳定全覆盖表；本轮未建立额外逐单元来源,这是本轮证据缺口，不断言其他官方资料不存在；后续需逐表核验,原来源已查；扩展来源待核验
覆盖检查,CV00438,K1,A024,DIM-HH,居民群体,无稳定公开数据,,A_S07,已读来源未提供该维度的稳定全覆盖表；本轮未建立额外逐单元来源,这是本轮证据缺口，不断言其他官方资料不存在；后续需逐表核验,原来源已查；扩展来源待核验
覆盖检查,CV00439,K2,A024,DIM-HH,居民群体,无稳定公开数据,,A_S07,已读来源未提供该维度的稳定全覆盖表；本轮未建立额外逐单元来源,这是本轮证据缺口，不断言其他官方资料不存在；后续需逐表核验,原来源已查；扩展来源待核验
覆盖检查,CV00440,K1,A024,DIM-SEC,机构部门,无稳定公开数据,,A_S07,已读来源未提供该维度的稳定全覆盖表；本轮未建立额外逐单元来源,这是本轮证据缺口，不断言其他官方资料不存在；后续需逐表核验,原来源已查；扩展来源待核验
覆盖检查,CV00441,K2,A024,DIM-SEC,机构部门,无稳定公开数据,,A_S07,已读来源未提供该维度的稳定全覆盖表；本轮未建立额外逐单元来源,这是本轮证据缺口，不断言其他官方资料不存在；后续需逐表核验,原来源已查；扩展来源待核验
覆盖检查,CV00442,K3,A025,DIM-NAT,全国,已覆盖,全国城镇劳动力，含符合定义的在校生,A_S07,本源正文或表格明确全国统计结果。,,已读原表/定义；仅所列范围
覆盖检查,CV00443,G1,A025,DIM-NAT,全国,已覆盖,全国城镇劳动力，含符合定义的在校生,A_S07,本源正文或表格明确全国统计结果。,,已读原表/定义；仅所列范围
覆盖检查,CV00444,K3,A025,DIM-PROV,省级,部分覆盖,北京,A_S18,一综合城镇调查失业率年均,仅2023年北京原文样本；未验证其余30省和逐月序列。,已读原表/定义；仅所列范围
覆盖检查,CV00445,G1,A025,DIM-PROV,省级,部分覆盖,北京,A_S18,一综合城镇调查失业率年均,仅2023年北京原文样本；未验证其余30省和逐月序列。,已读原表/定义；仅所列范围
覆盖检查,CV00446,K3,A025,DIM-PREF,地级,部分覆盖,31个大城市合计,A_S07,只验证合计值,未核验31城逐城数值，合计不得拆分。,已读原表/定义；仅所列范围
覆盖检查,CV00447,G1,A025,DIM-PREF,地级,部分覆盖,31个大城市合计,A_S07,只验证合计值,未核验31城逐城数值，合计不得拆分。,已读原表/定义；仅所列范围
覆盖检查,CV00448,K3,A025,DIM-IND,行业,无稳定公开数据,,A_S07,已读来源未提供该维度的稳定全覆盖表；本轮未建立额外逐单元来源,这是本轮证据缺口，不断言其他官方资料不存在；后续需逐表核验,原来源已查；扩展来源待核验
覆盖检查,CV00449,G1,A025,DIM-IND,行业,无稳定公开数据,,A_S07,已读来源未提供该维度的稳定全覆盖表；本轮未建立额外逐单元来源,这是本轮证据缺口，不断言其他官方资料不存在；后续需逐表核验,原来源已查；扩展来源待核验
覆盖检查,CV00450,K3,A025,DIM-FIRM,企业类型,不适用,,A_S07,本指标定义不直接接受该维度拆分,不得借用同名但不同范围指标填补,适用性判断
覆盖检查,CV00451,G1,A025,DIM-FIRM,企业类型,不适用,,A_S07,本指标定义不直接接受该维度拆分,不得借用同名但不同范围指标填补,适用性判断
覆盖检查,CV00452,K3,A025,DIM-HH,居民群体,已覆盖,本地户籍；外来户籍；外来农业户籍,A_S07,八就业分组,,已读原表/定义；仅所列范围
覆盖检查,CV00453,G1,A025,DIM-HH,居民群体,已覆盖,本地户籍；外来户籍；外来农业户籍,A_S07,八就业分组,,已读原表/定义；仅所列范围
覆盖检查,CV00454,K3,A025,DIM-SEC,机构部门,无稳定公开数据,,A_S07,已读来源未提供该维度的稳定全覆盖表；本轮未建立额外逐单元来源,这是本轮证据缺口，不断言其他官方资料不存在；后续需逐表核验,原来源已查；扩展来源待核验
覆盖检查,CV00455,G1,A025,DIM-SEC,机构部门,无稳定公开数据,,A_S07,已读来源未提供该维度的稳定全覆盖表；本轮未建立额外逐单元来源,这是本轮证据缺口，不断言其他官方资料不存在；后续需逐表核验,原来源已查；扩展来源待核验
覆盖检查,CV00456,K1,A026,DIM-NAT,全国,已覆盖,全国城镇16—24、25—29、30—59岁非在校劳动力,A_S08,本源正文或表格明确全国统计结果。,,已读原表/定义；仅所列范围
覆盖检查,CV00457,K3,A026,DIM-NAT,全国,已覆盖,全国城镇16—24、25—29、30—59岁非在校劳动力,A_S08,本源正文或表格明确全国统计结果。,,已读原表/定义；仅所列范围
覆盖检查,CV00458,G1,A026,DIM-NAT,全国,已覆盖,全国城镇16—24、25—29、30—59岁非在校劳动力,A_S08,本源正文或表格明确全国统计结果。,,已读原表/定义；仅所列范围
覆盖检查,CV00459,K1,A026,DIM-PROV,省级,无稳定公开数据,,A_S08,已读来源未提供该维度的稳定全覆盖表；本轮未建立额外逐单元来源,这是本轮证据缺口，不断言其他官方资料不存在；后续需逐表核验,原来源已查；扩展来源待核验
覆盖检查,CV00460,K3,A026,DIM-PROV,省级,无稳定公开数据,,A_S08,已读来源未提供该维度的稳定全覆盖表；本轮未建立额外逐单元来源,这是本轮证据缺口，不断言其他官方资料不存在；后续需逐表核验,原来源已查；扩展来源待核验
覆盖检查,CV00461,G1,A026,DIM-PROV,省级,无稳定公开数据,,A_S08,已读来源未提供该维度的稳定全覆盖表；本轮未建立额外逐单元来源,这是本轮证据缺口，不断言其他官方资料不存在；后续需逐表核验,原来源已查；扩展来源待核验
覆盖检查,CV00462,K1,A026,DIM-PREF,地级,无稳定公开数据,,A_S08,已读来源未提供该维度的稳定全覆盖表；本轮未建立额外逐单元来源,这是本轮证据缺口，不断言其他官方资料不存在；后续需逐表核验,原来源已查；扩展来源待核验
覆盖检查,CV00463,K3,A026,DIM-PREF,地级,无稳定公开数据,,A_S08,已读来源未提供该维度的稳定全覆盖表；本轮未建立额外逐单元来源,这是本轮证据缺口，不断言其他官方资料不存在；后续需逐表核验,原来源已查；扩展来源待核验
覆盖检查,CV00464,G1,A026,DIM-PREF,地级,无稳定公开数据,,A_S08,已读来源未提供该维度的稳定全覆盖表；本轮未建立额外逐单元来源,这是本轮证据缺口，不断言其他官方资料不存在；后续需逐表核验,原来源已查；扩展来源待核验
覆盖检查,CV00465,K1,A026,DIM-IND,行业,无稳定公开数据,,A_S08,已读来源未提供该维度的稳定全覆盖表；本轮未建立额外逐单元来源,这是本轮证据缺口，不断言其他官方资料不存在；后续需逐表核验,原来源已查；扩展来源待核验
覆盖检查,CV00466,K3,A026,DIM-IND,行业,无稳定公开数据,,A_S08,已读来源未提供该维度的稳定全覆盖表；本轮未建立额外逐单元来源,这是本轮证据缺口，不断言其他官方资料不存在；后续需逐表核验,原来源已查；扩展来源待核验
覆盖检查,CV00467,G1,A026,DIM-IND,行业,无稳定公开数据,,A_S08,已读来源未提供该维度的稳定全覆盖表；本轮未建立额外逐单元来源,这是本轮证据缺口，不断言其他官方资料不存在；后续需逐表核验,原来源已查；扩展来源待核验
覆盖检查,CV00468,K1,A026,DIM-FIRM,企业类型,不适用,,A_S08,本指标定义不直接接受该维度拆分,不得借用同名但不同范围指标填补,适用性判断
覆盖检查,CV00469,K3,A026,DIM-FIRM,企业类型,不适用,,A_S08,本指标定义不直接接受该维度拆分,不得借用同名但不同范围指标填补,适用性判断
覆盖检查,CV00470,G1,A026,DIM-FIRM,企业类型,不适用,,A_S08,本指标定义不直接接受该维度拆分,不得借用同名但不同范围指标填补,适用性判断
覆盖检查,CV00471,K1,A026,DIM-HH,居民群体,已覆盖,16—24岁不含在校生；25—29岁不含在校生；30—59岁不含在校生,A_S08；A_S09,2023年12月三组原值及月度发布制度。,,已读原表/定义；仅所列范围
覆盖检查,CV00472,K3,A026,DIM-HH,居民群体,已覆盖,16—24岁不含在校生；25—29岁不含在校生；30—59岁不含在校生,A_S08；A_S09,2023年12月三组原值及月度发布制度。,,已读原表/定义；仅所列范围
覆盖检查,CV00473,G1,A026,DIM-HH,居民群体,已覆盖,16—24岁不含在校生；25—29岁不含在校生；30—59岁不含在校生,A_S08；A_S09,2023年12月三组原值及月度发布制度。,,已读原表/定义；仅所列范围
覆盖检查,CV00474,K1,A026,DIM-SEC,机构部门,无稳定公开数据,,A_S08,已读来源未提供该维度的稳定全覆盖表；本轮未建立额外逐单元来源,这是本轮证据缺口，不断言其他官方资料不存在；后续需逐表核验,原来源已查；扩展来源待核验
覆盖检查,CV00475,K3,A026,DIM-SEC,机构部门,无稳定公开数据,,A_S08,已读来源未提供该维度的稳定全覆盖表；本轮未建立额外逐单元来源,这是本轮证据缺口，不断言其他官方资料不存在；后续需逐表核验,原来源已查；扩展来源待核验
覆盖检查,CV00476,G1,A026,DIM-SEC,机构部门,无稳定公开数据,,A_S08,已读来源未提供该维度的稳定全覆盖表；本轮未建立额外逐单元来源,这是本轮证据缺口，不断言其他官方资料不存在；后续需逐表核验,原来源已查；扩展来源待核验
覆盖检查,CV00477,K3,A027,DIM-NAT,全国,已覆盖,全国企业就业人员,A_S07,本源正文或表格明确全国统计结果。,,已读原表/定义；仅所列范围
覆盖检查,CV00478,G1,A027,DIM-NAT,全国,已覆盖,全国企业就业人员,A_S07,本源正文或表格明确全国统计结果。,,已读原表/定义；仅所列范围
覆盖检查,CV00479,G3,A027,DIM-NAT,全国,已覆盖,全国企业就业人员,A_S07,本源正文或表格明确全国统计结果。,,已读原表/定义；仅所列范围
覆盖检查,CV00480,D2,A027,DIM-NAT,全国,已覆盖,全国企业就业人员,A_S07,本源正文或表格明确全国统计结果。,,已读原表/定义；仅所列范围
覆盖检查,CV00481,K3,A027,DIM-PROV,省级,无稳定公开数据,,A_S07,已读来源未提供该维度的稳定全覆盖表；本轮未建立额外逐单元来源,这是本轮证据缺口，不断言其他官方资料不存在；后续需逐表核验,原来源已查；扩展来源待核验
覆盖检查,CV00482,G1,A027,DIM-PROV,省级,无稳定公开数据,,A_S07,已读来源未提供该维度的稳定全覆盖表；本轮未建立额外逐单元来源,这是本轮证据缺口，不断言其他官方资料不存在；后续需逐表核验,原来源已查；扩展来源待核验
覆盖检查,CV00483,G3,A027,DIM-PROV,省级,无稳定公开数据,,A_S07,已读来源未提供该维度的稳定全覆盖表；本轮未建立额外逐单元来源,这是本轮证据缺口，不断言其他官方资料不存在；后续需逐表核验,原来源已查；扩展来源待核验
覆盖检查,CV00484,D2,A027,DIM-PROV,省级,无稳定公开数据,,A_S07,已读来源未提供该维度的稳定全覆盖表；本轮未建立额外逐单元来源,这是本轮证据缺口，不断言其他官方资料不存在；后续需逐表核验,原来源已查；扩展来源待核验
覆盖检查,CV00485,K3,A027,DIM-PREF,地级,无稳定公开数据,,A_S07,已读来源未提供该维度的稳定全覆盖表；本轮未建立额外逐单元来源,这是本轮证据缺口，不断言其他官方资料不存在；后续需逐表核验,原来源已查；扩展来源待核验
覆盖检查,CV00486,G1,A027,DIM-PREF,地级,无稳定公开数据,,A_S07,已读来源未提供该维度的稳定全覆盖表；本轮未建立额外逐单元来源,这是本轮证据缺口，不断言其他官方资料不存在；后续需逐表核验,原来源已查；扩展来源待核验
覆盖检查,CV00487,G3,A027,DIM-PREF,地级,无稳定公开数据,,A_S07,已读来源未提供该维度的稳定全覆盖表；本轮未建立额外逐单元来源,这是本轮证据缺口，不断言其他官方资料不存在；后续需逐表核验,原来源已查；扩展来源待核验
覆盖检查,CV00488,D2,A027,DIM-PREF,地级,无稳定公开数据,,A_S07,已读来源未提供该维度的稳定全覆盖表；本轮未建立额外逐单元来源,这是本轮证据缺口，不断言其他官方资料不存在；后续需逐表核验,原来源已查；扩展来源待核验
覆盖检查,CV00489,K3,A027,DIM-IND,行业,无稳定公开数据,,A_S07,已读来源未提供该维度的稳定全覆盖表；本轮未建立额外逐单元来源,这是本轮证据缺口，不断言其他官方资料不存在；后续需逐表核验,原来源已查；扩展来源待核验
覆盖检查,CV00490,G1,A027,DIM-IND,行业,无稳定公开数据,,A_S07,已读来源未提供该维度的稳定全覆盖表；本轮未建立额外逐单元来源,这是本轮证据缺口，不断言其他官方资料不存在；后续需逐表核验,原来源已查；扩展来源待核验
覆盖检查,CV00491,G3,A027,DIM-IND,行业,无稳定公开数据,,A_S07,已读来源未提供该维度的稳定全覆盖表；本轮未建立额外逐单元来源,这是本轮证据缺口，不断言其他官方资料不存在；后续需逐表核验,原来源已查；扩展来源待核验
覆盖检查,CV00492,D2,A027,DIM-IND,行业,无稳定公开数据,,A_S07,已读来源未提供该维度的稳定全覆盖表；本轮未建立额外逐单元来源,这是本轮证据缺口，不断言其他官方资料不存在；后续需逐表核验,原来源已查；扩展来源待核验
覆盖检查,CV00493,K3,A027,DIM-FIRM,企业类型,无稳定公开数据,,A_S07,已读来源未提供该维度的稳定全覆盖表；本轮未建立额外逐单元来源,这是本轮证据缺口，不断言其他官方资料不存在；后续需逐表核验,原来源已查；扩展来源待核验
覆盖检查,CV00494,G1,A027,DIM-FIRM,企业类型,无稳定公开数据,,A_S07,已读来源未提供该维度的稳定全覆盖表；本轮未建立额外逐单元来源,这是本轮证据缺口，不断言其他官方资料不存在；后续需逐表核验,原来源已查；扩展来源待核验
覆盖检查,CV00495,G3,A027,DIM-FIRM,企业类型,无稳定公开数据,,A_S07,已读来源未提供该维度的稳定全覆盖表；本轮未建立额外逐单元来源,这是本轮证据缺口，不断言其他官方资料不存在；后续需逐表核验,原来源已查；扩展来源待核验
覆盖检查,CV00496,D2,A027,DIM-FIRM,企业类型,无稳定公开数据,,A_S07,已读来源未提供该维度的稳定全覆盖表；本轮未建立额外逐单元来源,这是本轮证据缺口，不断言其他官方资料不存在；后续需逐表核验,原来源已查；扩展来源待核验
覆盖检查,CV00497,K3,A027,DIM-HH,居民群体,无稳定公开数据,,A_S07,已读来源未提供该维度的稳定全覆盖表；本轮未建立额外逐单元来源,这是本轮证据缺口，不断言其他官方资料不存在；后续需逐表核验,原来源已查；扩展来源待核验
覆盖检查,CV00498,G1,A027,DIM-HH,居民群体,无稳定公开数据,,A_S07,已读来源未提供该维度的稳定全覆盖表；本轮未建立额外逐单元来源,这是本轮证据缺口，不断言其他官方资料不存在；后续需逐表核验,原来源已查；扩展来源待核验
覆盖检查,CV00499,G3,A027,DIM-HH,居民群体,无稳定公开数据,,A_S07,已读来源未提供该维度的稳定全覆盖表；本轮未建立额外逐单元来源,这是本轮证据缺口，不断言其他官方资料不存在；后续需逐表核验,原来源已查；扩展来源待核验
覆盖检查,CV00500,D2,A027,DIM-HH,居民群体,无稳定公开数据,,A_S07,已读来源未提供该维度的稳定全覆盖表；本轮未建立额外逐单元来源,这是本轮证据缺口，不断言其他官方资料不存在；后续需逐表核验,原来源已查；扩展来源待核验
覆盖检查,CV00501,K3,A027,DIM-SEC,机构部门,无稳定公开数据,,A_S07,已读来源未提供该维度的稳定全覆盖表；本轮未建立额外逐单元来源,这是本轮证据缺口，不断言其他官方资料不存在；后续需逐表核验,原来源已查；扩展来源待核验
覆盖检查,CV00502,G1,A027,DIM-SEC,机构部门,无稳定公开数据,,A_S07,已读来源未提供该维度的稳定全覆盖表；本轮未建立额外逐单元来源,这是本轮证据缺口，不断言其他官方资料不存在；后续需逐表核验,原来源已查；扩展来源待核验
覆盖检查,CV00503,G3,A027,DIM-SEC,机构部门,无稳定公开数据,,A_S07,已读来源未提供该维度的稳定全覆盖表；本轮未建立额外逐单元来源,这是本轮证据缺口，不断言其他官方资料不存在；后续需逐表核验,原来源已查；扩展来源待核验
覆盖检查,CV00504,D2,A027,DIM-SEC,机构部门,无稳定公开数据,,A_S07,已读来源未提供该维度的稳定全覆盖表；本轮未建立额外逐单元来源,这是本轮证据缺口，不断言其他官方资料不存在；后续需逐表核验,原来源已查；扩展来源待核验
覆盖检查,CV00505,K3,A028,DIM-NAT,全国,已覆盖,全国就业人员,A_S03,本源正文或表格明确全国统计结果。,,已读原表/定义；仅所列范围
覆盖检查,CV00506,G1,A028,DIM-NAT,全国,已覆盖,全国就业人员,A_S03,本源正文或表格明确全国统计结果。,,已读原表/定义；仅所列范围
覆盖检查,CV00507,G3,A028,DIM-NAT,全国,已覆盖,全国就业人员,A_S03,本源正文或表格明确全国统计结果。,,已读原表/定义；仅所列范围
覆盖检查,CV00508,I4,A028,DIM-NAT,全国,已覆盖,全国就业人员,A_S03,本源正文或表格明确全国统计结果。,,已读原表/定义；仅所列范围
覆盖检查,CV00509,D2,A028,DIM-NAT,全国,已覆盖,全国就业人员,A_S03,本源正文或表格明确全国统计结果。,,已读原表/定义；仅所列范围
覆盖检查,CV00510,K3,A028,DIM-PROV,省级,无稳定公开数据,,A_S03,已读来源未提供该维度的稳定全覆盖表；本轮未建立额外逐单元来源,这是本轮证据缺口，不断言其他官方资料不存在；后续需逐表核验,原来源已查；扩展来源待核验
覆盖检查,CV00511,G1,A028,DIM-PROV,省级,无稳定公开数据,,A_S03,已读来源未提供该维度的稳定全覆盖表；本轮未建立额外逐单元来源,这是本轮证据缺口，不断言其他官方资料不存在；后续需逐表核验,原来源已查；扩展来源待核验
覆盖检查,CV00512,G3,A028,DIM-PROV,省级,无稳定公开数据,,A_S03,已读来源未提供该维度的稳定全覆盖表；本轮未建立额外逐单元来源,这是本轮证据缺口，不断言其他官方资料不存在；后续需逐表核验,原来源已查；扩展来源待核验
覆盖检查,CV00513,I4,A028,DIM-PROV,省级,无稳定公开数据,,A_S03,已读来源未提供该维度的稳定全覆盖表；本轮未建立额外逐单元来源,这是本轮证据缺口，不断言其他官方资料不存在；后续需逐表核验,原来源已查；扩展来源待核验
覆盖检查,CV00514,D2,A028,DIM-PROV,省级,无稳定公开数据,,A_S03,已读来源未提供该维度的稳定全覆盖表；本轮未建立额外逐单元来源,这是本轮证据缺口，不断言其他官方资料不存在；后续需逐表核验,原来源已查；扩展来源待核验
覆盖检查,CV00515,K3,A028,DIM-PREF,地级,无稳定公开数据,,A_S03,已读来源未提供该维度的稳定全覆盖表；本轮未建立额外逐单元来源,这是本轮证据缺口，不断言其他官方资料不存在；后续需逐表核验,原来源已查；扩展来源待核验
覆盖检查,CV00516,G1,A028,DIM-PREF,地级,无稳定公开数据,,A_S03,已读来源未提供该维度的稳定全覆盖表；本轮未建立额外逐单元来源,这是本轮证据缺口，不断言其他官方资料不存在；后续需逐表核验,原来源已查；扩展来源待核验
覆盖检查,CV00517,G3,A028,DIM-PREF,地级,无稳定公开数据,,A_S03,已读来源未提供该维度的稳定全覆盖表；本轮未建立额外逐单元来源,这是本轮证据缺口，不断言其他官方资料不存在；后续需逐表核验,原来源已查；扩展来源待核验
覆盖检查,CV00518,I4,A028,DIM-PREF,地级,无稳定公开数据,,A_S03,已读来源未提供该维度的稳定全覆盖表；本轮未建立额外逐单元来源,这是本轮证据缺口，不断言其他官方资料不存在；后续需逐表核验,原来源已查；扩展来源待核验
覆盖检查,CV00519,D2,A028,DIM-PREF,地级,无稳定公开数据,,A_S03,已读来源未提供该维度的稳定全覆盖表；本轮未建立额外逐单元来源,这是本轮证据缺口，不断言其他官方资料不存在；后续需逐表核验,原来源已查；扩展来源待核验
覆盖检查,CV00520,K3,A028,DIM-IND,行业,无稳定公开数据,,A_S03,已读来源未提供该维度的稳定全覆盖表；本轮未建立额外逐单元来源,这是本轮证据缺口，不断言其他官方资料不存在；后续需逐表核验,原来源已查；扩展来源待核验
覆盖检查,CV00521,G1,A028,DIM-IND,行业,无稳定公开数据,,A_S03,已读来源未提供该维度的稳定全覆盖表；本轮未建立额外逐单元来源,这是本轮证据缺口，不断言其他官方资料不存在；后续需逐表核验,原来源已查；扩展来源待核验
覆盖检查,CV00522,G3,A028,DIM-IND,行业,无稳定公开数据,,A_S03,已读来源未提供该维度的稳定全覆盖表；本轮未建立额外逐单元来源,这是本轮证据缺口，不断言其他官方资料不存在；后续需逐表核验,原来源已查；扩展来源待核验
覆盖检查,CV00523,I4,A028,DIM-IND,行业,无稳定公开数据,,A_S03,已读来源未提供该维度的稳定全覆盖表；本轮未建立额外逐单元来源,这是本轮证据缺口，不断言其他官方资料不存在；后续需逐表核验,原来源已查；扩展来源待核验
覆盖检查,CV00524,D2,A028,DIM-IND,行业,无稳定公开数据,,A_S03,已读来源未提供该维度的稳定全覆盖表；本轮未建立额外逐单元来源,这是本轮证据缺口，不断言其他官方资料不存在；后续需逐表核验,原来源已查；扩展来源待核验
覆盖检查,CV00525,K3,A028,DIM-FIRM,企业类型,不适用,,A_S03,本指标定义不直接接受该维度拆分,不得借用同名但不同范围指标填补,适用性判断
覆盖检查,CV00526,G1,A028,DIM-FIRM,企业类型,不适用,,A_S03,本指标定义不直接接受该维度拆分,不得借用同名但不同范围指标填补,适用性判断
覆盖检查,CV00527,G3,A028,DIM-FIRM,企业类型,不适用,,A_S03,本指标定义不直接接受该维度拆分,不得借用同名但不同范围指标填补,适用性判断
覆盖检查,CV00528,I4,A028,DIM-FIRM,企业类型,不适用,,A_S03,本指标定义不直接接受该维度拆分,不得借用同名但不同范围指标填补,适用性判断
覆盖检查,CV00529,D2,A028,DIM-FIRM,企业类型,不适用,,A_S03,本指标定义不直接接受该维度拆分,不得借用同名但不同范围指标填补,适用性判断
覆盖检查,CV00530,K3,A028,DIM-HH,居民群体,已覆盖,全国就业；城镇就业,A_S03,一综合总量和城镇人数。,,已读原表/定义；仅所列范围
覆盖检查,CV00531,G1,A028,DIM-HH,居民群体,已覆盖,全国就业；城镇就业,A_S03,一综合总量和城镇人数。,,已读原表/定义；仅所列范围
覆盖检查,CV00532,G3,A028,DIM-HH,居民群体,已覆盖,全国就业；城镇就业,A_S03,一综合总量和城镇人数。,,已读原表/定义；仅所列范围
覆盖检查,CV00533,I4,A028,DIM-HH,居民群体,已覆盖,全国就业；城镇就业,A_S03,一综合总量和城镇人数。,,已读原表/定义；仅所列范围
覆盖检查,CV00534,D2,A028,DIM-HH,居民群体,已覆盖,全国就业；城镇就业,A_S03,一综合总量和城镇人数。,,已读原表/定义；仅所列范围
覆盖检查,CV00535,K3,A028,DIM-SEC,机构部门,无稳定公开数据,,A_S03,已读来源未提供该维度的稳定全覆盖表；本轮未建立额外逐单元来源,这是本轮证据缺口，不断言其他官方资料不存在；后续需逐表核验,原来源已查；扩展来源待核验
覆盖检查,CV00536,G1,A028,DIM-SEC,机构部门,无稳定公开数据,,A_S03,已读来源未提供该维度的稳定全覆盖表；本轮未建立额外逐单元来源,这是本轮证据缺口，不断言其他官方资料不存在；后续需逐表核验,原来源已查；扩展来源待核验
覆盖检查,CV00537,G3,A028,DIM-SEC,机构部门,无稳定公开数据,,A_S03,已读来源未提供该维度的稳定全覆盖表；本轮未建立额外逐单元来源,这是本轮证据缺口，不断言其他官方资料不存在；后续需逐表核验,原来源已查；扩展来源待核验
覆盖检查,CV00538,I4,A028,DIM-SEC,机构部门,无稳定公开数据,,A_S03,已读来源未提供该维度的稳定全覆盖表；本轮未建立额外逐单元来源,这是本轮证据缺口，不断言其他官方资料不存在；后续需逐表核验,原来源已查；扩展来源待核验
覆盖检查,CV00539,D2,A028,DIM-SEC,机构部门,无稳定公开数据,,A_S03,已读来源未提供该维度的稳定全覆盖表；本轮未建立额外逐单元来源,这是本轮证据缺口，不断言其他官方资料不存在；后续需逐表核验,原来源已查；扩展来源待核验
覆盖检查,CV00540,K3,A029,DIM-NAT,全国,已覆盖,城镇就业行政统计范围,A_S03,本源正文或表格明确全国统计结果。,,已读原表/定义；仅所列范围
覆盖检查,CV00541,G1,A029,DIM-NAT,全国,已覆盖,城镇就业行政统计范围,A_S03,本源正文或表格明确全国统计结果。,,已读原表/定义；仅所列范围
覆盖检查,CV00542,K3,A029,DIM-PROV,省级,部分覆盖,北京,A_S18,一综合城镇新增就业,仅2023年北京原文样本；未验证其余30省和逐月序列。,已读原表/定义；仅所列范围
覆盖检查,CV00543,G1,A029,DIM-PROV,省级,部分覆盖,北京,A_S18,一综合城镇新增就业,仅2023年北京原文样本；未验证其余30省和逐月序列。,已读原表/定义；仅所列范围
覆盖检查,CV00544,K3,A029,DIM-PREF,地级,无稳定公开数据,,A_S03,已读来源未提供该维度的稳定全覆盖表；本轮未建立额外逐单元来源,这是本轮证据缺口，不断言其他官方资料不存在；后续需逐表核验,原来源已查；扩展来源待核验
覆盖检查,CV00545,G1,A029,DIM-PREF,地级,无稳定公开数据,,A_S03,已读来源未提供该维度的稳定全覆盖表；本轮未建立额外逐单元来源,这是本轮证据缺口，不断言其他官方资料不存在；后续需逐表核验,原来源已查；扩展来源待核验
覆盖检查,CV00546,K3,A029,DIM-IND,行业,无稳定公开数据,,A_S03,已读来源未提供该维度的稳定全覆盖表；本轮未建立额外逐单元来源,这是本轮证据缺口，不断言其他官方资料不存在；后续需逐表核验,原来源已查；扩展来源待核验
覆盖检查,CV00547,G1,A029,DIM-IND,行业,无稳定公开数据,,A_S03,已读来源未提供该维度的稳定全覆盖表；本轮未建立额外逐单元来源,这是本轮证据缺口，不断言其他官方资料不存在；后续需逐表核验,原来源已查；扩展来源待核验
覆盖检查,CV00548,K3,A029,DIM-FIRM,企业类型,不适用,,A_S03,本指标定义不直接接受该维度拆分,不得借用同名但不同范围指标填补,适用性判断
覆盖检查,CV00549,G1,A029,DIM-FIRM,企业类型,不适用,,A_S03,本指标定义不直接接受该维度拆分,不得借用同名但不同范围指标填补,适用性判断
覆盖检查,CV00550,K3,A029,DIM-HH,居民群体,无稳定公开数据,,A_S03,已读来源未提供该维度的稳定全覆盖表；本轮未建立额外逐单元来源,这是本轮证据缺口，不断言其他官方资料不存在；后续需逐表核验,原来源已查；扩展来源待核验
覆盖检查,CV00551,G1,A029,DIM-HH,居民群体,无稳定公开数据,,A_S03,已读来源未提供该维度的稳定全覆盖表；本轮未建立额外逐单元来源,这是本轮证据缺口，不断言其他官方资料不存在；后续需逐表核验,原来源已查；扩展来源待核验
覆盖检查,CV00552,K3,A029,DIM-SEC,机构部门,无稳定公开数据,,A_S03,已读来源未提供该维度的稳定全覆盖表；本轮未建立额外逐单元来源,这是本轮证据缺口，不断言其他官方资料不存在；后续需逐表核验,原来源已查；扩展来源待核验
覆盖检查,CV00553,G1,A029,DIM-SEC,机构部门,无稳定公开数据,,A_S03,已读来源未提供该维度的稳定全覆盖表；本轮未建立额外逐单元来源,这是本轮证据缺口，不断言其他官方资料不存在；后续需逐表核验,原来源已查；扩展来源待核验
覆盖检查,CV00554,K3,A030,DIM-NAT,全国,已覆盖,农村户籍农民工,A_S03,本源正文或表格明确全国统计结果。,,已读原表/定义；仅所列范围
覆盖检查,CV00555,G1,A030,DIM-NAT,全国,已覆盖,农村户籍农民工,A_S03,本源正文或表格明确全国统计结果。,,已读原表/定义；仅所列范围
覆盖检查,CV00556,K3,A030,DIM-PROV,省级,无稳定公开数据,,A_S03,已读来源未提供该维度的稳定全覆盖表；本轮未建立额外逐单元来源,这是本轮证据缺口，不断言其他官方资料不存在；后续需逐表核验,原来源已查；扩展来源待核验
覆盖检查,CV00557,G1,A030,DIM-PROV,省级,无稳定公开数据,,A_S03,已读来源未提供该维度的稳定全覆盖表；本轮未建立额外逐单元来源,这是本轮证据缺口，不断言其他官方资料不存在；后续需逐表核验,原来源已查；扩展来源待核验
覆盖检查,CV00558,K3,A030,DIM-PREF,地级,无稳定公开数据,,A_S03,已读来源未提供该维度的稳定全覆盖表；本轮未建立额外逐单元来源,这是本轮证据缺口，不断言其他官方资料不存在；后续需逐表核验,原来源已查；扩展来源待核验
覆盖检查,CV00559,G1,A030,DIM-PREF,地级,无稳定公开数据,,A_S03,已读来源未提供该维度的稳定全覆盖表；本轮未建立额外逐单元来源,这是本轮证据缺口，不断言其他官方资料不存在；后续需逐表核验,原来源已查；扩展来源待核验
覆盖检查,CV00560,K3,A030,DIM-IND,行业,无稳定公开数据,,A_S03,已读来源未提供该维度的稳定全覆盖表；本轮未建立额外逐单元来源,这是本轮证据缺口，不断言其他官方资料不存在；后续需逐表核验,原来源已查；扩展来源待核验
覆盖检查,CV00561,G1,A030,DIM-IND,行业,无稳定公开数据,,A_S03,已读来源未提供该维度的稳定全覆盖表；本轮未建立额外逐单元来源,这是本轮证据缺口，不断言其他官方资料不存在；后续需逐表核验,原来源已查；扩展来源待核验
覆盖检查,CV00562,K3,A030,DIM-FIRM,企业类型,不适用,,A_S03,本指标定义不直接接受该维度拆分,不得借用同名但不同范围指标填补,适用性判断
覆盖检查,CV00563,G1,A030,DIM-FIRM,企业类型,不适用,,A_S03,本指标定义不直接接受该维度拆分,不得借用同名但不同范围指标填补,适用性判断
覆盖检查,CV00564,K3,A030,DIM-HH,居民群体,已覆盖,本地农民工；外出农民工,A_S03,一综合分项及注8。,,已读原表/定义；仅所列范围
覆盖检查,CV00565,G1,A030,DIM-HH,居民群体,已覆盖,本地农民工；外出农民工,A_S03,一综合分项及注8。,,已读原表/定义；仅所列范围
覆盖检查,CV00566,K3,A030,DIM-SEC,机构部门,无稳定公开数据,,A_S03,已读来源未提供该维度的稳定全覆盖表；本轮未建立额外逐单元来源,这是本轮证据缺口，不断言其他官方资料不存在；后续需逐表核验,原来源已查；扩展来源待核验
覆盖检查,CV00567,G1,A030,DIM-SEC,机构部门,无稳定公开数据,,A_S03,已读来源未提供该维度的稳定全覆盖表；本轮未建立额外逐单元来源,这是本轮证据缺口，不断言其他官方资料不存在；后续需逐表核验,原来源已查；扩展来源待核验
覆盖检查,CV00568,K1,A031,DIM-NAT,全国,已覆盖,制造业调查企业,A_S06,本源正文或表格明确全国统计结果。,,已读原表/定义；仅所列范围
覆盖检查,CV00569,K1,A031,DIM-PROV,省级,无稳定公开数据,,A_S06,已读来源未提供该维度的稳定全覆盖表；本轮未建立额外逐单元来源,这是本轮证据缺口，不断言其他官方资料不存在；后续需逐表核验,原来源已查；扩展来源待核验
覆盖检查,CV00570,K1,A031,DIM-PREF,地级,无稳定公开数据,,A_S06,已读来源未提供该维度的稳定全覆盖表；本轮未建立额外逐单元来源,这是本轮证据缺口，不断言其他官方资料不存在；后续需逐表核验,原来源已查；扩展来源待核验
覆盖检查,CV00571,K1,A031,DIM-IND,行业,部分覆盖,制造业合计,A_S06,统计涵盖31行业，详细全部行业指数并未公开,不由调查行业数量推断全部行业结果可下载。,已读原表/定义；仅所列范围
覆盖检查,CV00572,K1,A031,DIM-FIRM,企业类型,已覆盖,大型；中型；小型,A_S06,正文企业规模PMI。,,已读原表/定义；仅所列范围
覆盖检查,CV00573,K1,A031,DIM-HH,居民群体,不适用,,A_S06,本指标定义不直接接受该维度拆分,不得借用同名但不同范围指标填补,适用性判断
覆盖检查,CV00574,K1,A031,DIM-SEC,机构部门,无稳定公开数据,,A_S06,已读来源未提供该维度的稳定全覆盖表；本轮未建立额外逐单元来源,这是本轮证据缺口，不断言其他官方资料不存在；后续需逐表核验,原来源已查；扩展来源待核验
覆盖检查,CV00575,K1,A032,DIM-NAT,全国,已覆盖,制造业调查企业,A_S06,本源正文或表格明确全国统计结果。,,已读原表/定义；仅所列范围
覆盖检查,CV00576,K1,A032,DIM-PROV,省级,无稳定公开数据,,A_S06,已读来源未提供该维度的稳定全覆盖表；本轮未建立额外逐单元来源,这是本轮证据缺口，不断言其他官方资料不存在；后续需逐表核验,原来源已查；扩展来源待核验
覆盖检查,CV00577,K1,A032,DIM-PREF,地级,无稳定公开数据,,A_S06,已读来源未提供该维度的稳定全覆盖表；本轮未建立额外逐单元来源,这是本轮证据缺口，不断言其他官方资料不存在；后续需逐表核验,原来源已查；扩展来源待核验
覆盖检查,CV00578,K1,A032,DIM-IND,行业,部分覆盖,制造业合计,A_S06,统计涵盖31行业，详细全部行业指数并未公开,不由调查行业数量推断全部行业结果可下载。,已读原表/定义；仅所列范围
覆盖检查,CV00579,K1,A032,DIM-FIRM,企业类型,无稳定公开数据,,A_S06,已读来源未提供该维度的稳定全覆盖表；本轮未建立额外逐单元来源,这是本轮证据缺口，不断言其他官方资料不存在；后续需逐表核验,原来源已查；扩展来源待核验
覆盖检查,CV00580,K1,A032,DIM-HH,居民群体,不适用,,A_S06,本指标定义不直接接受该维度拆分,不得借用同名但不同范围指标填补,适用性判断
覆盖检查,CV00581,K1,A032,DIM-SEC,机构部门,无稳定公开数据,,A_S06,已读来源未提供该维度的稳定全覆盖表；本轮未建立额外逐单元来源,这是本轮证据缺口，不断言其他官方资料不存在；后续需逐表核验,原来源已查；扩展来源待核验
覆盖检查,CV00582,K1,A033,DIM-NAT,全国,已覆盖,制造业调查企业,A_S06,本源正文或表格明确全国统计结果。,,已读原表/定义；仅所列范围
覆盖检查,CV00583,K1,A033,DIM-PROV,省级,无稳定公开数据,,A_S06,已读来源未提供该维度的稳定全覆盖表；本轮未建立额外逐单元来源,这是本轮证据缺口，不断言其他官方资料不存在；后续需逐表核验,原来源已查；扩展来源待核验
覆盖检查,CV00584,K1,A033,DIM-PREF,地级,无稳定公开数据,,A_S06,已读来源未提供该维度的稳定全覆盖表；本轮未建立额外逐单元来源,这是本轮证据缺口，不断言其他官方资料不存在；后续需逐表核验,原来源已查；扩展来源待核验
覆盖检查,CV00585,K1,A033,DIM-IND,行业,部分覆盖,制造业合计,A_S06,统计涵盖31行业，详细全部行业指数并未公开,不由调查行业数量推断全部行业结果可下载。,已读原表/定义；仅所列范围
覆盖检查,CV00586,K1,A033,DIM-FIRM,企业类型,无稳定公开数据,,A_S06,已读来源未提供该维度的稳定全覆盖表；本轮未建立额外逐单元来源,这是本轮证据缺口，不断言其他官方资料不存在；后续需逐表核验,原来源已查；扩展来源待核验
覆盖检查,CV00587,K1,A033,DIM-HH,居民群体,不适用,,A_S06,本指标定义不直接接受该维度拆分,不得借用同名但不同范围指标填补,适用性判断
覆盖检查,CV00588,K1,A033,DIM-SEC,机构部门,无稳定公开数据,,A_S06,已读来源未提供该维度的稳定全覆盖表；本轮未建立额外逐单元来源,这是本轮证据缺口，不断言其他官方资料不存在；后续需逐表核验,原来源已查；扩展来源待核验
覆盖检查,CV00589,K1,A034,DIM-NAT,全国,已覆盖,制造业调查企业,A_S06,本源正文或表格明确全国统计结果。,,已读原表/定义；仅所列范围
覆盖检查,CV00590,K1,A034,DIM-PROV,省级,无稳定公开数据,,A_S06,已读来源未提供该维度的稳定全覆盖表；本轮未建立额外逐单元来源,这是本轮证据缺口，不断言其他官方资料不存在；后续需逐表核验,原来源已查；扩展来源待核验
覆盖检查,CV00591,K1,A034,DIM-PREF,地级,无稳定公开数据,,A_S06,已读来源未提供该维度的稳定全覆盖表；本轮未建立额外逐单元来源,这是本轮证据缺口，不断言其他官方资料不存在；后续需逐表核验,原来源已查；扩展来源待核验
覆盖检查,CV00592,K1,A034,DIM-IND,行业,部分覆盖,制造业合计,A_S06,统计涵盖31行业，详细全部行业指数并未公开,不由调查行业数量推断全部行业结果可下载。,已读原表/定义；仅所列范围
覆盖检查,CV00593,K1,A034,DIM-FIRM,企业类型,无稳定公开数据,,A_S06,已读来源未提供该维度的稳定全覆盖表；本轮未建立额外逐单元来源,这是本轮证据缺口，不断言其他官方资料不存在；后续需逐表核验,原来源已查；扩展来源待核验
覆盖检查,CV00594,K1,A034,DIM-HH,居民群体,不适用,,A_S06,本指标定义不直接接受该维度拆分,不得借用同名但不同范围指标填补,适用性判断
覆盖检查,CV00595,K1,A034,DIM-SEC,机构部门,无稳定公开数据,,A_S06,已读来源未提供该维度的稳定全覆盖表；本轮未建立额外逐单元来源,这是本轮证据缺口，不断言其他官方资料不存在；后续需逐表核验,原来源已查；扩展来源待核验
覆盖检查,CV00596,K1,A035,DIM-NAT,全国,已覆盖,制造业调查企业,A_S06,本源正文或表格明确全国统计结果。,,已读原表/定义；仅所列范围
覆盖检查,CV00597,K3,A035,DIM-NAT,全国,已覆盖,制造业调查企业,A_S06,本源正文或表格明确全国统计结果。,,已读原表/定义；仅所列范围
覆盖检查,CV00598,K1,A035,DIM-PROV,省级,无稳定公开数据,,A_S06,已读来源未提供该维度的稳定全覆盖表；本轮未建立额外逐单元来源,这是本轮证据缺口，不断言其他官方资料不存在；后续需逐表核验,原来源已查；扩展来源待核验
覆盖检查,CV00599,K3,A035,DIM-PROV,省级,无稳定公开数据,,A_S06,已读来源未提供该维度的稳定全覆盖表；本轮未建立额外逐单元来源,这是本轮证据缺口，不断言其他官方资料不存在；后续需逐表核验,原来源已查；扩展来源待核验
覆盖检查,CV00600,K1,A035,DIM-PREF,地级,无稳定公开数据,,A_S06,已读来源未提供该维度的稳定全覆盖表；本轮未建立额外逐单元来源,这是本轮证据缺口，不断言其他官方资料不存在；后续需逐表核验,原来源已查；扩展来源待核验
覆盖检查,CV00601,K3,A035,DIM-PREF,地级,无稳定公开数据,,A_S06,已读来源未提供该维度的稳定全覆盖表；本轮未建立额外逐单元来源,这是本轮证据缺口，不断言其他官方资料不存在；后续需逐表核验,原来源已查；扩展来源待核验
覆盖检查,CV00602,K1,A035,DIM-IND,行业,部分覆盖,制造业合计,A_S06,统计涵盖31行业，详细全部行业指数并未公开,不由调查行业数量推断全部行业结果可下载。,已读原表/定义；仅所列范围
覆盖检查,CV00603,K3,A035,DIM-IND,行业,部分覆盖,制造业合计,A_S06,统计涵盖31行业，详细全部行业指数并未公开,不由调查行业数量推断全部行业结果可下载。,已读原表/定义；仅所列范围
覆盖检查,CV00604,K1,A035,DIM-FIRM,企业类型,无稳定公开数据,,A_S06,已读来源未提供该维度的稳定全覆盖表；本轮未建立额外逐单元来源,这是本轮证据缺口，不断言其他官方资料不存在；后续需逐表核验,原来源已查；扩展来源待核验
覆盖检查,CV00605,K3,A035,DIM-FIRM,企业类型,无稳定公开数据,,A_S06,已读来源未提供该维度的稳定全覆盖表；本轮未建立额外逐单元来源,这是本轮证据缺口，不断言其他官方资料不存在；后续需逐表核验,原来源已查；扩展来源待核验
覆盖检查,CV00606,K1,A035,DIM-HH,居民群体,不适用,,A_S06,本指标定义不直接接受该维度拆分,不得借用同名但不同范围指标填补,适用性判断
覆盖检查,CV00607,K3,A035,DIM-HH,居民群体,不适用,,A_S06,本指标定义不直接接受该维度拆分,不得借用同名但不同范围指标填补,适用性判断
覆盖检查,CV00608,K1,A035,DIM-SEC,机构部门,无稳定公开数据,,A_S06,已读来源未提供该维度的稳定全覆盖表；本轮未建立额外逐单元来源,这是本轮证据缺口，不断言其他官方资料不存在；后续需逐表核验,原来源已查；扩展来源待核验
覆盖检查,CV00609,K3,A035,DIM-SEC,机构部门,无稳定公开数据,,A_S06,已读来源未提供该维度的稳定全覆盖表；本轮未建立额外逐单元来源,这是本轮证据缺口，不断言其他官方资料不存在；后续需逐表核验,原来源已查；扩展来源待核验
覆盖检查,CV00610,K1,A036,DIM-NAT,全国,已覆盖,制造业调查企业,A_S06,本源正文或表格明确全国统计结果。,,已读原表/定义；仅所列范围
覆盖检查,CV00611,K1,A036,DIM-PROV,省级,无稳定公开数据,,A_S06,已读来源未提供该维度的稳定全覆盖表；本轮未建立额外逐单元来源,这是本轮证据缺口，不断言其他官方资料不存在；后续需逐表核验,原来源已查；扩展来源待核验
覆盖检查,CV00612,K1,A036,DIM-PREF,地级,无稳定公开数据,,A_S06,已读来源未提供该维度的稳定全覆盖表；本轮未建立额外逐单元来源,这是本轮证据缺口，不断言其他官方资料不存在；后续需逐表核验,原来源已查；扩展来源待核验
覆盖检查,CV00613,K1,A036,DIM-IND,行业,部分覆盖,制造业合计,A_S06,统计涵盖31行业，详细全部行业指数并未公开,不由调查行业数量推断全部行业结果可下载。,已读原表/定义；仅所列范围
覆盖检查,CV00614,K1,A036,DIM-FIRM,企业类型,无稳定公开数据,,A_S06,已读来源未提供该维度的稳定全覆盖表；本轮未建立额外逐单元来源,这是本轮证据缺口，不断言其他官方资料不存在；后续需逐表核验,原来源已查；扩展来源待核验
覆盖检查,CV00615,K1,A036,DIM-HH,居民群体,不适用,,A_S06,本指标定义不直接接受该维度拆分,不得借用同名但不同范围指标填补,适用性判断
覆盖检查,CV00616,K1,A036,DIM-SEC,机构部门,无稳定公开数据,,A_S06,已读来源未提供该维度的稳定全覆盖表；本轮未建立额外逐单元来源,这是本轮证据缺口，不断言其他官方资料不存在；后续需逐表核验,原来源已查；扩展来源待核验
覆盖检查,CV00617,K1,A037,DIM-NAT,全国,已覆盖,制造业调查企业,A_S06,本源正文或表格明确全国统计结果。,,已读原表/定义；仅所列范围
覆盖检查,CV00618,K1,A037,DIM-PROV,省级,无稳定公开数据,,A_S06,已读来源未提供该维度的稳定全覆盖表；本轮未建立额外逐单元来源,这是本轮证据缺口，不断言其他官方资料不存在；后续需逐表核验,原来源已查；扩展来源待核验
覆盖检查,CV00619,K1,A037,DIM-PREF,地级,无稳定公开数据,,A_S06,已读来源未提供该维度的稳定全覆盖表；本轮未建立额外逐单元来源,这是本轮证据缺口，不断言其他官方资料不存在；后续需逐表核验,原来源已查；扩展来源待核验
覆盖检查,CV00620,K1,A037,DIM-IND,行业,部分覆盖,制造业合计,A_S06,统计涵盖31行业，详细全部行业指数并未公开,不由调查行业数量推断全部行业结果可下载。,已读原表/定义；仅所列范围
覆盖检查,CV00621,K1,A037,DIM-FIRM,企业类型,无稳定公开数据,,A_S06,已读来源未提供该维度的稳定全覆盖表；本轮未建立额外逐单元来源,这是本轮证据缺口，不断言其他官方资料不存在；后续需逐表核验,原来源已查；扩展来源待核验
覆盖检查,CV00622,K1,A037,DIM-HH,居民群体,不适用,,A_S06,本指标定义不直接接受该维度拆分,不得借用同名但不同范围指标填补,适用性判断
覆盖检查,CV00623,K1,A037,DIM-SEC,机构部门,无稳定公开数据,,A_S06,已读来源未提供该维度的稳定全覆盖表；本轮未建立额外逐单元来源,这是本轮证据缺口，不断言其他官方资料不存在；后续需逐表核验,原来源已查；扩展来源待核验
覆盖检查,CV00624,K1,A038,DIM-NAT,全国,已覆盖,制造业调查企业,A_S06,本源正文或表格明确全国统计结果。,,已读原表/定义；仅所列范围
覆盖检查,CV00625,K1,A038,DIM-PROV,省级,无稳定公开数据,,A_S06,已读来源未提供该维度的稳定全覆盖表；本轮未建立额外逐单元来源,这是本轮证据缺口，不断言其他官方资料不存在；后续需逐表核验,原来源已查；扩展来源待核验
覆盖检查,CV00626,K1,A038,DIM-PREF,地级,无稳定公开数据,,A_S06,已读来源未提供该维度的稳定全覆盖表；本轮未建立额外逐单元来源,这是本轮证据缺口，不断言其他官方资料不存在；后续需逐表核验,原来源已查；扩展来源待核验
覆盖检查,CV00627,K1,A038,DIM-IND,行业,部分覆盖,制造业合计,A_S06,统计涵盖31行业，详细全部行业指数并未公开,不由调查行业数量推断全部行业结果可下载。,已读原表/定义；仅所列范围
覆盖检查,CV00628,K1,A038,DIM-FIRM,企业类型,无稳定公开数据,,A_S06,已读来源未提供该维度的稳定全覆盖表；本轮未建立额外逐单元来源,这是本轮证据缺口，不断言其他官方资料不存在；后续需逐表核验,原来源已查；扩展来源待核验
覆盖检查,CV00629,K1,A038,DIM-HH,居民群体,不适用,,A_S06,本指标定义不直接接受该维度拆分,不得借用同名但不同范围指标填补,适用性判断
覆盖检查,CV00630,K1,A038,DIM-SEC,机构部门,无稳定公开数据,,A_S06,已读来源未提供该维度的稳定全覆盖表；本轮未建立额外逐单元来源,这是本轮证据缺口，不断言其他官方资料不存在；后续需逐表核验,原来源已查；扩展来源待核验
覆盖检查,CV00631,K1,A039,DIM-NAT,全国,已覆盖,非制造业调查企业,A_S06,本源正文或表格明确全国统计结果。,,已读原表/定义；仅所列范围
覆盖检查,CV00632,K3,A039,DIM-NAT,全国,已覆盖,非制造业调查企业,A_S06,本源正文或表格明确全国统计结果。,,已读原表/定义；仅所列范围
覆盖检查,CV00633,K1,A039,DIM-PROV,省级,无稳定公开数据,,A_S06,已读来源未提供该维度的稳定全覆盖表；本轮未建立额外逐单元来源,这是本轮证据缺口，不断言其他官方资料不存在；后续需逐表核验,原来源已查；扩展来源待核验
覆盖检查,CV00634,K3,A039,DIM-PROV,省级,无稳定公开数据,,A_S06,已读来源未提供该维度的稳定全覆盖表；本轮未建立额外逐单元来源,这是本轮证据缺口，不断言其他官方资料不存在；后续需逐表核验,原来源已查；扩展来源待核验
覆盖检查,CV00635,K1,A039,DIM-PREF,地级,无稳定公开数据,,A_S06,已读来源未提供该维度的稳定全覆盖表；本轮未建立额外逐单元来源,这是本轮证据缺口，不断言其他官方资料不存在；后续需逐表核验,原来源已查；扩展来源待核验
覆盖检查,CV00636,K3,A039,DIM-PREF,地级,无稳定公开数据,,A_S06,已读来源未提供该维度的稳定全覆盖表；本轮未建立额外逐单元来源,这是本轮证据缺口，不断言其他官方资料不存在；后续需逐表核验,原来源已查；扩展来源待核验
覆盖检查,CV00637,K1,A039,DIM-IND,行业,已覆盖,建筑业；服务业,A_S06,正文明确两大类。,,已读原表/定义；仅所列范围
覆盖检查,CV00638,K3,A039,DIM-IND,行业,已覆盖,建筑业；服务业,A_S06,正文明确两大类。,,已读原表/定义；仅所列范围
覆盖检查,CV00639,K1,A039,DIM-FIRM,企业类型,无稳定公开数据,,A_S06,已读来源未提供该维度的稳定全覆盖表；本轮未建立额外逐单元来源,这是本轮证据缺口，不断言其他官方资料不存在；后续需逐表核验,原来源已查；扩展来源待核验
覆盖检查,CV00640,K3,A039,DIM-FIRM,企业类型,无稳定公开数据,,A_S06,已读来源未提供该维度的稳定全覆盖表；本轮未建立额外逐单元来源,这是本轮证据缺口，不断言其他官方资料不存在；后续需逐表核验,原来源已查；扩展来源待核验
覆盖检查,CV00641,K1,A039,DIM-HH,居民群体,不适用,,A_S06,本指标定义不直接接受该维度拆分,不得借用同名但不同范围指标填补,适用性判断
覆盖检查,CV00642,K3,A039,DIM-HH,居民群体,不适用,,A_S06,本指标定义不直接接受该维度拆分,不得借用同名但不同范围指标填补,适用性判断
覆盖检查,CV00643,K1,A039,DIM-SEC,机构部门,无稳定公开数据,,A_S06,已读来源未提供该维度的稳定全覆盖表；本轮未建立额外逐单元来源,这是本轮证据缺口，不断言其他官方资料不存在；后续需逐表核验,原来源已查；扩展来源待核验
覆盖检查,CV00644,K3,A039,DIM-SEC,机构部门,无稳定公开数据,,A_S06,已读来源未提供该维度的稳定全覆盖表；本轮未建立额外逐单元来源,这是本轮证据缺口，不断言其他官方资料不存在；后续需逐表核验,原来源已查；扩展来源待核验
覆盖检查,CV00645,K1,A040,DIM-NAT,全国,已覆盖,制造业及非制造业调查企业,A_S06,本源正文或表格明确全国统计结果。,,已读原表/定义；仅所列范围
覆盖检查,CV00646,K1,A040,DIM-PROV,省级,无稳定公开数据,,A_S06,已读来源未提供该维度的稳定全覆盖表；本轮未建立额外逐单元来源,这是本轮证据缺口，不断言其他官方资料不存在；后续需逐表核验,原来源已查；扩展来源待核验
覆盖检查,CV00647,K1,A040,DIM-PREF,地级,无稳定公开数据,,A_S06,已读来源未提供该维度的稳定全覆盖表；本轮未建立额外逐单元来源,这是本轮证据缺口，不断言其他官方资料不存在；后续需逐表核验,原来源已查；扩展来源待核验
覆盖检查,CV00648,K1,A040,DIM-IND,行业,无稳定公开数据,,A_S06,已读来源未提供该维度的稳定全覆盖表；本轮未建立额外逐单元来源,这是本轮证据缺口，不断言其他官方资料不存在；后续需逐表核验,原来源已查；扩展来源待核验
覆盖检查,CV00649,K1,A040,DIM-FIRM,企业类型,无稳定公开数据,,A_S06,已读来源未提供该维度的稳定全覆盖表；本轮未建立额外逐单元来源,这是本轮证据缺口，不断言其他官方资料不存在；后续需逐表核验,原来源已查；扩展来源待核验
覆盖检查,CV00650,K1,A040,DIM-HH,居民群体,不适用,,A_S06,本指标定义不直接接受该维度拆分,不得借用同名但不同范围指标填补,适用性判断
覆盖检查,CV00651,K1,A040,DIM-SEC,机构部门,无稳定公开数据,,A_S06,已读来源未提供该维度的稳定全覆盖表；本轮未建立额外逐单元来源,这是本轮证据缺口，不断言其他官方资料不存在；后续需逐表核验,原来源已查；扩展来源待核验
覆盖检查,CV00652,M1,A041,DIM-NAT,全国,已覆盖,全国货币持有部门,A_S14,本源正文或表格明确全国统计结果。,,已读原表/定义；仅所列范围
覆盖检查,CV00653,M2,A041,DIM-NAT,全国,已覆盖,全国货币持有部门,A_S14,本源正文或表格明确全国统计结果。,,已读原表/定义；仅所列范围
覆盖检查,CV00654,M1,A041,DIM-PROV,省级,不适用,,A_S14,本指标定义不直接接受该维度拆分,不得借用同名但不同范围指标填补,适用性判断
覆盖检查,CV00655,M2,A041,DIM-PROV,省级,不适用,,A_S14,本指标定义不直接接受该维度拆分,不得借用同名但不同范围指标填补,适用性判断
覆盖检查,CV00656,M1,A041,DIM-PREF,地级,不适用,,A_S14,本指标定义不直接接受该维度拆分,不得借用同名但不同范围指标填补,适用性判断
覆盖检查,CV00657,M2,A041,DIM-PREF,地级,不适用,,A_S14,本指标定义不直接接受该维度拆分,不得借用同名但不同范围指标填补,适用性判断
覆盖检查,CV00658,M1,A041,DIM-IND,行业,无稳定公开数据,,A_S14,已读来源未提供该维度的稳定全覆盖表；本轮未建立额外逐单元来源,这是本轮证据缺口，不断言其他官方资料不存在；后续需逐表核验,原来源已查；扩展来源待核验
覆盖检查,CV00659,M2,A041,DIM-IND,行业,无稳定公开数据,,A_S14,已读来源未提供该维度的稳定全覆盖表；本轮未建立额外逐单元来源,这是本轮证据缺口，不断言其他官方资料不存在；后续需逐表核验,原来源已查；扩展来源待核验
覆盖检查,CV00660,M1,A041,DIM-FIRM,企业类型,无稳定公开数据,,A_S14,已读来源未提供该维度的稳定全覆盖表；本轮未建立额外逐单元来源,这是本轮证据缺口，不断言其他官方资料不存在；后续需逐表核验,原来源已查；扩展来源待核验
覆盖检查,CV00661,M2,A041,DIM-FIRM,企业类型,无稳定公开数据,,A_S14,已读来源未提供该维度的稳定全覆盖表；本轮未建立额外逐单元来源,这是本轮证据缺口，不断言其他官方资料不存在；后续需逐表核验,原来源已查；扩展来源待核验
覆盖检查,CV00662,M1,A041,DIM-HH,居民群体,不适用,,A_S14,本指标定义不直接接受该维度拆分,不得借用同名但不同范围指标填补,适用性判断
覆盖检查,CV00663,M2,A041,DIM-HH,居民群体,不适用,,A_S14,本指标定义不直接接受该维度拆分,不得借用同名但不同范围指标填补,适用性判断
覆盖检查,CV00664,M1,A041,DIM-SEC,机构部门,部分覆盖,货币持有部门合计,A_S13；A_S14,本源没有完整部门矩阵,不可从合计分拆居民/企业所有货币资产。,已读原表/定义；仅所列范围
覆盖检查,CV00665,M2,A041,DIM-SEC,机构部门,部分覆盖,货币持有部门合计,A_S13；A_S14,本源没有完整部门矩阵,不可从合计分拆居民/企业所有货币资产。,已读原表/定义；仅所列范围
覆盖检查,CV00666,M1,A042,DIM-NAT,全国,已覆盖,全国货币持有部门,A_S14,本源正文或表格明确全国统计结果。,,已读原表/定义；仅所列范围
覆盖检查,CV00667,M2,A042,DIM-NAT,全国,已覆盖,全国货币持有部门,A_S14,本源正文或表格明确全国统计结果。,,已读原表/定义；仅所列范围
覆盖检查,CV00668,M1,A042,DIM-PROV,省级,不适用,,A_S14,本指标定义不直接接受该维度拆分,不得借用同名但不同范围指标填补,适用性判断
覆盖检查,CV00669,M2,A042,DIM-PROV,省级,不适用,,A_S14,本指标定义不直接接受该维度拆分,不得借用同名但不同范围指标填补,适用性判断
覆盖检查,CV00670,M1,A042,DIM-PREF,地级,不适用,,A_S14,本指标定义不直接接受该维度拆分,不得借用同名但不同范围指标填补,适用性判断
覆盖检查,CV00671,M2,A042,DIM-PREF,地级,不适用,,A_S14,本指标定义不直接接受该维度拆分,不得借用同名但不同范围指标填补,适用性判断
覆盖检查,CV00672,M1,A042,DIM-IND,行业,无稳定公开数据,,A_S14,已读来源未提供该维度的稳定全覆盖表；本轮未建立额外逐单元来源,这是本轮证据缺口，不断言其他官方资料不存在；后续需逐表核验,原来源已查；扩展来源待核验
覆盖检查,CV00673,M2,A042,DIM-IND,行业,无稳定公开数据,,A_S14,已读来源未提供该维度的稳定全覆盖表；本轮未建立额外逐单元来源,这是本轮证据缺口，不断言其他官方资料不存在；后续需逐表核验,原来源已查；扩展来源待核验
覆盖检查,CV00674,M1,A042,DIM-FIRM,企业类型,无稳定公开数据,,A_S14,已读来源未提供该维度的稳定全覆盖表；本轮未建立额外逐单元来源,这是本轮证据缺口，不断言其他官方资料不存在；后续需逐表核验,原来源已查；扩展来源待核验
覆盖检查,CV00675,M2,A042,DIM-FIRM,企业类型,无稳定公开数据,,A_S14,已读来源未提供该维度的稳定全覆盖表；本轮未建立额外逐单元来源,这是本轮证据缺口，不断言其他官方资料不存在；后续需逐表核验,原来源已查；扩展来源待核验
覆盖检查,CV00676,M1,A042,DIM-HH,居民群体,不适用,,A_S14,本指标定义不直接接受该维度拆分,不得借用同名但不同范围指标填补,适用性判断
覆盖检查,CV00677,M2,A042,DIM-HH,居民群体,不适用,,A_S14,本指标定义不直接接受该维度拆分,不得借用同名但不同范围指标填补,适用性判断
覆盖检查,CV00678,M1,A042,DIM-SEC,机构部门,部分覆盖,货币持有部门合计,A_S13；A_S14,本源没有完整部门矩阵,不可从合计分拆居民/企业所有货币资产。,已读原表/定义；仅所列范围
覆盖检查,CV00679,M2,A042,DIM-SEC,机构部门,部分覆盖,货币持有部门合计,A_S13；A_S14,本源没有完整部门矩阵,不可从合计分拆居民/企业所有货币资产。,已读原表/定义；仅所列范围
覆盖检查,CV00680,M1,A043,DIM-NAT,全国,已覆盖,全国货币持有部门,A_S14,本源正文或表格明确全国统计结果。,,已读原表/定义；仅所列范围
覆盖检查,CV00681,M2,A043,DIM-NAT,全国,已覆盖,全国货币持有部门,A_S14,本源正文或表格明确全国统计结果。,,已读原表/定义；仅所列范围
覆盖检查,CV00682,M1,A043,DIM-PROV,省级,不适用,,A_S14,本指标定义不直接接受该维度拆分,不得借用同名但不同范围指标填补,适用性判断
覆盖检查,CV00683,M2,A043,DIM-PROV,省级,不适用,,A_S14,本指标定义不直接接受该维度拆分,不得借用同名但不同范围指标填补,适用性判断
覆盖检查,CV00684,M1,A043,DIM-PREF,地级,不适用,,A_S14,本指标定义不直接接受该维度拆分,不得借用同名但不同范围指标填补,适用性判断
覆盖检查,CV00685,M2,A043,DIM-PREF,地级,不适用,,A_S14,本指标定义不直接接受该维度拆分,不得借用同名但不同范围指标填补,适用性判断
覆盖检查,CV00686,M1,A043,DIM-IND,行业,无稳定公开数据,,A_S14,已读来源未提供该维度的稳定全覆盖表；本轮未建立额外逐单元来源,这是本轮证据缺口，不断言其他官方资料不存在；后续需逐表核验,原来源已查；扩展来源待核验
覆盖检查,CV00687,M2,A043,DIM-IND,行业,无稳定公开数据,,A_S14,已读来源未提供该维度的稳定全覆盖表；本轮未建立额外逐单元来源,这是本轮证据缺口，不断言其他官方资料不存在；后续需逐表核验,原来源已查；扩展来源待核验
覆盖检查,CV00688,M1,A043,DIM-FIRM,企业类型,无稳定公开数据,,A_S14,已读来源未提供该维度的稳定全覆盖表；本轮未建立额外逐单元来源,这是本轮证据缺口，不断言其他官方资料不存在；后续需逐表核验,原来源已查；扩展来源待核验
覆盖检查,CV00689,M2,A043,DIM-FIRM,企业类型,无稳定公开数据,,A_S14,已读来源未提供该维度的稳定全覆盖表；本轮未建立额外逐单元来源,这是本轮证据缺口，不断言其他官方资料不存在；后续需逐表核验,原来源已查；扩展来源待核验
覆盖检查,CV00690,M1,A043,DIM-HH,居民群体,不适用,,A_S14,本指标定义不直接接受该维度拆分,不得借用同名但不同范围指标填补,适用性判断
覆盖检查,CV00691,M2,A043,DIM-HH,居民群体,不适用,,A_S14,本指标定义不直接接受该维度拆分,不得借用同名但不同范围指标填补,适用性判断
覆盖检查,CV00692,M1,A043,DIM-SEC,机构部门,部分覆盖,货币持有部门合计,A_S13；A_S14,本源没有完整部门矩阵,不可从合计分拆居民/企业所有货币资产。,已读原表/定义；仅所列范围
覆盖检查,CV00693,M2,A043,DIM-SEC,机构部门,部分覆盖,货币持有部门合计,A_S13；A_S14,本源没有完整部门矩阵,不可从合计分拆居民/企业所有货币资产。,已读原表/定义；仅所列范围
覆盖检查,CV00694,M3,A044,DIM-NAT,全国,已覆盖,纳入央行金融统计的机构,A_S17,本源正文或表格明确全国统计结果。,,已读原表/定义；仅所列范围
覆盖检查,CV00695,M4,A044,DIM-NAT,全国,已覆盖,纳入央行金融统计的机构,A_S17,本源正文或表格明确全国统计结果。,,已读原表/定义；仅所列范围
覆盖检查,CV00696,F1,A044,DIM-NAT,全国,已覆盖,纳入央行金融统计的机构,A_S17,本源正文或表格明确全国统计结果。,,已读原表/定义；仅所列范围
覆盖检查,CV00697,F3,A044,DIM-NAT,全国,已覆盖,纳入央行金融统计的机构,A_S17,本源正文或表格明确全国统计结果。,,已读原表/定义；仅所列范围
覆盖检查,CV00698,M3,A044,DIM-PROV,省级,部分覆盖,北京,A_S18,五金融业人民币存贷款余额,仅2023年北京原文样本；未验证其余30省和逐月序列。,已读原表/定义；仅所列范围
覆盖检查,CV00699,M4,A044,DIM-PROV,省级,部分覆盖,北京,A_S18,五金融业人民币存贷款余额,仅2023年北京原文样本；未验证其余30省和逐月序列。,已读原表/定义；仅所列范围
覆盖检查,CV00700,F1,A044,DIM-PROV,省级,部分覆盖,北京,A_S18,五金融业人民币存贷款余额,仅2023年北京原文样本；未验证其余30省和逐月序列。,已读原表/定义；仅所列范围
覆盖检查,CV00701,F3,A044,DIM-PROV,省级,部分覆盖,北京,A_S18,五金融业人民币存贷款余额,仅2023年北京原文样本；未验证其余30省和逐月序列。,已读原表/定义；仅所列范围
覆盖检查,CV00702,M3,A044,DIM-PREF,地级,无稳定公开数据,,A_S17,已读来源未提供该维度的稳定全覆盖表；本轮未建立额外逐单元来源,这是本轮证据缺口，不断言其他官方资料不存在；后续需逐表核验,原来源已查；扩展来源待核验
覆盖检查,CV00703,M4,A044,DIM-PREF,地级,无稳定公开数据,,A_S17,已读来源未提供该维度的稳定全覆盖表；本轮未建立额外逐单元来源,这是本轮证据缺口，不断言其他官方资料不存在；后续需逐表核验,原来源已查；扩展来源待核验
覆盖检查,CV00704,F1,A044,DIM-PREF,地级,无稳定公开数据,,A_S17,已读来源未提供该维度的稳定全覆盖表；本轮未建立额外逐单元来源,这是本轮证据缺口，不断言其他官方资料不存在；后续需逐表核验,原来源已查；扩展来源待核验
覆盖检查,CV00705,F3,A044,DIM-PREF,地级,无稳定公开数据,,A_S17,已读来源未提供该维度的稳定全覆盖表；本轮未建立额外逐单元来源,这是本轮证据缺口，不断言其他官方资料不存在；后续需逐表核验,原来源已查；扩展来源待核验
覆盖检查,CV00706,M3,A044,DIM-IND,行业,无稳定公开数据,,A_S17,已读来源未提供该维度的稳定全覆盖表；本轮未建立额外逐单元来源,这是本轮证据缺口，不断言其他官方资料不存在；后续需逐表核验,原来源已查；扩展来源待核验
覆盖检查,CV00707,M4,A044,DIM-IND,行业,无稳定公开数据,,A_S17,已读来源未提供该维度的稳定全覆盖表；本轮未建立额外逐单元来源,这是本轮证据缺口，不断言其他官方资料不存在；后续需逐表核验,原来源已查；扩展来源待核验
覆盖检查,CV00708,F1,A044,DIM-IND,行业,无稳定公开数据,,A_S17,已读来源未提供该维度的稳定全覆盖表；本轮未建立额外逐单元来源,这是本轮证据缺口，不断言其他官方资料不存在；后续需逐表核验,原来源已查；扩展来源待核验
覆盖检查,CV00709,F3,A044,DIM-IND,行业,无稳定公开数据,,A_S17,已读来源未提供该维度的稳定全覆盖表；本轮未建立额外逐单元来源,这是本轮证据缺口，不断言其他官方资料不存在；后续需逐表核验,原来源已查；扩展来源待核验
覆盖检查,CV00710,M3,A044,DIM-FIRM,企业类型,无稳定公开数据,,A_S17,已读来源未提供该维度的稳定全覆盖表；本轮未建立额外逐单元来源,这是本轮证据缺口，不断言其他官方资料不存在；后续需逐表核验,原来源已查；扩展来源待核验
覆盖检查,CV00711,M4,A044,DIM-FIRM,企业类型,无稳定公开数据,,A_S17,已读来源未提供该维度的稳定全覆盖表；本轮未建立额外逐单元来源,这是本轮证据缺口，不断言其他官方资料不存在；后续需逐表核验,原来源已查；扩展来源待核验
覆盖检查,CV00712,F1,A044,DIM-FIRM,企业类型,无稳定公开数据,,A_S17,已读来源未提供该维度的稳定全覆盖表；本轮未建立额外逐单元来源,这是本轮证据缺口，不断言其他官方资料不存在；后续需逐表核验,原来源已查；扩展来源待核验
覆盖检查,CV00713,F3,A044,DIM-FIRM,企业类型,无稳定公开数据,,A_S17,已读来源未提供该维度的稳定全覆盖表；本轮未建立额外逐单元来源,这是本轮证据缺口，不断言其他官方资料不存在；后续需逐表核验,原来源已查；扩展来源待核验
覆盖检查,CV00714,M3,A044,DIM-HH,居民群体,不适用,,A_S17,本指标定义不直接接受该维度拆分,不得借用同名但不同范围指标填补,适用性判断
覆盖检查,CV00715,M4,A044,DIM-HH,居民群体,不适用,,A_S17,本指标定义不直接接受该维度拆分,不得借用同名但不同范围指标填补,适用性判断
覆盖检查,CV00716,F1,A044,DIM-HH,居民群体,不适用,,A_S17,本指标定义不直接接受该维度拆分,不得借用同名但不同范围指标填补,适用性判断
覆盖检查,CV00717,F3,A044,DIM-HH,居民群体,不适用,,A_S17,本指标定义不直接接受该维度拆分,不得借用同名但不同范围指标填补,适用性判断
覆盖检查,CV00718,M3,A044,DIM-SEC,机构部门,已覆盖,住户；企事业单位（非金融企业及机关团体）；非银行业金融机构；境外,A_S14；A_S17,A_S17表6给部门余额及新增；A_S14给期限。,,已读原表/定义；仅所列范围
覆盖检查,CV00719,M4,A044,DIM-SEC,机构部门,已覆盖,住户；企事业单位（非金融企业及机关团体）；非银行业金融机构；境外,A_S14；A_S17,A_S17表6给部门余额及新增；A_S14给期限。,,已读原表/定义；仅所列范围
覆盖检查,CV00720,F1,A044,DIM-SEC,机构部门,已覆盖,住户；企事业单位（非金融企业及机关团体）；非银行业金融机构；境外,A_S14；A_S17,A_S17表6给部门余额及新增；A_S14给期限。,,已读原表/定义；仅所列范围
覆盖检查,CV00721,F3,A044,DIM-SEC,机构部门,已覆盖,住户；企事业单位（非金融企业及机关团体）；非银行业金融机构；境外,A_S14；A_S17,A_S17表6给部门余额及新增；A_S14给期限。,,已读原表/定义；仅所列范围
覆盖检查,CV00722,M3,A045,DIM-NAT,全国,已覆盖,纳入央行金融统计的机构,A_S14,本源正文或表格明确全国统计结果。,,已读原表/定义；仅所列范围
覆盖检查,CV00723,M4,A045,DIM-NAT,全国,已覆盖,纳入央行金融统计的机构,A_S14,本源正文或表格明确全国统计结果。,,已读原表/定义；仅所列范围
覆盖检查,CV00724,F1,A045,DIM-NAT,全国,已覆盖,纳入央行金融统计的机构,A_S14,本源正文或表格明确全国统计结果。,,已读原表/定义；仅所列范围
覆盖检查,CV00725,F3,A045,DIM-NAT,全国,已覆盖,纳入央行金融统计的机构,A_S14,本源正文或表格明确全国统计结果。,,已读原表/定义；仅所列范围
覆盖检查,CV00726,M3,A045,DIM-PROV,省级,无稳定公开数据,,A_S14,已读来源未提供该维度的稳定全覆盖表；本轮未建立额外逐单元来源,这是本轮证据缺口，不断言其他官方资料不存在；后续需逐表核验,原来源已查；扩展来源待核验
覆盖检查,CV00727,M4,A045,DIM-PROV,省级,无稳定公开数据,,A_S14,已读来源未提供该维度的稳定全覆盖表；本轮未建立额外逐单元来源,这是本轮证据缺口，不断言其他官方资料不存在；后续需逐表核验,原来源已查；扩展来源待核验
覆盖检查,CV00728,F1,A045,DIM-PROV,省级,无稳定公开数据,,A_S14,已读来源未提供该维度的稳定全覆盖表；本轮未建立额外逐单元来源,这是本轮证据缺口，不断言其他官方资料不存在；后续需逐表核验,原来源已查；扩展来源待核验
覆盖检查,CV00729,F3,A045,DIM-PROV,省级,无稳定公开数据,,A_S14,已读来源未提供该维度的稳定全覆盖表；本轮未建立额外逐单元来源,这是本轮证据缺口，不断言其他官方资料不存在；后续需逐表核验,原来源已查；扩展来源待核验
覆盖检查,CV00730,M3,A045,DIM-PREF,地级,无稳定公开数据,,A_S14,已读来源未提供该维度的稳定全覆盖表；本轮未建立额外逐单元来源,这是本轮证据缺口，不断言其他官方资料不存在；后续需逐表核验,原来源已查；扩展来源待核验
覆盖检查,CV00731,M4,A045,DIM-PREF,地级,无稳定公开数据,,A_S14,已读来源未提供该维度的稳定全覆盖表；本轮未建立额外逐单元来源,这是本轮证据缺口，不断言其他官方资料不存在；后续需逐表核验,原来源已查；扩展来源待核验
覆盖检查,CV00732,F1,A045,DIM-PREF,地级,无稳定公开数据,,A_S14,已读来源未提供该维度的稳定全覆盖表；本轮未建立额外逐单元来源,这是本轮证据缺口，不断言其他官方资料不存在；后续需逐表核验,原来源已查；扩展来源待核验
覆盖检查,CV00733,F3,A045,DIM-PREF,地级,无稳定公开数据,,A_S14,已读来源未提供该维度的稳定全覆盖表；本轮未建立额外逐单元来源,这是本轮证据缺口，不断言其他官方资料不存在；后续需逐表核验,原来源已查；扩展来源待核验
覆盖检查,CV00734,M3,A045,DIM-IND,行业,无稳定公开数据,,A_S14,已读来源未提供该维度的稳定全覆盖表；本轮未建立额外逐单元来源,这是本轮证据缺口，不断言其他官方资料不存在；后续需逐表核验,原来源已查；扩展来源待核验
覆盖检查,CV00735,M4,A045,DIM-IND,行业,无稳定公开数据,,A_S14,已读来源未提供该维度的稳定全覆盖表；本轮未建立额外逐单元来源,这是本轮证据缺口，不断言其他官方资料不存在；后续需逐表核验,原来源已查；扩展来源待核验
覆盖检查,CV00736,F1,A045,DIM-IND,行业,无稳定公开数据,,A_S14,已读来源未提供该维度的稳定全覆盖表；本轮未建立额外逐单元来源,这是本轮证据缺口，不断言其他官方资料不存在；后续需逐表核验,原来源已查；扩展来源待核验
覆盖检查,CV00737,F3,A045,DIM-IND,行业,无稳定公开数据,,A_S14,已读来源未提供该维度的稳定全覆盖表；本轮未建立额外逐单元来源,这是本轮证据缺口，不断言其他官方资料不存在；后续需逐表核验,原来源已查；扩展来源待核验
覆盖检查,CV00738,M3,A045,DIM-FIRM,企业类型,无稳定公开数据,,A_S14,已读来源未提供该维度的稳定全覆盖表；本轮未建立额外逐单元来源,这是本轮证据缺口，不断言其他官方资料不存在；后续需逐表核验,原来源已查；扩展来源待核验
覆盖检查,CV00739,M4,A045,DIM-FIRM,企业类型,无稳定公开数据,,A_S14,已读来源未提供该维度的稳定全覆盖表；本轮未建立额外逐单元来源,这是本轮证据缺口，不断言其他官方资料不存在；后续需逐表核验,原来源已查；扩展来源待核验
覆盖检查,CV00740,F1,A045,DIM-FIRM,企业类型,无稳定公开数据,,A_S14,已读来源未提供该维度的稳定全覆盖表；本轮未建立额外逐单元来源,这是本轮证据缺口，不断言其他官方资料不存在；后续需逐表核验,原来源已查；扩展来源待核验
覆盖检查,CV00741,F3,A045,DIM-FIRM,企业类型,无稳定公开数据,,A_S14,已读来源未提供该维度的稳定全覆盖表；本轮未建立额外逐单元来源,这是本轮证据缺口，不断言其他官方资料不存在；后续需逐表核验,原来源已查；扩展来源待核验
覆盖检查,CV00742,M3,A045,DIM-HH,居民群体,不适用,,A_S14,本指标定义不直接接受该维度拆分,不得借用同名但不同范围指标填补,适用性判断
覆盖检查,CV00743,M4,A045,DIM-HH,居民群体,不适用,,A_S14,本指标定义不直接接受该维度拆分,不得借用同名但不同范围指标填补,适用性判断
覆盖检查,CV00744,F1,A045,DIM-HH,居民群体,不适用,,A_S14,本指标定义不直接接受该维度拆分,不得借用同名但不同范围指标填补,适用性判断
覆盖检查,CV00745,F3,A045,DIM-HH,居民群体,不适用,,A_S14,本指标定义不直接接受该维度拆分,不得借用同名但不同范围指标填补,适用性判断
覆盖检查,CV00746,M3,A045,DIM-SEC,机构部门,已覆盖,住户短期；住户中长期；企事业短期；企事业中长期；票据融资；非银机构,A_S14,二贷款分类净增加额。,,已读原表/定义；仅所列范围
覆盖检查,CV00747,M4,A045,DIM-SEC,机构部门,已覆盖,住户短期；住户中长期；企事业短期；企事业中长期；票据融资；非银机构,A_S14,二贷款分类净增加额。,,已读原表/定义；仅所列范围
覆盖检查,CV00748,F1,A045,DIM-SEC,机构部门,已覆盖,住户短期；住户中长期；企事业短期；企事业中长期；票据融资；非银机构,A_S14,二贷款分类净增加额。,,已读原表/定义；仅所列范围
覆盖检查,CV00749,F3,A045,DIM-SEC,机构部门,已覆盖,住户短期；住户中长期；企事业短期；企事业中长期；票据融资；非银机构,A_S14,二贷款分类净增加额。,,已读原表/定义；仅所列范围
覆盖检查,CV00750,M2,A046,DIM-NAT,全国,已覆盖,纳入央行统计金融机构及存款持有人,A_S17,本源正文或表格明确全国统计结果。,,已读原表/定义；仅所列范围
覆盖检查,CV00751,M4,A046,DIM-NAT,全国,已覆盖,纳入央行统计金融机构及存款持有人,A_S17,本源正文或表格明确全国统计结果。,,已读原表/定义；仅所列范围
覆盖检查,CV00752,M2,A046,DIM-PROV,省级,部分覆盖,北京,A_S18,五金融业人民币各项存款,仅2023年北京原文样本；未验证其余30省和逐月序列。,已读原表/定义；仅所列范围
覆盖检查,CV00753,M4,A046,DIM-PROV,省级,部分覆盖,北京,A_S18,五金融业人民币各项存款,仅2023年北京原文样本；未验证其余30省和逐月序列。,已读原表/定义；仅所列范围
覆盖检查,CV00754,M2,A046,DIM-PREF,地级,无稳定公开数据,,A_S17,已读来源未提供该维度的稳定全覆盖表；本轮未建立额外逐单元来源,这是本轮证据缺口，不断言其他官方资料不存在；后续需逐表核验,原来源已查；扩展来源待核验
覆盖检查,CV00755,M4,A046,DIM-PREF,地级,无稳定公开数据,,A_S17,已读来源未提供该维度的稳定全覆盖表；本轮未建立额外逐单元来源,这是本轮证据缺口，不断言其他官方资料不存在；后续需逐表核验,原来源已查；扩展来源待核验
覆盖检查,CV00756,M2,A046,DIM-IND,行业,无稳定公开数据,,A_S17,已读来源未提供该维度的稳定全覆盖表；本轮未建立额外逐单元来源,这是本轮证据缺口，不断言其他官方资料不存在；后续需逐表核验,原来源已查；扩展来源待核验
覆盖检查,CV00757,M4,A046,DIM-IND,行业,无稳定公开数据,,A_S17,已读来源未提供该维度的稳定全覆盖表；本轮未建立额外逐单元来源,这是本轮证据缺口，不断言其他官方资料不存在；后续需逐表核验,原来源已查；扩展来源待核验
覆盖检查,CV00758,M2,A046,DIM-FIRM,企业类型,无稳定公开数据,,A_S17,已读来源未提供该维度的稳定全覆盖表；本轮未建立额外逐单元来源,这是本轮证据缺口，不断言其他官方资料不存在；后续需逐表核验,原来源已查；扩展来源待核验
覆盖检查,CV00759,M4,A046,DIM-FIRM,企业类型,无稳定公开数据,,A_S17,已读来源未提供该维度的稳定全覆盖表；本轮未建立额外逐单元来源,这是本轮证据缺口，不断言其他官方资料不存在；后续需逐表核验,原来源已查；扩展来源待核验
覆盖检查,CV00760,M2,A046,DIM-HH,居民群体,不适用,,A_S17,本指标定义不直接接受该维度拆分,不得借用同名但不同范围指标填补,适用性判断
覆盖检查,CV00761,M4,A046,DIM-HH,居民群体,不适用,,A_S17,本指标定义不直接接受该维度拆分,不得借用同名但不同范围指标填补,适用性判断
覆盖检查,CV00762,M2,A046,DIM-SEC,机构部门,已覆盖,住户；非金融企业；机关团体；财政；非银行业金融机构；境外,A_S17,表2完整列示。,,已读原表/定义；仅所列范围
覆盖检查,CV00763,M4,A046,DIM-SEC,机构部门,已覆盖,住户；非金融企业；机关团体；财政；非银行业金融机构；境外,A_S17,表2完整列示。,,已读原表/定义；仅所列范围
覆盖检查,CV00764,M2,A047,DIM-NAT,全国,已覆盖,纳入央行统计金融机构及存款持有人,A_S14,本源正文或表格明确全国统计结果。,,已读原表/定义；仅所列范围
覆盖检查,CV00765,M4,A047,DIM-NAT,全国,已覆盖,纳入央行统计金融机构及存款持有人,A_S14,本源正文或表格明确全国统计结果。,,已读原表/定义；仅所列范围
覆盖检查,CV00766,M2,A047,DIM-PROV,省级,无稳定公开数据,,A_S14,已读来源未提供该维度的稳定全覆盖表；本轮未建立额外逐单元来源,这是本轮证据缺口，不断言其他官方资料不存在；后续需逐表核验,原来源已查；扩展来源待核验
覆盖检查,CV00767,M4,A047,DIM-PROV,省级,无稳定公开数据,,A_S14,已读来源未提供该维度的稳定全覆盖表；本轮未建立额外逐单元来源,这是本轮证据缺口，不断言其他官方资料不存在；后续需逐表核验,原来源已查；扩展来源待核验
覆盖检查,CV00768,M2,A047,DIM-PREF,地级,无稳定公开数据,,A_S14,已读来源未提供该维度的稳定全覆盖表；本轮未建立额外逐单元来源,这是本轮证据缺口，不断言其他官方资料不存在；后续需逐表核验,原来源已查；扩展来源待核验
覆盖检查,CV00769,M4,A047,DIM-PREF,地级,无稳定公开数据,,A_S14,已读来源未提供该维度的稳定全覆盖表；本轮未建立额外逐单元来源,这是本轮证据缺口，不断言其他官方资料不存在；后续需逐表核验,原来源已查；扩展来源待核验
覆盖检查,CV00770,M2,A047,DIM-IND,行业,无稳定公开数据,,A_S14,已读来源未提供该维度的稳定全覆盖表；本轮未建立额外逐单元来源,这是本轮证据缺口，不断言其他官方资料不存在；后续需逐表核验,原来源已查；扩展来源待核验
覆盖检查,CV00771,M4,A047,DIM-IND,行业,无稳定公开数据,,A_S14,已读来源未提供该维度的稳定全覆盖表；本轮未建立额外逐单元来源,这是本轮证据缺口，不断言其他官方资料不存在；后续需逐表核验,原来源已查；扩展来源待核验
覆盖检查,CV00772,M2,A047,DIM-FIRM,企业类型,无稳定公开数据,,A_S14,已读来源未提供该维度的稳定全覆盖表；本轮未建立额外逐单元来源,这是本轮证据缺口，不断言其他官方资料不存在；后续需逐表核验,原来源已查；扩展来源待核验
覆盖检查,CV00773,M4,A047,DIM-FIRM,企业类型,无稳定公开数据,,A_S14,已读来源未提供该维度的稳定全覆盖表；本轮未建立额外逐单元来源,这是本轮证据缺口，不断言其他官方资料不存在；后续需逐表核验,原来源已查；扩展来源待核验
覆盖检查,CV00774,M2,A047,DIM-HH,居民群体,不适用,,A_S14,本指标定义不直接接受该维度拆分,不得借用同名但不同范围指标填补,适用性判断
覆盖检查,CV00775,M4,A047,DIM-HH,居民群体,不适用,,A_S14,本指标定义不直接接受该维度拆分,不得借用同名但不同范围指标填补,适用性判断
覆盖检查,CV00776,M2,A047,DIM-SEC,机构部门,已覆盖,住户；非金融企业；机关团体；财政；非银行业金融机构；境外,A_S17,表2完整列示。,,已读原表/定义；仅所列范围
覆盖检查,CV00777,M4,A047,DIM-SEC,机构部门,已覆盖,住户；非金融企业；机关团体；财政；非银行业金融机构；境外,A_S17,表2完整列示。,,已读原表/定义；仅所列范围
覆盖检查,CV00778,M3,A048,DIM-NAT,全国,已覆盖,社融定义的实体经济和融资工具,A_S16,本源正文或表格明确全国统计结果。,,已读原表/定义；仅所列范围
覆盖检查,CV00779,M4,A048,DIM-NAT,全国,已覆盖,社融定义的实体经济和融资工具,A_S16,本源正文或表格明确全国统计结果。,,已读原表/定义；仅所列范围
覆盖检查,CV00780,F1,A048,DIM-NAT,全国,已覆盖,社融定义的实体经济和融资工具,A_S16,本源正文或表格明确全国统计结果。,,已读原表/定义；仅所列范围
覆盖检查,CV00781,M3,A048,DIM-PROV,省级,无稳定公开数据,,A_S16,已读来源未提供该维度的稳定全覆盖表；本轮未建立额外逐单元来源,这是本轮证据缺口，不断言其他官方资料不存在；后续需逐表核验,原来源已查；扩展来源待核验
覆盖检查,CV00782,M4,A048,DIM-PROV,省级,无稳定公开数据,,A_S16,已读来源未提供该维度的稳定全覆盖表；本轮未建立额外逐单元来源,这是本轮证据缺口，不断言其他官方资料不存在；后续需逐表核验,原来源已查；扩展来源待核验
覆盖检查,CV00783,F1,A048,DIM-PROV,省级,无稳定公开数据,,A_S16,已读来源未提供该维度的稳定全覆盖表；本轮未建立额外逐单元来源,这是本轮证据缺口，不断言其他官方资料不存在；后续需逐表核验,原来源已查；扩展来源待核验
覆盖检查,CV00784,M3,A048,DIM-PREF,地级,无稳定公开数据,,A_S16,已读来源未提供该维度的稳定全覆盖表；本轮未建立额外逐单元来源,这是本轮证据缺口，不断言其他官方资料不存在；后续需逐表核验,原来源已查；扩展来源待核验
覆盖检查,CV00785,M4,A048,DIM-PREF,地级,无稳定公开数据,,A_S16,已读来源未提供该维度的稳定全覆盖表；本轮未建立额外逐单元来源,这是本轮证据缺口，不断言其他官方资料不存在；后续需逐表核验,原来源已查；扩展来源待核验
覆盖检查,CV00786,F1,A048,DIM-PREF,地级,无稳定公开数据,,A_S16,已读来源未提供该维度的稳定全覆盖表；本轮未建立额外逐单元来源,这是本轮证据缺口，不断言其他官方资料不存在；后续需逐表核验,原来源已查；扩展来源待核验
覆盖检查,CV00787,M3,A048,DIM-IND,行业,无稳定公开数据,,A_S16,已读来源未提供该维度的稳定全覆盖表；本轮未建立额外逐单元来源,这是本轮证据缺口，不断言其他官方资料不存在；后续需逐表核验,原来源已查；扩展来源待核验
覆盖检查,CV00788,M4,A048,DIM-IND,行业,无稳定公开数据,,A_S16,已读来源未提供该维度的稳定全覆盖表；本轮未建立额外逐单元来源,这是本轮证据缺口，不断言其他官方资料不存在；后续需逐表核验,原来源已查；扩展来源待核验
覆盖检查,CV00789,F1,A048,DIM-IND,行业,无稳定公开数据,,A_S16,已读来源未提供该维度的稳定全覆盖表；本轮未建立额外逐单元来源,这是本轮证据缺口，不断言其他官方资料不存在；后续需逐表核验,原来源已查；扩展来源待核验
覆盖检查,CV00790,M3,A048,DIM-FIRM,企业类型,无稳定公开数据,,A_S16,已读来源未提供该维度的稳定全覆盖表；本轮未建立额外逐单元来源,这是本轮证据缺口，不断言其他官方资料不存在；后续需逐表核验,原来源已查；扩展来源待核验
覆盖检查,CV00791,M4,A048,DIM-FIRM,企业类型,无稳定公开数据,,A_S16,已读来源未提供该维度的稳定全覆盖表；本轮未建立额外逐单元来源,这是本轮证据缺口，不断言其他官方资料不存在；后续需逐表核验,原来源已查；扩展来源待核验
覆盖检查,CV00792,F1,A048,DIM-FIRM,企业类型,无稳定公开数据,,A_S16,已读来源未提供该维度的稳定全覆盖表；本轮未建立额外逐单元来源,这是本轮证据缺口，不断言其他官方资料不存在；后续需逐表核验,原来源已查；扩展来源待核验
覆盖检查,CV00793,M3,A048,DIM-HH,居民群体,不适用,,A_S16,本指标定义不直接接受该维度拆分,不得借用同名但不同范围指标填补,适用性判断
覆盖检查,CV00794,M4,A048,DIM-HH,居民群体,不适用,,A_S16,本指标定义不直接接受该维度拆分,不得借用同名但不同范围指标填补,适用性判断
覆盖检查,CV00795,F1,A048,DIM-HH,居民群体,不适用,,A_S16,本指标定义不直接接受该维度拆分,不得借用同名但不同范围指标填补,适用性判断
覆盖检查,CV00796,M3,A048,DIM-SEC,机构部门,部分覆盖,实体经济合计；政府债券融资；非金融企业境内股票融资,A_S15；A_S16；A_S17,融资工具分项能部分识别主体,没有完整企业/住户/政府×全部融资工具矩阵。,已读原表/定义；仅所列范围
覆盖检查,CV00797,M4,A048,DIM-SEC,机构部门,部分覆盖,实体经济合计；政府债券融资；非金融企业境内股票融资,A_S15；A_S16；A_S17,融资工具分项能部分识别主体,没有完整企业/住户/政府×全部融资工具矩阵。,已读原表/定义；仅所列范围
覆盖检查,CV00798,F1,A048,DIM-SEC,机构部门,部分覆盖,实体经济合计；政府债券融资；非金融企业境内股票融资,A_S15；A_S16；A_S17,融资工具分项能部分识别主体,没有完整企业/住户/政府×全部融资工具矩阵。,已读原表/定义；仅所列范围
覆盖检查,CV00799,M3,A049,DIM-NAT,全国,已覆盖,社融定义的实体经济和融资工具,A_S15,本源正文或表格明确全国统计结果。,,已读原表/定义；仅所列范围
覆盖检查,CV00800,M4,A049,DIM-NAT,全国,已覆盖,社融定义的实体经济和融资工具,A_S15,本源正文或表格明确全国统计结果。,,已读原表/定义；仅所列范围
覆盖检查,CV00801,F1,A049,DIM-NAT,全国,已覆盖,社融定义的实体经济和融资工具,A_S15,本源正文或表格明确全国统计结果。,,已读原表/定义；仅所列范围
覆盖检查,CV00802,M3,A049,DIM-PROV,省级,无稳定公开数据,,A_S15,已读来源未提供该维度的稳定全覆盖表；本轮未建立额外逐单元来源,这是本轮证据缺口，不断言其他官方资料不存在；后续需逐表核验,原来源已查；扩展来源待核验
覆盖检查,CV00803,M4,A049,DIM-PROV,省级,无稳定公开数据,,A_S15,已读来源未提供该维度的稳定全覆盖表；本轮未建立额外逐单元来源,这是本轮证据缺口，不断言其他官方资料不存在；后续需逐表核验,原来源已查；扩展来源待核验
覆盖检查,CV00804,F1,A049,DIM-PROV,省级,无稳定公开数据,,A_S15,已读来源未提供该维度的稳定全覆盖表；本轮未建立额外逐单元来源,这是本轮证据缺口，不断言其他官方资料不存在；后续需逐表核验,原来源已查；扩展来源待核验
覆盖检查,CV00805,M3,A049,DIM-PREF,地级,无稳定公开数据,,A_S15,已读来源未提供该维度的稳定全覆盖表；本轮未建立额外逐单元来源,这是本轮证据缺口，不断言其他官方资料不存在；后续需逐表核验,原来源已查；扩展来源待核验
覆盖检查,CV00806,M4,A049,DIM-PREF,地级,无稳定公开数据,,A_S15,已读来源未提供该维度的稳定全覆盖表；本轮未建立额外逐单元来源,这是本轮证据缺口，不断言其他官方资料不存在；后续需逐表核验,原来源已查；扩展来源待核验
覆盖检查,CV00807,F1,A049,DIM-PREF,地级,无稳定公开数据,,A_S15,已读来源未提供该维度的稳定全覆盖表；本轮未建立额外逐单元来源,这是本轮证据缺口，不断言其他官方资料不存在；后续需逐表核验,原来源已查；扩展来源待核验
覆盖检查,CV00808,M3,A049,DIM-IND,行业,无稳定公开数据,,A_S15,已读来源未提供该维度的稳定全覆盖表；本轮未建立额外逐单元来源,这是本轮证据缺口，不断言其他官方资料不存在；后续需逐表核验,原来源已查；扩展来源待核验
覆盖检查,CV00809,M4,A049,DIM-IND,行业,无稳定公开数据,,A_S15,已读来源未提供该维度的稳定全覆盖表；本轮未建立额外逐单元来源,这是本轮证据缺口，不断言其他官方资料不存在；后续需逐表核验,原来源已查；扩展来源待核验
覆盖检查,CV00810,F1,A049,DIM-IND,行业,无稳定公开数据,,A_S15,已读来源未提供该维度的稳定全覆盖表；本轮未建立额外逐单元来源,这是本轮证据缺口，不断言其他官方资料不存在；后续需逐表核验,原来源已查；扩展来源待核验
覆盖检查,CV00811,M3,A049,DIM-FIRM,企业类型,无稳定公开数据,,A_S15,已读来源未提供该维度的稳定全覆盖表；本轮未建立额外逐单元来源,这是本轮证据缺口，不断言其他官方资料不存在；后续需逐表核验,原来源已查；扩展来源待核验
覆盖检查,CV00812,M4,A049,DIM-FIRM,企业类型,无稳定公开数据,,A_S15,已读来源未提供该维度的稳定全覆盖表；本轮未建立额外逐单元来源,这是本轮证据缺口，不断言其他官方资料不存在；后续需逐表核验,原来源已查；扩展来源待核验
覆盖检查,CV00813,F1,A049,DIM-FIRM,企业类型,无稳定公开数据,,A_S15,已读来源未提供该维度的稳定全覆盖表；本轮未建立额外逐单元来源,这是本轮证据缺口，不断言其他官方资料不存在；后续需逐表核验,原来源已查；扩展来源待核验
覆盖检查,CV00814,M3,A049,DIM-HH,居民群体,不适用,,A_S15,本指标定义不直接接受该维度拆分,不得借用同名但不同范围指标填补,适用性判断
覆盖检查,CV00815,M4,A049,DIM-HH,居民群体,不适用,,A_S15,本指标定义不直接接受该维度拆分,不得借用同名但不同范围指标填补,适用性判断
覆盖检查,CV00816,F1,A049,DIM-HH,居民群体,不适用,,A_S15,本指标定义不直接接受该维度拆分,不得借用同名但不同范围指标填补,适用性判断
覆盖检查,CV00817,M3,A049,DIM-SEC,机构部门,部分覆盖,实体经济合计；政府债券融资；非金融企业境内股票融资,A_S15；A_S16；A_S17,融资工具分项能部分识别主体,没有完整企业/住户/政府×全部融资工具矩阵。,已读原表/定义；仅所列范围
覆盖检查,CV00818,M4,A049,DIM-SEC,机构部门,部分覆盖,实体经济合计；政府债券融资；非金融企业境内股票融资,A_S15；A_S16；A_S17,融资工具分项能部分识别主体,没有完整企业/住户/政府×全部融资工具矩阵。,已读原表/定义；仅所列范围
覆盖检查,CV00819,F1,A049,DIM-SEC,机构部门,部分覆盖,实体经济合计；政府债券融资；非金融企业境内股票融资,A_S15；A_S16；A_S17,融资工具分项能部分识别主体,没有完整企业/住户/政府×全部融资工具矩阵。,已读原表/定义；仅所列范围
覆盖检查,CV00820,M3,A050,DIM-NAT,全国,已覆盖,LPR报价机制,A_S17,本源正文或表格明确全国统计结果。,,已读原表/定义；仅所列范围
覆盖检查,CV00821,M3,A050,DIM-PROV,省级,不适用,,A_S17,本指标定义不直接接受该维度拆分,不得借用同名但不同范围指标填补,适用性判断
覆盖检查,CV00822,M3,A050,DIM-PREF,地级,不适用,,A_S17,本指标定义不直接接受该维度拆分,不得借用同名但不同范围指标填补,适用性判断
覆盖检查,CV00823,M3,A050,DIM-IND,行业,无稳定公开数据,,A_S17,已读来源未提供该维度的稳定全覆盖表；本轮未建立额外逐单元来源,这是本轮证据缺口，不断言其他官方资料不存在；后续需逐表核验,原来源已查；扩展来源待核验
覆盖检查,CV00824,M3,A050,DIM-FIRM,企业类型,无稳定公开数据,,A_S17,已读来源未提供该维度的稳定全覆盖表；本轮未建立额外逐单元来源,这是本轮证据缺口，不断言其他官方资料不存在；后续需逐表核验,原来源已查；扩展来源待核验
覆盖检查,CV00825,M3,A050,DIM-HH,居民群体,不适用,,A_S17,本指标定义不直接接受该维度拆分,不得借用同名但不同范围指标填补,适用性判断
覆盖检查,CV00826,M3,A050,DIM-SEC,机构部门,已覆盖,1年期LPR；5年期以上LPR,A_S17,页3列两期限。,,已读原表/定义；仅所列范围
覆盖检查,CV00827,M3,A051,DIM-NAT,全国,已覆盖,纳入央行利率统计的新发放贷款,A_S17,本源正文或表格明确全国统计结果。,,已读原表/定义；仅所列范围
覆盖检查,CV00828,M3,A051,DIM-PROV,省级,无稳定公开数据,,A_S17,已读来源未提供该维度的稳定全覆盖表；本轮未建立额外逐单元来源,这是本轮证据缺口，不断言其他官方资料不存在；后续需逐表核验,原来源已查；扩展来源待核验
覆盖检查,CV00829,M3,A051,DIM-PREF,地级,无稳定公开数据,,A_S17,已读来源未提供该维度的稳定全覆盖表；本轮未建立额外逐单元来源,这是本轮证据缺口，不断言其他官方资料不存在；后续需逐表核验,原来源已查；扩展来源待核验
覆盖检查,CV00830,M3,A051,DIM-IND,行业,无稳定公开数据,,A_S17,已读来源未提供该维度的稳定全覆盖表；本轮未建立额外逐单元来源,这是本轮证据缺口，不断言其他官方资料不存在；后续需逐表核验,原来源已查；扩展来源待核验
覆盖检查,CV00831,M3,A051,DIM-FIRM,企业类型,无稳定公开数据,,A_S17,已读来源未提供该维度的稳定全覆盖表；本轮未建立额外逐单元来源,这是本轮证据缺口，不断言其他官方资料不存在；后续需逐表核验,原来源已查；扩展来源待核验
覆盖检查,CV00832,M3,A051,DIM-HH,居民群体,不适用,,A_S17,本指标定义不直接接受该维度拆分,不得借用同名但不同范围指标填补,适用性判断
覆盖检查,CV00833,M3,A051,DIM-SEC,机构部门,已覆盖,一般贷款；其中企业贷款；票据融资；个人住房贷款,A_S17,表3，企业为一般贷款子项。,,已读原表/定义；仅所列范围
覆盖检查,CV00834,M3,A052,DIM-NAT,全国,已覆盖,银行间人民币货币市场,A_S14,本源正文或表格明确全国统计结果。,,已读原表/定义；仅所列范围
覆盖检查,CV00835,M3,A052,DIM-PROV,省级,无稳定公开数据,,A_S14,已读来源未提供该维度的稳定全覆盖表；本轮未建立额外逐单元来源,这是本轮证据缺口，不断言其他官方资料不存在；后续需逐表核验,原来源已查；扩展来源待核验
覆盖检查,CV00836,M3,A052,DIM-PREF,地级,无稳定公开数据,,A_S14,已读来源未提供该维度的稳定全覆盖表；本轮未建立额外逐单元来源,这是本轮证据缺口，不断言其他官方资料不存在；后续需逐表核验,原来源已查；扩展来源待核验
覆盖检查,CV00837,M3,A052,DIM-IND,行业,无稳定公开数据,,A_S14,已读来源未提供该维度的稳定全覆盖表；本轮未建立额外逐单元来源,这是本轮证据缺口，不断言其他官方资料不存在；后续需逐表核验,原来源已查；扩展来源待核验
覆盖检查,CV00838,M3,A052,DIM-FIRM,企业类型,无稳定公开数据,,A_S14,已读来源未提供该维度的稳定全覆盖表；本轮未建立额外逐单元来源,这是本轮证据缺口，不断言其他官方资料不存在；后续需逐表核验,原来源已查；扩展来源待核验
覆盖检查,CV00839,M3,A052,DIM-HH,居民群体,不适用,,A_S14,本指标定义不直接接受该维度拆分,不得借用同名但不同范围指标填补,适用性判断
覆盖检查,CV00840,M3,A052,DIM-SEC,机构部门,已覆盖,银行间拆借；质押式债券回购,A_S14,四分别报告。,,已读原表/定义；仅所列范围
覆盖检查,CV00841,M3,A053,DIM-NAT,全国,已覆盖,央行公开市场操作,A_S21,本源正文或表格明确全国统计结果。,,已读原表/定义；仅所列范围
覆盖检查,CV00842,M3,A053,DIM-PROV,省级,不适用,,A_S21,本指标定义不直接接受该维度拆分,不得借用同名但不同范围指标填补,适用性判断
覆盖检查,CV00843,M3,A053,DIM-PREF,地级,不适用,,A_S21,本指标定义不直接接受该维度拆分,不得借用同名但不同范围指标填补,适用性判断
覆盖检查,CV00844,M3,A053,DIM-IND,行业,无稳定公开数据,,A_S21,已读来源未提供该维度的稳定全覆盖表；本轮未建立额外逐单元来源,这是本轮证据缺口，不断言其他官方资料不存在；后续需逐表核验,原来源已查；扩展来源待核验
覆盖检查,CV00845,M3,A053,DIM-FIRM,企业类型,无稳定公开数据,,A_S21,已读来源未提供该维度的稳定全覆盖表；本轮未建立额外逐单元来源,这是本轮证据缺口，不断言其他官方资料不存在；后续需逐表核验,原来源已查；扩展来源待核验
覆盖检查,CV00846,M3,A053,DIM-HH,居民群体,不适用,,A_S21,本指标定义不直接接受该维度拆分,不得借用同名但不同范围指标填补,适用性判断
覆盖检查,CV00847,M3,A053,DIM-SEC,机构部门,无稳定公开数据,,A_S21,已读来源未提供该维度的稳定全覆盖表；本轮未建立额外逐单元来源,这是本轮证据缺口，不断言其他官方资料不存在；后续需逐表核验,原来源已查；扩展来源待核验
覆盖检查,CV00848,M1,A055,DIM-NAT,全国,已覆盖,全国货币和GDP口径,A_S17,本源正文或表格明确全国统计结果。,,已读原表/定义；仅所列范围
覆盖检查,CV00849,M1,A055,DIM-PROV,省级,不适用,,A_S17,本指标定义不直接接受该维度拆分,不得借用同名但不同范围指标填补,适用性判断
覆盖检查,CV00850,M1,A055,DIM-PREF,地级,不适用,,A_S17,本指标定义不直接接受该维度拆分,不得借用同名但不同范围指标填补,适用性判断
覆盖检查,CV00851,M1,A055,DIM-IND,行业,无稳定公开数据,,A_S17,已读来源未提供该维度的稳定全覆盖表；本轮未建立额外逐单元来源,这是本轮证据缺口，不断言其他官方资料不存在；后续需逐表核验,原来源已查；扩展来源待核验
覆盖检查,CV00852,M1,A055,DIM-FIRM,企业类型,无稳定公开数据,,A_S17,已读来源未提供该维度的稳定全覆盖表；本轮未建立额外逐单元来源,这是本轮证据缺口，不断言其他官方资料不存在；后续需逐表核验,原来源已查；扩展来源待核验
覆盖检查,CV00853,M1,A055,DIM-HH,居民群体,不适用,,A_S17,本指标定义不直接接受该维度拆分,不得借用同名但不同范围指标填补,适用性判断
覆盖检查,CV00854,M1,A055,DIM-SEC,机构部门,无稳定公开数据,,A_S17,已读来源未提供该维度的稳定全覆盖表；本轮未建立额外逐单元来源,这是本轮证据缺口，不断言其他官方资料不存在；后续需逐表核验,原来源已查；扩展来源待核验
覆盖检查,CV00855,K2,A056,DIM-NAT,全国,已覆盖,同一住户调查总体,A_S04,本源正文或表格明确全国统计结果。,,已读原表/定义；仅所列范围
覆盖检查,CV00856,D3,A056,DIM-NAT,全国,已覆盖,同一住户调查总体,A_S04,本源正文或表格明确全国统计结果。,,已读原表/定义；仅所列范围
覆盖检查,CV00857,K2,A056,DIM-PROV,省级,部分覆盖,北京,A_S18,十人民生活：城乡居民收入及支出,仅2023年北京原文样本；未验证其余30省和逐月序列。,已读原表/定义；仅所列范围
覆盖检查,CV00858,D3,A056,DIM-PROV,省级,部分覆盖,北京,A_S18,十人民生活：城乡居民收入及支出,仅2023年北京原文样本；未验证其余30省和逐月序列。,已读原表/定义；仅所列范围
覆盖检查,CV00859,K2,A056,DIM-PREF,地级,无稳定公开数据,,A_S04,已读来源未提供该维度的稳定全覆盖表；本轮未建立额外逐单元来源,这是本轮证据缺口，不断言其他官方资料不存在；后续需逐表核验,原来源已查；扩展来源待核验
覆盖检查,CV00860,D3,A056,DIM-PREF,地级,无稳定公开数据,,A_S04,已读来源未提供该维度的稳定全覆盖表；本轮未建立额外逐单元来源,这是本轮证据缺口，不断言其他官方资料不存在；后续需逐表核验,原来源已查；扩展来源待核验
覆盖检查,CV00861,K2,A056,DIM-IND,行业,无稳定公开数据,,A_S04,已读来源未提供该维度的稳定全覆盖表；本轮未建立额外逐单元来源,这是本轮证据缺口，不断言其他官方资料不存在；后续需逐表核验,原来源已查；扩展来源待核验
覆盖检查,CV00862,D3,A056,DIM-IND,行业,无稳定公开数据,,A_S04,已读来源未提供该维度的稳定全覆盖表；本轮未建立额外逐单元来源,这是本轮证据缺口，不断言其他官方资料不存在；后续需逐表核验,原来源已查；扩展来源待核验
覆盖检查,CV00863,K2,A056,DIM-FIRM,企业类型,无稳定公开数据,,A_S04,已读来源未提供该维度的稳定全覆盖表；本轮未建立额外逐单元来源,这是本轮证据缺口，不断言其他官方资料不存在；后续需逐表核验,原来源已查；扩展来源待核验
覆盖检查,CV00864,D3,A056,DIM-FIRM,企业类型,无稳定公开数据,,A_S04,已读来源未提供该维度的稳定全覆盖表；本轮未建立额外逐单元来源,这是本轮证据缺口，不断言其他官方资料不存在；后续需逐表核验,原来源已查；扩展来源待核验
覆盖检查,CV00865,K2,A056,DIM-HH,居民群体,已覆盖,全国居民；城镇居民；农村居民,A_S04,表1按常住地分城乡。,,已读原表/定义；仅所列范围
覆盖检查,CV00866,D3,A056,DIM-HH,居民群体,已覆盖,全国居民；城镇居民；农村居民,A_S04,表1按常住地分城乡。,,已读原表/定义；仅所列范围
覆盖检查,CV00867,K2,A056,DIM-SEC,机构部门,无稳定公开数据,,A_S04,已读来源未提供该维度的稳定全覆盖表；本轮未建立额外逐单元来源,这是本轮证据缺口，不断言其他官方资料不存在；后续需逐表核验,原来源已查；扩展来源待核验
覆盖检查,CV00868,D3,A056,DIM-SEC,机构部门,无稳定公开数据,,A_S04,已读来源未提供该维度的稳定全覆盖表；本轮未建立额外逐单元来源,这是本轮证据缺口，不断言其他官方资料不存在；后续需逐表核验,原来源已查；扩展来源待核验
覆盖检查,CV00869,K2,A057,DIM-NAT,全国,已覆盖,扩围后的网络服务平台统计范围,A_S20,本源正文或表格明确全国统计结果。,,已读原表/定义；仅所列范围
覆盖检查,CV00870,K2,A057,DIM-PROV,省级,无稳定公开数据,,A_S20,已读来源未提供该维度的稳定全覆盖表；本轮未建立额外逐单元来源,这是本轮证据缺口，不断言其他官方资料不存在；后续需逐表核验,原来源已查；扩展来源待核验
覆盖检查,CV00871,K2,A057,DIM-PREF,地级,无稳定公开数据,,A_S20,已读来源未提供该维度的稳定全覆盖表；本轮未建立额外逐单元来源,这是本轮证据缺口，不断言其他官方资料不存在；后续需逐表核验,原来源已查；扩展来源待核验
覆盖检查,CV00872,K2,A057,DIM-IND,行业,无稳定公开数据,,A_S20,已读来源未提供该维度的稳定全覆盖表；本轮未建立额外逐单元来源,这是本轮证据缺口，不断言其他官方资料不存在；后续需逐表核验,原来源已查；扩展来源待核验
覆盖检查,CV00873,K2,A057,DIM-FIRM,企业类型,无稳定公开数据,,A_S20,已读来源未提供该维度的稳定全覆盖表；本轮未建立额外逐单元来源,这是本轮证据缺口，不断言其他官方资料不存在；后续需逐表核验,原来源已查；扩展来源待核验
覆盖检查,CV00874,K2,A057,DIM-HH,居民群体,无稳定公开数据,,A_S20,已读来源未提供该维度的稳定全覆盖表；本轮未建立额外逐单元来源,这是本轮证据缺口，不断言其他官方资料不存在；后续需逐表核验,原来源已查；扩展来源待核验
覆盖检查,CV00875,K2,A057,DIM-SEC,机构部门,无稳定公开数据,,A_S20,已读来源未提供该维度的稳定全覆盖表；本轮未建立额外逐单元来源,这是本轮证据缺口，不断言其他官方资料不存在；后续需逐表核验,原来源已查；扩展来源待核验
覆盖检查,CV00876,K2,A058,DIM-NAT,全国,已覆盖,2026完善后的网络零售平台范围,A_S20,本源正文或表格明确全国统计结果。,,已读原表/定义；仅所列范围
覆盖检查,CV00877,K2,A058,DIM-PROV,省级,无稳定公开数据,,A_S20,已读来源未提供该维度的稳定全覆盖表；本轮未建立额外逐单元来源,这是本轮证据缺口，不断言其他官方资料不存在；后续需逐表核验,原来源已查；扩展来源待核验
覆盖检查,CV00878,K2,A058,DIM-PREF,地级,无稳定公开数据,,A_S20,已读来源未提供该维度的稳定全覆盖表；本轮未建立额外逐单元来源,这是本轮证据缺口，不断言其他官方资料不存在；后续需逐表核验,原来源已查；扩展来源待核验
覆盖检查,CV00879,K2,A058,DIM-IND,行业,无稳定公开数据,,A_S20,已读来源未提供该维度的稳定全覆盖表；本轮未建立额外逐单元来源,这是本轮证据缺口，不断言其他官方资料不存在；后续需逐表核验,原来源已查；扩展来源待核验
覆盖检查,CV00880,K2,A058,DIM-FIRM,企业类型,无稳定公开数据,,A_S20,已读来源未提供该维度的稳定全覆盖表；本轮未建立额外逐单元来源,这是本轮证据缺口，不断言其他官方资料不存在；后续需逐表核验,原来源已查；扩展来源待核验
覆盖检查,CV00881,K2,A058,DIM-HH,居民群体,无稳定公开数据,,A_S20,已读来源未提供该维度的稳定全覆盖表；本轮未建立额外逐单元来源,这是本轮证据缺口，不断言其他官方资料不存在；后续需逐表核验,原来源已查；扩展来源待核验
覆盖检查,CV00882,K2,A058,DIM-SEC,机构部门,无稳定公开数据,,A_S20,已读来源未提供该维度的稳定全覆盖表；本轮未建立额外逐单元来源,这是本轮证据缺口，不断言其他官方资料不存在；后续需逐表核验,原来源已查；扩展来源待核验
覆盖检查,CV00883,K1,A059,DIM-NAT,全国,已覆盖,全国城乡居民消费篮子,A_S25,本源正文或表格明确全国统计结果。,,已读原表/定义；仅所列范围
覆盖检查,CV00884,K3,A059,DIM-NAT,全国,已覆盖,全国城乡居民消费篮子,A_S25,本源正文或表格明确全国统计结果。,,已读原表/定义；仅所列范围
覆盖检查,CV00885,M1,A059,DIM-NAT,全国,已覆盖,全国城乡居民消费篮子,A_S25,本源正文或表格明确全国统计结果。,,已读原表/定义；仅所列范围
覆盖检查,CV00886,S4,A059,DIM-NAT,全国,已覆盖,全国城乡居民消费篮子,A_S25,本源正文或表格明确全国统计结果。,,已读原表/定义；仅所列范围
覆盖检查,CV00887,K1,A059,DIM-PROV,省级,无稳定公开数据,,A_S25,已读来源未提供该维度的稳定全覆盖表；本轮未建立额外逐单元来源,这是本轮证据缺口，不断言其他官方资料不存在；后续需逐表核验,原来源已查；扩展来源待核验
覆盖检查,CV00888,K3,A059,DIM-PROV,省级,无稳定公开数据,,A_S25,已读来源未提供该维度的稳定全覆盖表；本轮未建立额外逐单元来源,这是本轮证据缺口，不断言其他官方资料不存在；后续需逐表核验,原来源已查；扩展来源待核验
覆盖检查,CV00889,M1,A059,DIM-PROV,省级,无稳定公开数据,,A_S25,已读来源未提供该维度的稳定全覆盖表；本轮未建立额外逐单元来源,这是本轮证据缺口，不断言其他官方资料不存在；后续需逐表核验,原来源已查；扩展来源待核验
覆盖检查,CV00890,S4,A059,DIM-PROV,省级,无稳定公开数据,,A_S25,已读来源未提供该维度的稳定全覆盖表；本轮未建立额外逐单元来源,这是本轮证据缺口，不断言其他官方资料不存在；后续需逐表核验,原来源已查；扩展来源待核验
覆盖检查,CV00891,K1,A059,DIM-PREF,地级,无稳定公开数据,,A_S25,已读来源未提供该维度的稳定全覆盖表；本轮未建立额外逐单元来源,这是本轮证据缺口，不断言其他官方资料不存在；后续需逐表核验,原来源已查；扩展来源待核验
覆盖检查,CV00892,K3,A059,DIM-PREF,地级,无稳定公开数据,,A_S25,已读来源未提供该维度的稳定全覆盖表；本轮未建立额外逐单元来源,这是本轮证据缺口，不断言其他官方资料不存在；后续需逐表核验,原来源已查；扩展来源待核验
覆盖检查,CV00893,M1,A059,DIM-PREF,地级,无稳定公开数据,,A_S25,已读来源未提供该维度的稳定全覆盖表；本轮未建立额外逐单元来源,这是本轮证据缺口，不断言其他官方资料不存在；后续需逐表核验,原来源已查；扩展来源待核验
覆盖检查,CV00894,S4,A059,DIM-PREF,地级,无稳定公开数据,,A_S25,已读来源未提供该维度的稳定全覆盖表；本轮未建立额外逐单元来源,这是本轮证据缺口，不断言其他官方资料不存在；后续需逐表核验,原来源已查；扩展来源待核验
覆盖检查,CV00895,K1,A059,DIM-IND,行业,部分覆盖,食品烟酒及在外餐饮；衣着；居住；生活用品及服务；交通通信；教育文化娱乐；医疗保健；其他用品及服务,A_S25,按消费分类而非国民经济行业分类,消费篮子分类不可直接对应生产行业。,已读原表/定义；仅所列范围
覆盖检查,CV00896,K3,A059,DIM-IND,行业,部分覆盖,食品烟酒及在外餐饮；衣着；居住；生活用品及服务；交通通信；教育文化娱乐；医疗保健；其他用品及服务,A_S25,按消费分类而非国民经济行业分类,消费篮子分类不可直接对应生产行业。,已读原表/定义；仅所列范围
覆盖检查,CV00897,M1,A059,DIM-IND,行业,部分覆盖,食品烟酒及在外餐饮；衣着；居住；生活用品及服务；交通通信；教育文化娱乐；医疗保健；其他用品及服务,A_S25,按消费分类而非国民经济行业分类,消费篮子分类不可直接对应生产行业。,已读原表/定义；仅所列范围
覆盖检查,CV00898,S4,A059,DIM-IND,行业,部分覆盖,食品烟酒及在外餐饮；衣着；居住；生活用品及服务；交通通信；教育文化娱乐；医疗保健；其他用品及服务,A_S25,按消费分类而非国民经济行业分类,消费篮子分类不可直接对应生产行业。,已读原表/定义；仅所列范围
覆盖检查,CV00899,K1,A059,DIM-FIRM,企业类型,无稳定公开数据,,A_S25,已读来源未提供该维度的稳定全覆盖表；本轮未建立额外逐单元来源,这是本轮证据缺口，不断言其他官方资料不存在；后续需逐表核验,原来源已查；扩展来源待核验
覆盖检查,CV00900,K3,A059,DIM-FIRM,企业类型,无稳定公开数据,,A_S25,已读来源未提供该维度的稳定全覆盖表；本轮未建立额外逐单元来源,这是本轮证据缺口，不断言其他官方资料不存在；后续需逐表核验,原来源已查；扩展来源待核验
覆盖检查,CV00901,M1,A059,DIM-FIRM,企业类型,无稳定公开数据,,A_S25,已读来源未提供该维度的稳定全覆盖表；本轮未建立额外逐单元来源,这是本轮证据缺口，不断言其他官方资料不存在；后续需逐表核验,原来源已查；扩展来源待核验
覆盖检查,CV00902,S4,A059,DIM-FIRM,企业类型,无稳定公开数据,,A_S25,已读来源未提供该维度的稳定全覆盖表；本轮未建立额外逐单元来源,这是本轮证据缺口，不断言其他官方资料不存在；后续需逐表核验,原来源已查；扩展来源待核验
覆盖检查,CV00903,K1,A059,DIM-HH,居民群体,已覆盖,城市；农村,A_S25,主要数据表列两组CPI。,,已读原表/定义；仅所列范围
覆盖检查,CV00904,K3,A059,DIM-HH,居民群体,已覆盖,城市；农村,A_S25,主要数据表列两组CPI。,,已读原表/定义；仅所列范围
覆盖检查,CV00905,M1,A059,DIM-HH,居民群体,已覆盖,城市；农村,A_S25,主要数据表列两组CPI。,,已读原表/定义；仅所列范围
覆盖检查,CV00906,S4,A059,DIM-HH,居民群体,已覆盖,城市；农村,A_S25,主要数据表列两组CPI。,,已读原表/定义；仅所列范围
覆盖检查,CV00907,K1,A059,DIM-SEC,机构部门,无稳定公开数据,,A_S25,已读来源未提供该维度的稳定全覆盖表；本轮未建立额外逐单元来源,这是本轮证据缺口，不断言其他官方资料不存在；后续需逐表核验,原来源已查；扩展来源待核验
覆盖检查,CV00908,K3,A059,DIM-SEC,机构部门,无稳定公开数据,,A_S25,已读来源未提供该维度的稳定全覆盖表；本轮未建立额外逐单元来源,这是本轮证据缺口，不断言其他官方资料不存在；后续需逐表核验,原来源已查；扩展来源待核验
覆盖检查,CV00909,M1,A059,DIM-SEC,机构部门,无稳定公开数据,,A_S25,已读来源未提供该维度的稳定全覆盖表；本轮未建立额外逐单元来源,这是本轮证据缺口，不断言其他官方资料不存在；后续需逐表核验,原来源已查；扩展来源待核验
覆盖检查,CV00910,S4,A059,DIM-SEC,机构部门,无稳定公开数据,,A_S25,已读来源未提供该维度的稳定全覆盖表；本轮未建立额外逐单元来源,这是本轮证据缺口，不断言其他官方资料不存在；后续需逐表核验,原来源已查；扩展来源待核验
覆盖检查,CV00911,K1,A060,DIM-NAT,全国,已覆盖,全国CPI篮子不含食品能源部分,A_S25,本源正文或表格明确全国统计结果。,,已读原表/定义；仅所列范围
覆盖检查,CV00912,K3,A060,DIM-NAT,全国,已覆盖,全国CPI篮子不含食品能源部分,A_S25,本源正文或表格明确全国统计结果。,,已读原表/定义；仅所列范围
覆盖检查,CV00913,M1,A060,DIM-NAT,全国,已覆盖,全国CPI篮子不含食品能源部分,A_S25,本源正文或表格明确全国统计结果。,,已读原表/定义；仅所列范围
覆盖检查,CV00914,S4,A060,DIM-NAT,全国,已覆盖,全国CPI篮子不含食品能源部分,A_S25,本源正文或表格明确全国统计结果。,,已读原表/定义；仅所列范围
覆盖检查,CV00915,K1,A060,DIM-PROV,省级,无稳定公开数据,,A_S25,已读来源未提供该维度的稳定全覆盖表；本轮未建立额外逐单元来源,这是本轮证据缺口，不断言其他官方资料不存在；后续需逐表核验,原来源已查；扩展来源待核验
覆盖检查,CV00916,K3,A060,DIM-PROV,省级,无稳定公开数据,,A_S25,已读来源未提供该维度的稳定全覆盖表；本轮未建立额外逐单元来源,这是本轮证据缺口，不断言其他官方资料不存在；后续需逐表核验,原来源已查；扩展来源待核验
覆盖检查,CV00917,M1,A060,DIM-PROV,省级,无稳定公开数据,,A_S25,已读来源未提供该维度的稳定全覆盖表；本轮未建立额外逐单元来源,这是本轮证据缺口，不断言其他官方资料不存在；后续需逐表核验,原来源已查；扩展来源待核验
覆盖检查,CV00918,S4,A060,DIM-PROV,省级,无稳定公开数据,,A_S25,已读来源未提供该维度的稳定全覆盖表；本轮未建立额外逐单元来源,这是本轮证据缺口，不断言其他官方资料不存在；后续需逐表核验,原来源已查；扩展来源待核验
覆盖检查,CV00919,K1,A060,DIM-PREF,地级,无稳定公开数据,,A_S25,已读来源未提供该维度的稳定全覆盖表；本轮未建立额外逐单元来源,这是本轮证据缺口，不断言其他官方资料不存在；后续需逐表核验,原来源已查；扩展来源待核验
覆盖检查,CV00920,K3,A060,DIM-PREF,地级,无稳定公开数据,,A_S25,已读来源未提供该维度的稳定全覆盖表；本轮未建立额外逐单元来源,这是本轮证据缺口，不断言其他官方资料不存在；后续需逐表核验,原来源已查；扩展来源待核验
覆盖检查,CV00921,M1,A060,DIM-PREF,地级,无稳定公开数据,,A_S25,已读来源未提供该维度的稳定全覆盖表；本轮未建立额外逐单元来源,这是本轮证据缺口，不断言其他官方资料不存在；后续需逐表核验,原来源已查；扩展来源待核验
覆盖检查,CV00922,S4,A060,DIM-PREF,地级,无稳定公开数据,,A_S25,已读来源未提供该维度的稳定全覆盖表；本轮未建立额外逐单元来源,这是本轮证据缺口，不断言其他官方资料不存在；后续需逐表核验,原来源已查；扩展来源待核验
覆盖检查,CV00923,K1,A060,DIM-IND,行业,无稳定公开数据,,A_S25,已读来源未提供该维度的稳定全覆盖表；本轮未建立额外逐单元来源,这是本轮证据缺口，不断言其他官方资料不存在；后续需逐表核验,原来源已查；扩展来源待核验
覆盖检查,CV00924,K3,A060,DIM-IND,行业,无稳定公开数据,,A_S25,已读来源未提供该维度的稳定全覆盖表；本轮未建立额外逐单元来源,这是本轮证据缺口，不断言其他官方资料不存在；后续需逐表核验,原来源已查；扩展来源待核验
覆盖检查,CV00925,M1,A060,DIM-IND,行业,无稳定公开数据,,A_S25,已读来源未提供该维度的稳定全覆盖表；本轮未建立额外逐单元来源,这是本轮证据缺口，不断言其他官方资料不存在；后续需逐表核验,原来源已查；扩展来源待核验
覆盖检查,CV00926,S4,A060,DIM-IND,行业,无稳定公开数据,,A_S25,已读来源未提供该维度的稳定全覆盖表；本轮未建立额外逐单元来源,这是本轮证据缺口，不断言其他官方资料不存在；后续需逐表核验,原来源已查；扩展来源待核验
覆盖检查,CV00927,K1,A060,DIM-FIRM,企业类型,无稳定公开数据,,A_S25,已读来源未提供该维度的稳定全覆盖表；本轮未建立额外逐单元来源,这是本轮证据缺口，不断言其他官方资料不存在；后续需逐表核验,原来源已查；扩展来源待核验
覆盖检查,CV00928,K3,A060,DIM-FIRM,企业类型,无稳定公开数据,,A_S25,已读来源未提供该维度的稳定全覆盖表；本轮未建立额外逐单元来源,这是本轮证据缺口，不断言其他官方资料不存在；后续需逐表核验,原来源已查；扩展来源待核验
覆盖检查,CV00929,M1,A060,DIM-FIRM,企业类型,无稳定公开数据,,A_S25,已读来源未提供该维度的稳定全覆盖表；本轮未建立额外逐单元来源,这是本轮证据缺口，不断言其他官方资料不存在；后续需逐表核验,原来源已查；扩展来源待核验
覆盖检查,CV00930,S4,A060,DIM-FIRM,企业类型,无稳定公开数据,,A_S25,已读来源未提供该维度的稳定全覆盖表；本轮未建立额外逐单元来源,这是本轮证据缺口，不断言其他官方资料不存在；后续需逐表核验,原来源已查；扩展来源待核验
覆盖检查,CV00931,K1,A060,DIM-HH,居民群体,无稳定公开数据,,A_S25,已读来源未提供该维度的稳定全覆盖表；本轮未建立额外逐单元来源,这是本轮证据缺口，不断言其他官方资料不存在；后续需逐表核验,原来源已查；扩展来源待核验
覆盖检查,CV00932,K3,A060,DIM-HH,居民群体,无稳定公开数据,,A_S25,已读来源未提供该维度的稳定全覆盖表；本轮未建立额外逐单元来源,这是本轮证据缺口，不断言其他官方资料不存在；后续需逐表核验,原来源已查；扩展来源待核验
覆盖检查,CV00933,M1,A060,DIM-HH,居民群体,无稳定公开数据,,A_S25,已读来源未提供该维度的稳定全覆盖表；本轮未建立额外逐单元来源,这是本轮证据缺口，不断言其他官方资料不存在；后续需逐表核验,原来源已查；扩展来源待核验
覆盖检查,CV00934,S4,A060,DIM-HH,居民群体,无稳定公开数据,,A_S25,已读来源未提供该维度的稳定全覆盖表；本轮未建立额外逐单元来源,这是本轮证据缺口，不断言其他官方资料不存在；后续需逐表核验,原来源已查；扩展来源待核验
覆盖检查,CV00935,K1,A060,DIM-SEC,机构部门,无稳定公开数据,,A_S25,已读来源未提供该维度的稳定全覆盖表；本轮未建立额外逐单元来源,这是本轮证据缺口，不断言其他官方资料不存在；后续需逐表核验,原来源已查；扩展来源待核验
覆盖检查,CV00936,K3,A060,DIM-SEC,机构部门,无稳定公开数据,,A_S25,已读来源未提供该维度的稳定全覆盖表；本轮未建立额外逐单元来源,这是本轮证据缺口，不断言其他官方资料不存在；后续需逐表核验,原来源已查；扩展来源待核验
覆盖检查,CV00937,M1,A060,DIM-SEC,机构部门,无稳定公开数据,,A_S25,已读来源未提供该维度的稳定全覆盖表；本轮未建立额外逐单元来源,这是本轮证据缺口，不断言其他官方资料不存在；后续需逐表核验,原来源已查；扩展来源待核验
覆盖检查,CV00938,S4,A060,DIM-SEC,机构部门,无稳定公开数据,,A_S25,已读来源未提供该维度的稳定全覆盖表；本轮未建立额外逐单元来源,这是本轮证据缺口，不断言其他官方资料不存在；后续需逐表核验,原来源已查；扩展来源待核验
覆盖检查,CV00939,K1,A061,DIM-NAT,全国,已覆盖,居民生活消费服务,A_S25,本源正文或表格明确全国统计结果。,,已读原表/定义；仅所列范围
覆盖检查,CV00940,K3,A061,DIM-NAT,全国,已覆盖,居民生活消费服务,A_S25,本源正文或表格明确全国统计结果。,,已读原表/定义；仅所列范围
覆盖检查,CV00941,M1,A061,DIM-NAT,全国,已覆盖,居民生活消费服务,A_S25,本源正文或表格明确全国统计结果。,,已读原表/定义；仅所列范围
覆盖检查,CV00942,S4,A061,DIM-NAT,全国,已覆盖,居民生活消费服务,A_S25,本源正文或表格明确全国统计结果。,,已读原表/定义；仅所列范围
覆盖检查,CV00943,K1,A061,DIM-PROV,省级,无稳定公开数据,,A_S25,已读来源未提供该维度的稳定全覆盖表；本轮未建立额外逐单元来源,这是本轮证据缺口，不断言其他官方资料不存在；后续需逐表核验,原来源已查；扩展来源待核验
覆盖检查,CV00944,K3,A061,DIM-PROV,省级,无稳定公开数据,,A_S25,已读来源未提供该维度的稳定全覆盖表；本轮未建立额外逐单元来源,这是本轮证据缺口，不断言其他官方资料不存在；后续需逐表核验,原来源已查；扩展来源待核验
覆盖检查,CV00945,M1,A061,DIM-PROV,省级,无稳定公开数据,,A_S25,已读来源未提供该维度的稳定全覆盖表；本轮未建立额外逐单元来源,这是本轮证据缺口，不断言其他官方资料不存在；后续需逐表核验,原来源已查；扩展来源待核验
覆盖检查,CV00946,S4,A061,DIM-PROV,省级,无稳定公开数据,,A_S25,已读来源未提供该维度的稳定全覆盖表；本轮未建立额外逐单元来源,这是本轮证据缺口，不断言其他官方资料不存在；后续需逐表核验,原来源已查；扩展来源待核验
覆盖检查,CV00947,K1,A061,DIM-PREF,地级,无稳定公开数据,,A_S25,已读来源未提供该维度的稳定全覆盖表；本轮未建立额外逐单元来源,这是本轮证据缺口，不断言其他官方资料不存在；后续需逐表核验,原来源已查；扩展来源待核验
覆盖检查,CV00948,K3,A061,DIM-PREF,地级,无稳定公开数据,,A_S25,已读来源未提供该维度的稳定全覆盖表；本轮未建立额外逐单元来源,这是本轮证据缺口，不断言其他官方资料不存在；后续需逐表核验,原来源已查；扩展来源待核验
覆盖检查,CV00949,M1,A061,DIM-PREF,地级,无稳定公开数据,,A_S25,已读来源未提供该维度的稳定全覆盖表；本轮未建立额外逐单元来源,这是本轮证据缺口，不断言其他官方资料不存在；后续需逐表核验,原来源已查；扩展来源待核验
覆盖检查,CV00950,S4,A061,DIM-PREF,地级,无稳定公开数据,,A_S25,已读来源未提供该维度的稳定全覆盖表；本轮未建立额外逐单元来源,这是本轮证据缺口，不断言其他官方资料不存在；后续需逐表核验,原来源已查；扩展来源待核验
覆盖检查,CV00951,K1,A061,DIM-IND,行业,无稳定公开数据,,A_S25,已读来源未提供该维度的稳定全覆盖表；本轮未建立额外逐单元来源,这是本轮证据缺口，不断言其他官方资料不存在；后续需逐表核验,原来源已查；扩展来源待核验
覆盖检查,CV00952,K3,A061,DIM-IND,行业,无稳定公开数据,,A_S25,已读来源未提供该维度的稳定全覆盖表；本轮未建立额外逐单元来源,这是本轮证据缺口，不断言其他官方资料不存在；后续需逐表核验,原来源已查；扩展来源待核验
覆盖检查,CV00953,M1,A061,DIM-IND,行业,无稳定公开数据,,A_S25,已读来源未提供该维度的稳定全覆盖表；本轮未建立额外逐单元来源,这是本轮证据缺口，不断言其他官方资料不存在；后续需逐表核验,原来源已查；扩展来源待核验
覆盖检查,CV00954,S4,A061,DIM-IND,行业,无稳定公开数据,,A_S25,已读来源未提供该维度的稳定全覆盖表；本轮未建立额外逐单元来源,这是本轮证据缺口，不断言其他官方资料不存在；后续需逐表核验,原来源已查；扩展来源待核验
覆盖检查,CV00955,K1,A061,DIM-FIRM,企业类型,无稳定公开数据,,A_S25,已读来源未提供该维度的稳定全覆盖表；本轮未建立额外逐单元来源,这是本轮证据缺口，不断言其他官方资料不存在；后续需逐表核验,原来源已查；扩展来源待核验
覆盖检查,CV00956,K3,A061,DIM-FIRM,企业类型,无稳定公开数据,,A_S25,已读来源未提供该维度的稳定全覆盖表；本轮未建立额外逐单元来源,这是本轮证据缺口，不断言其他官方资料不存在；后续需逐表核验,原来源已查；扩展来源待核验
覆盖检查,CV00957,M1,A061,DIM-FIRM,企业类型,无稳定公开数据,,A_S25,已读来源未提供该维度的稳定全覆盖表；本轮未建立额外逐单元来源,这是本轮证据缺口，不断言其他官方资料不存在；后续需逐表核验,原来源已查；扩展来源待核验
覆盖检查,CV00958,S4,A061,DIM-FIRM,企业类型,无稳定公开数据,,A_S25,已读来源未提供该维度的稳定全覆盖表；本轮未建立额外逐单元来源,这是本轮证据缺口，不断言其他官方资料不存在；后续需逐表核验,原来源已查；扩展来源待核验
覆盖检查,CV00959,K1,A061,DIM-HH,居民群体,无稳定公开数据,,A_S25,已读来源未提供该维度的稳定全覆盖表；本轮未建立额外逐单元来源,这是本轮证据缺口，不断言其他官方资料不存在；后续需逐表核验,原来源已查；扩展来源待核验
覆盖检查,CV00960,K3,A061,DIM-HH,居民群体,无稳定公开数据,,A_S25,已读来源未提供该维度的稳定全覆盖表；本轮未建立额外逐单元来源,这是本轮证据缺口，不断言其他官方资料不存在；后续需逐表核验,原来源已查；扩展来源待核验
覆盖检查,CV00961,M1,A061,DIM-HH,居民群体,无稳定公开数据,,A_S25,已读来源未提供该维度的稳定全覆盖表；本轮未建立额外逐单元来源,这是本轮证据缺口，不断言其他官方资料不存在；后续需逐表核验,原来源已查；扩展来源待核验
覆盖检查,CV00962,S4,A061,DIM-HH,居民群体,无稳定公开数据,,A_S25,已读来源未提供该维度的稳定全覆盖表；本轮未建立额外逐单元来源,这是本轮证据缺口，不断言其他官方资料不存在；后续需逐表核验,原来源已查；扩展来源待核验
覆盖检查,CV00963,K1,A061,DIM-SEC,机构部门,无稳定公开数据,,A_S25,已读来源未提供该维度的稳定全覆盖表；本轮未建立额外逐单元来源,这是本轮证据缺口，不断言其他官方资料不存在；后续需逐表核验,原来源已查；扩展来源待核验
覆盖检查,CV00964,K3,A061,DIM-SEC,机构部门,无稳定公开数据,,A_S25,已读来源未提供该维度的稳定全覆盖表；本轮未建立额外逐单元来源,这是本轮证据缺口，不断言其他官方资料不存在；后续需逐表核验,原来源已查；扩展来源待核验
覆盖检查,CV00965,M1,A061,DIM-SEC,机构部门,无稳定公开数据,,A_S25,已读来源未提供该维度的稳定全覆盖表；本轮未建立额外逐单元来源,这是本轮证据缺口，不断言其他官方资料不存在；后续需逐表核验,原来源已查；扩展来源待核验
覆盖检查,CV00966,S4,A061,DIM-SEC,机构部门,无稳定公开数据,,A_S25,已读来源未提供该维度的稳定全覆盖表；本轮未建立额外逐单元来源,这是本轮证据缺口，不断言其他官方资料不存在；后续需逐表核验,原来源已查；扩展来源待核验
覆盖检查,CV00967,K1,A062,DIM-NAT,全国,已覆盖,工业企业产品第一次出售价格,A_S26,本源正文或表格明确全国统计结果。,,已读原表/定义；仅所列范围
覆盖检查,CV00968,K3,A062,DIM-NAT,全国,已覆盖,工业企业产品第一次出售价格,A_S26,本源正文或表格明确全国统计结果。,,已读原表/定义；仅所列范围
覆盖检查,CV00969,M1,A062,DIM-NAT,全国,已覆盖,工业企业产品第一次出售价格,A_S26,本源正文或表格明确全国统计结果。,,已读原表/定义；仅所列范围
覆盖检查,CV00970,S4,A062,DIM-NAT,全国,已覆盖,工业企业产品第一次出售价格,A_S26,本源正文或表格明确全国统计结果。,,已读原表/定义；仅所列范围
覆盖检查,CV00971,K1,A062,DIM-PROV,省级,无稳定公开数据,,A_S26,已读来源未提供该维度的稳定全覆盖表；本轮未建立额外逐单元来源,这是本轮证据缺口，不断言其他官方资料不存在；后续需逐表核验,原来源已查；扩展来源待核验
覆盖检查,CV00972,K3,A062,DIM-PROV,省级,无稳定公开数据,,A_S26,已读来源未提供该维度的稳定全覆盖表；本轮未建立额外逐单元来源,这是本轮证据缺口，不断言其他官方资料不存在；后续需逐表核验,原来源已查；扩展来源待核验
覆盖检查,CV00973,M1,A062,DIM-PROV,省级,无稳定公开数据,,A_S26,已读来源未提供该维度的稳定全覆盖表；本轮未建立额外逐单元来源,这是本轮证据缺口，不断言其他官方资料不存在；后续需逐表核验,原来源已查；扩展来源待核验
覆盖检查,CV00974,S4,A062,DIM-PROV,省级,无稳定公开数据,,A_S26,已读来源未提供该维度的稳定全覆盖表；本轮未建立额外逐单元来源,这是本轮证据缺口，不断言其他官方资料不存在；后续需逐表核验,原来源已查；扩展来源待核验
覆盖检查,CV00975,K1,A062,DIM-PREF,地级,无稳定公开数据,,A_S26,已读来源未提供该维度的稳定全覆盖表；本轮未建立额外逐单元来源,这是本轮证据缺口，不断言其他官方资料不存在；后续需逐表核验,原来源已查；扩展来源待核验
覆盖检查,CV00976,K3,A062,DIM-PREF,地级,无稳定公开数据,,A_S26,已读来源未提供该维度的稳定全覆盖表；本轮未建立额外逐单元来源,这是本轮证据缺口，不断言其他官方资料不存在；后续需逐表核验,原来源已查；扩展来源待核验
覆盖检查,CV00977,M1,A062,DIM-PREF,地级,无稳定公开数据,,A_S26,已读来源未提供该维度的稳定全覆盖表；本轮未建立额外逐单元来源,这是本轮证据缺口，不断言其他官方资料不存在；后续需逐表核验,原来源已查；扩展来源待核验
覆盖检查,CV00978,S4,A062,DIM-PREF,地级,无稳定公开数据,,A_S26,已读来源未提供该维度的稳定全覆盖表；本轮未建立额外逐单元来源,这是本轮证据缺口，不断言其他官方资料不存在；后续需逐表核验,原来源已查；扩展来源待核验
覆盖检查,CV00979,K1,A062,DIM-IND,行业,部分覆盖,生产资料：采掘、原材料、加工；生活资料：食品、衣着、一般日用品、耐用消费品；煤炭开采和洗选业；石油和天然气开采业；医药制造业；汽车制造业；计算机通信和其他电子设备制造业；电力热力生产和供应业,A_S26,调查41大类，本页表三仅列主要行业,不可宣称本表全部41行业公开。,已读原表/定义；仅所列范围
覆盖检查,CV00980,K3,A062,DIM-IND,行业,部分覆盖,生产资料：采掘、原材料、加工；生活资料：食品、衣着、一般日用品、耐用消费品；煤炭开采和洗选业；石油和天然气开采业；医药制造业；汽车制造业；计算机通信和其他电子设备制造业；电力热力生产和供应业,A_S26,调查41大类，本页表三仅列主要行业,不可宣称本表全部41行业公开。,已读原表/定义；仅所列范围
覆盖检查,CV00981,M1,A062,DIM-IND,行业,部分覆盖,生产资料：采掘、原材料、加工；生活资料：食品、衣着、一般日用品、耐用消费品；煤炭开采和洗选业；石油和天然气开采业；医药制造业；汽车制造业；计算机通信和其他电子设备制造业；电力热力生产和供应业,A_S26,调查41大类，本页表三仅列主要行业,不可宣称本表全部41行业公开。,已读原表/定义；仅所列范围
覆盖检查,CV00982,S4,A062,DIM-IND,行业,部分覆盖,生产资料：采掘、原材料、加工；生活资料：食品、衣着、一般日用品、耐用消费品；煤炭开采和洗选业；石油和天然气开采业；医药制造业；汽车制造业；计算机通信和其他电子设备制造业；电力热力生产和供应业,A_S26,调查41大类，本页表三仅列主要行业,不可宣称本表全部41行业公开。,已读原表/定义；仅所列范围
覆盖检查,CV00983,K1,A062,DIM-FIRM,企业类型,无稳定公开数据,,A_S26,已读来源未提供该维度的稳定全覆盖表；本轮未建立额外逐单元来源,这是本轮证据缺口，不断言其他官方资料不存在；后续需逐表核验,原来源已查；扩展来源待核验
覆盖检查,CV00984,K3,A062,DIM-FIRM,企业类型,无稳定公开数据,,A_S26,已读来源未提供该维度的稳定全覆盖表；本轮未建立额外逐单元来源,这是本轮证据缺口，不断言其他官方资料不存在；后续需逐表核验,原来源已查；扩展来源待核验
覆盖检查,CV00985,M1,A062,DIM-FIRM,企业类型,无稳定公开数据,,A_S26,已读来源未提供该维度的稳定全覆盖表；本轮未建立额外逐单元来源,这是本轮证据缺口，不断言其他官方资料不存在；后续需逐表核验,原来源已查；扩展来源待核验
覆盖检查,CV00986,S4,A062,DIM-FIRM,企业类型,无稳定公开数据,,A_S26,已读来源未提供该维度的稳定全覆盖表；本轮未建立额外逐单元来源,这是本轮证据缺口，不断言其他官方资料不存在；后续需逐表核验,原来源已查；扩展来源待核验
覆盖检查,CV00987,K1,A062,DIM-HH,居民群体,无稳定公开数据,,A_S26,已读来源未提供该维度的稳定全覆盖表；本轮未建立额外逐单元来源,这是本轮证据缺口，不断言其他官方资料不存在；后续需逐表核验,原来源已查；扩展来源待核验
覆盖检查,CV00988,K3,A062,DIM-HH,居民群体,无稳定公开数据,,A_S26,已读来源未提供该维度的稳定全覆盖表；本轮未建立额外逐单元来源,这是本轮证据缺口，不断言其他官方资料不存在；后续需逐表核验,原来源已查；扩展来源待核验
覆盖检查,CV00989,M1,A062,DIM-HH,居民群体,无稳定公开数据,,A_S26,已读来源未提供该维度的稳定全覆盖表；本轮未建立额外逐单元来源,这是本轮证据缺口，不断言其他官方资料不存在；后续需逐表核验,原来源已查；扩展来源待核验
覆盖检查,CV00990,S4,A062,DIM-HH,居民群体,无稳定公开数据,,A_S26,已读来源未提供该维度的稳定全覆盖表；本轮未建立额外逐单元来源,这是本轮证据缺口，不断言其他官方资料不存在；后续需逐表核验,原来源已查；扩展来源待核验
覆盖检查,CV00991,K1,A062,DIM-SEC,机构部门,无稳定公开数据,,A_S26,已读来源未提供该维度的稳定全覆盖表；本轮未建立额外逐单元来源,这是本轮证据缺口，不断言其他官方资料不存在；后续需逐表核验,原来源已查；扩展来源待核验
覆盖检查,CV00992,K3,A062,DIM-SEC,机构部门,无稳定公开数据,,A_S26,已读来源未提供该维度的稳定全覆盖表；本轮未建立额外逐单元来源,这是本轮证据缺口，不断言其他官方资料不存在；后续需逐表核验,原来源已查；扩展来源待核验
覆盖检查,CV00993,M1,A062,DIM-SEC,机构部门,无稳定公开数据,,A_S26,已读来源未提供该维度的稳定全覆盖表；本轮未建立额外逐单元来源,这是本轮证据缺口，不断言其他官方资料不存在；后续需逐表核验,原来源已查；扩展来源待核验
覆盖检查,CV00994,S4,A062,DIM-SEC,机构部门,无稳定公开数据,,A_S26,已读来源未提供该维度的稳定全覆盖表；本轮未建立额外逐单元来源,这是本轮证据缺口，不断言其他官方资料不存在；后续需逐表核验,原来源已查；扩展来源待核验
覆盖检查,CV00995,K1,A063,DIM-NAT,全国,已覆盖,工业企业中间投入品采购,A_S26,本源正文或表格明确全国统计结果。,,已读原表/定义；仅所列范围
覆盖检查,CV00996,K3,A063,DIM-NAT,全国,已覆盖,工业企业中间投入品采购,A_S26,本源正文或表格明确全国统计结果。,,已读原表/定义；仅所列范围
覆盖检查,CV00997,M1,A063,DIM-NAT,全国,已覆盖,工业企业中间投入品采购,A_S26,本源正文或表格明确全国统计结果。,,已读原表/定义；仅所列范围
覆盖检查,CV00998,S4,A063,DIM-NAT,全国,已覆盖,工业企业中间投入品采购,A_S26,本源正文或表格明确全国统计结果。,,已读原表/定义；仅所列范围
覆盖检查,CV00999,K1,A063,DIM-PROV,省级,无稳定公开数据,,A_S26,已读来源未提供该维度的稳定全覆盖表；本轮未建立额外逐单元来源,这是本轮证据缺口，不断言其他官方资料不存在；后续需逐表核验,原来源已查；扩展来源待核验
覆盖检查,CV01000,K3,A063,DIM-PROV,省级,无稳定公开数据,,A_S26,已读来源未提供该维度的稳定全覆盖表；本轮未建立额外逐单元来源,这是本轮证据缺口，不断言其他官方资料不存在；后续需逐表核验,原来源已查；扩展来源待核验
覆盖检查,CV01001,M1,A063,DIM-PROV,省级,无稳定公开数据,,A_S26,已读来源未提供该维度的稳定全覆盖表；本轮未建立额外逐单元来源,这是本轮证据缺口，不断言其他官方资料不存在；后续需逐表核验,原来源已查；扩展来源待核验
覆盖检查,CV01002,S4,A063,DIM-PROV,省级,无稳定公开数据,,A_S26,已读来源未提供该维度的稳定全覆盖表；本轮未建立额外逐单元来源,这是本轮证据缺口，不断言其他官方资料不存在；后续需逐表核验,原来源已查；扩展来源待核验
覆盖检查,CV01003,K1,A063,DIM-PREF,地级,无稳定公开数据,,A_S26,已读来源未提供该维度的稳定全覆盖表；本轮未建立额外逐单元来源,这是本轮证据缺口，不断言其他官方资料不存在；后续需逐表核验,原来源已查；扩展来源待核验
覆盖检查,CV01004,K3,A063,DIM-PREF,地级,无稳定公开数据,,A_S26,已读来源未提供该维度的稳定全覆盖表；本轮未建立额外逐单元来源,这是本轮证据缺口，不断言其他官方资料不存在；后续需逐表核验,原来源已查；扩展来源待核验
覆盖检查,CV01005,M1,A063,DIM-PREF,地级,无稳定公开数据,,A_S26,已读来源未提供该维度的稳定全覆盖表；本轮未建立额外逐单元来源,这是本轮证据缺口，不断言其他官方资料不存在；后续需逐表核验,原来源已查；扩展来源待核验
覆盖检查,CV01006,S4,A063,DIM-PREF,地级,无稳定公开数据,,A_S26,已读来源未提供该维度的稳定全覆盖表；本轮未建立额外逐单元来源,这是本轮证据缺口，不断言其他官方资料不存在；后续需逐表核验,原来源已查；扩展来源待核验
覆盖检查,CV01007,K1,A063,DIM-IND,行业,部分覆盖,燃料动力；黑色金属材料；有色金属材料及电线；化工原料；木材及纸浆；建筑材料及非金属；其他工业原材料及半成品；农副产品；纺织原料,A_S26,表二列9大购进类别,为采购品分类而非企业行业全矩阵。,已读原表/定义；仅所列范围
覆盖检查,CV01008,K3,A063,DIM-IND,行业,部分覆盖,燃料动力；黑色金属材料；有色金属材料及电线；化工原料；木材及纸浆；建筑材料及非金属；其他工业原材料及半成品；农副产品；纺织原料,A_S26,表二列9大购进类别,为采购品分类而非企业行业全矩阵。,已读原表/定义；仅所列范围
覆盖检查,CV01009,M1,A063,DIM-IND,行业,部分覆盖,燃料动力；黑色金属材料；有色金属材料及电线；化工原料；木材及纸浆；建筑材料及非金属；其他工业原材料及半成品；农副产品；纺织原料,A_S26,表二列9大购进类别,为采购品分类而非企业行业全矩阵。,已读原表/定义；仅所列范围
覆盖检查,CV01010,S4,A063,DIM-IND,行业,部分覆盖,燃料动力；黑色金属材料；有色金属材料及电线；化工原料；木材及纸浆；建筑材料及非金属；其他工业原材料及半成品；农副产品；纺织原料,A_S26,表二列9大购进类别,为采购品分类而非企业行业全矩阵。,已读原表/定义；仅所列范围
覆盖检查,CV01011,K1,A063,DIM-FIRM,企业类型,无稳定公开数据,,A_S26,已读来源未提供该维度的稳定全覆盖表；本轮未建立额外逐单元来源,这是本轮证据缺口，不断言其他官方资料不存在；后续需逐表核验,原来源已查；扩展来源待核验
覆盖检查,CV01012,K3,A063,DIM-FIRM,企业类型,无稳定公开数据,,A_S26,已读来源未提供该维度的稳定全覆盖表；本轮未建立额外逐单元来源,这是本轮证据缺口，不断言其他官方资料不存在；后续需逐表核验,原来源已查；扩展来源待核验
覆盖检查,CV01013,M1,A063,DIM-FIRM,企业类型,无稳定公开数据,,A_S26,已读来源未提供该维度的稳定全覆盖表；本轮未建立额外逐单元来源,这是本轮证据缺口，不断言其他官方资料不存在；后续需逐表核验,原来源已查；扩展来源待核验
覆盖检查,CV01014,S4,A063,DIM-FIRM,企业类型,无稳定公开数据,,A_S26,已读来源未提供该维度的稳定全覆盖表；本轮未建立额外逐单元来源,这是本轮证据缺口，不断言其他官方资料不存在；后续需逐表核验,原来源已查；扩展来源待核验
覆盖检查,CV01015,K1,A063,DIM-HH,居民群体,无稳定公开数据,,A_S26,已读来源未提供该维度的稳定全覆盖表；本轮未建立额外逐单元来源,这是本轮证据缺口，不断言其他官方资料不存在；后续需逐表核验,原来源已查；扩展来源待核验
覆盖检查,CV01016,K3,A063,DIM-HH,居民群体,无稳定公开数据,,A_S26,已读来源未提供该维度的稳定全覆盖表；本轮未建立额外逐单元来源,这是本轮证据缺口，不断言其他官方资料不存在；后续需逐表核验,原来源已查；扩展来源待核验
覆盖检查,CV01017,M1,A063,DIM-HH,居民群体,无稳定公开数据,,A_S26,已读来源未提供该维度的稳定全覆盖表；本轮未建立额外逐单元来源,这是本轮证据缺口，不断言其他官方资料不存在；后续需逐表核验,原来源已查；扩展来源待核验
覆盖检查,CV01018,S4,A063,DIM-HH,居民群体,无稳定公开数据,,A_S26,已读来源未提供该维度的稳定全覆盖表；本轮未建立额外逐单元来源,这是本轮证据缺口，不断言其他官方资料不存在；后续需逐表核验,原来源已查；扩展来源待核验
覆盖检查,CV01019,K1,A063,DIM-SEC,机构部门,无稳定公开数据,,A_S26,已读来源未提供该维度的稳定全覆盖表；本轮未建立额外逐单元来源,这是本轮证据缺口，不断言其他官方资料不存在；后续需逐表核验,原来源已查；扩展来源待核验
覆盖检查,CV01020,K3,A063,DIM-SEC,机构部门,无稳定公开数据,,A_S26,已读来源未提供该维度的稳定全覆盖表；本轮未建立额外逐单元来源,这是本轮证据缺口，不断言其他官方资料不存在；后续需逐表核验,原来源已查；扩展来源待核验
覆盖检查,CV01021,M1,A063,DIM-SEC,机构部门,无稳定公开数据,,A_S26,已读来源未提供该维度的稳定全覆盖表；本轮未建立额外逐单元来源,这是本轮证据缺口，不断言其他官方资料不存在；后续需逐表核验,原来源已查；扩展来源待核验
覆盖检查,CV01022,S4,A063,DIM-SEC,机构部门,无稳定公开数据,,A_S26,已读来源未提供该维度的稳定全覆盖表；本轮未建立额外逐单元来源,这是本轮证据缺口，不断言其他官方资料不存在；后续需逐表核验,原来源已查；扩展来源待核验
覆盖检查,CV01023,K1,B001,DIM-NAT,全国,已覆盖,规上工业法人合计,B_S01,正文与表1—3；门槛2000万元。,,已读原表/定义；仅所列范围
覆盖检查,CV01024,M4,B001,DIM-NAT,全国,已覆盖,规上工业法人合计,B_S01,正文与表1—3；门槛2000万元。,,已读原表/定义；仅所列范围
覆盖检查,CV01025,F2,B001,DIM-NAT,全国,已覆盖,规上工业法人合计,B_S01,正文与表1—3；门槛2000万元。,,已读原表/定义；仅所列范围
覆盖检查,CV01026,I3,B001,DIM-NAT,全国,已覆盖,规上工业法人合计,B_S01,正文与表1—3；门槛2000万元。,,已读原表/定义；仅所列范围
覆盖检查,CV01027,S4,B001,DIM-NAT,全国,已覆盖,规上工业法人合计,B_S01,正文与表1—3；门槛2000万元。,,已读原表/定义；仅所列范围
覆盖检查,CV01028,D1,B001,DIM-NAT,全国,已覆盖,规上工业法人合计,B_S01,正文与表1—3；门槛2000万元。,,已读原表/定义；仅所列范围
覆盖检查,CV01029,K1,B001,DIM-PROV,省级,无稳定公开数据,,B_S01,本页没有31省表,逐省公开连续性未核验。,已读原表/定义；仅所列范围
覆盖检查,CV01030,M4,B001,DIM-PROV,省级,无稳定公开数据,,B_S01,本页没有31省表,逐省公开连续性未核验。,已读原表/定义；仅所列范围
覆盖检查,CV01031,F2,B001,DIM-PROV,省级,无稳定公开数据,,B_S01,本页没有31省表,逐省公开连续性未核验。,已读原表/定义；仅所列范围
覆盖检查,CV01032,I3,B001,DIM-PROV,省级,无稳定公开数据,,B_S01,本页没有31省表,逐省公开连续性未核验。,已读原表/定义；仅所列范围
覆盖检查,CV01033,S4,B001,DIM-PROV,省级,无稳定公开数据,,B_S01,本页没有31省表,逐省公开连续性未核验。,已读原表/定义；仅所列范围
覆盖检查,CV01034,D1,B001,DIM-PROV,省级,无稳定公开数据,,B_S01,本页没有31省表,逐省公开连续性未核验。,已读原表/定义；仅所列范围
覆盖检查,CV01035,K1,B001,DIM-PREF,地级,无稳定公开数据,,B_S01,已读来源未提供该维度的稳定全覆盖表；本轮未建立额外逐单元来源,这是本轮证据缺口，不断言其他官方资料不存在；后续需逐表核验,原来源已查；扩展来源待核验
覆盖检查,CV01036,M4,B001,DIM-PREF,地级,无稳定公开数据,,B_S01,已读来源未提供该维度的稳定全覆盖表；本轮未建立额外逐单元来源,这是本轮证据缺口，不断言其他官方资料不存在；后续需逐表核验,原来源已查；扩展来源待核验
覆盖检查,CV01037,F2,B001,DIM-PREF,地级,无稳定公开数据,,B_S01,已读来源未提供该维度的稳定全覆盖表；本轮未建立额外逐单元来源,这是本轮证据缺口，不断言其他官方资料不存在；后续需逐表核验,原来源已查；扩展来源待核验
覆盖检查,CV01038,I3,B001,DIM-PREF,地级,无稳定公开数据,,B_S01,已读来源未提供该维度的稳定全覆盖表；本轮未建立额外逐单元来源,这是本轮证据缺口，不断言其他官方资料不存在；后续需逐表核验,原来源已查；扩展来源待核验
覆盖检查,CV01039,S4,B001,DIM-PREF,地级,无稳定公开数据,,B_S01,已读来源未提供该维度的稳定全覆盖表；本轮未建立额外逐单元来源,这是本轮证据缺口，不断言其他官方资料不存在；后续需逐表核验,原来源已查；扩展来源待核验
覆盖检查,CV01040,D1,B001,DIM-PREF,地级,无稳定公开数据,,B_S01,已读来源未提供该维度的稳定全覆盖表；本轮未建立额外逐单元来源,这是本轮证据缺口，不断言其他官方资料不存在；后续需逐表核验,原来源已查；扩展来源待核验
覆盖检查,CV01041,K1,B001,DIM-IND,行业,部分覆盖,采矿业；制造业；电力、热力、燃气及水生产和供应业；汽车制造业；电气机械和器材制造业；计算机、通信和其他电子设备制造业,B_S01,表1三大门类、表3行业收入成本利润,财务比率行业细分仅核验三大门类；非所有财务存量按行业发布。,已读原表/定义；仅所列范围
覆盖检查,CV01042,M4,B001,DIM-IND,行业,部分覆盖,采矿业；制造业；电力、热力、燃气及水生产和供应业；汽车制造业；电气机械和器材制造业；计算机、通信和其他电子设备制造业,B_S01,表1三大门类、表3行业收入成本利润,财务比率行业细分仅核验三大门类；非所有财务存量按行业发布。,已读原表/定义；仅所列范围
覆盖检查,CV01043,F2,B001,DIM-IND,行业,部分覆盖,采矿业；制造业；电力、热力、燃气及水生产和供应业；汽车制造业；电气机械和器材制造业；计算机、通信和其他电子设备制造业,B_S01,表1三大门类、表3行业收入成本利润,财务比率行业细分仅核验三大门类；非所有财务存量按行业发布。,已读原表/定义；仅所列范围
覆盖检查,CV01044,I3,B001,DIM-IND,行业,部分覆盖,采矿业；制造业；电力、热力、燃气及水生产和供应业；汽车制造业；电气机械和器材制造业；计算机、通信和其他电子设备制造业,B_S01,表1三大门类、表3行业收入成本利润,财务比率行业细分仅核验三大门类；非所有财务存量按行业发布。,已读原表/定义；仅所列范围
覆盖检查,CV01045,S4,B001,DIM-IND,行业,部分覆盖,采矿业；制造业；电力、热力、燃气及水生产和供应业；汽车制造业；电气机械和器材制造业；计算机、通信和其他电子设备制造业,B_S01,表1三大门类、表3行业收入成本利润,财务比率行业细分仅核验三大门类；非所有财务存量按行业发布。,已读原表/定义；仅所列范围
覆盖检查,CV01046,D1,B001,DIM-IND,行业,部分覆盖,采矿业；制造业；电力、热力、燃气及水生产和供应业；汽车制造业；电气机械和器材制造业；计算机、通信和其他电子设备制造业,B_S01,表1三大门类、表3行业收入成本利润,财务比率行业细分仅核验三大门类；非所有财务存量按行业发布。,已读原表/定义；仅所列范围
覆盖检查,CV01047,K1,B001,DIM-FIRM,企业类型,部分覆盖,国有控股企业；股份制企业；外商及港澳台投资企业；私营企业,B_S01,表1及表2经济类型分组,类型交叉不可加总；不是规模以下或全部私营企业。,已读原表/定义；仅所列范围
覆盖检查,CV01048,M4,B001,DIM-FIRM,企业类型,部分覆盖,国有控股企业；股份制企业；外商及港澳台投资企业；私营企业,B_S01,表1及表2经济类型分组,类型交叉不可加总；不是规模以下或全部私营企业。,已读原表/定义；仅所列范围
覆盖检查,CV01049,F2,B001,DIM-FIRM,企业类型,部分覆盖,国有控股企业；股份制企业；外商及港澳台投资企业；私营企业,B_S01,表1及表2经济类型分组,类型交叉不可加总；不是规模以下或全部私营企业。,已读原表/定义；仅所列范围
覆盖检查,CV01050,I3,B001,DIM-FIRM,企业类型,部分覆盖,国有控股企业；股份制企业；外商及港澳台投资企业；私营企业,B_S01,表1及表2经济类型分组,类型交叉不可加总；不是规模以下或全部私营企业。,已读原表/定义；仅所列范围
覆盖检查,CV01051,S4,B001,DIM-FIRM,企业类型,部分覆盖,国有控股企业；股份制企业；外商及港澳台投资企业；私营企业,B_S01,表1及表2经济类型分组,类型交叉不可加总；不是规模以下或全部私营企业。,已读原表/定义；仅所列范围
覆盖检查,CV01052,D1,B001,DIM-FIRM,企业类型,部分覆盖,国有控股企业；股份制企业；外商及港澳台投资企业；私营企业,B_S01,表1及表2经济类型分组,类型交叉不可加总；不是规模以下或全部私营企业。,已读原表/定义；仅所列范围
覆盖检查,CV01053,K1,B001,DIM-HH,居民群体,不适用,,B_S01,本指标定义不直接接受该维度拆分,不得借用同名但不同范围指标填补,适用性判断
覆盖检查,CV01054,M4,B001,DIM-HH,居民群体,不适用,,B_S01,本指标定义不直接接受该维度拆分,不得借用同名但不同范围指标填补,适用性判断
覆盖检查,CV01055,F2,B001,DIM-HH,居民群体,不适用,,B_S01,本指标定义不直接接受该维度拆分,不得借用同名但不同范围指标填补,适用性判断
覆盖检查,CV01056,I3,B001,DIM-HH,居民群体,不适用,,B_S01,本指标定义不直接接受该维度拆分,不得借用同名但不同范围指标填补,适用性判断
覆盖检查,CV01057,S4,B001,DIM-HH,居民群体,不适用,,B_S01,本指标定义不直接接受该维度拆分,不得借用同名但不同范围指标填补,适用性判断
覆盖检查,CV01058,D1,B001,DIM-HH,居民群体,不适用,,B_S01,本指标定义不直接接受该维度拆分,不得借用同名但不同范围指标填补,适用性判断
覆盖检查,CV01059,K1,B001,DIM-SEC,机构部门,无稳定公开数据,,B_S01,已读来源未提供该维度的稳定全覆盖表；本轮未建立额外逐单元来源,这是本轮证据缺口，不断言其他官方资料不存在；后续需逐表核验,原来源已查；扩展来源待核验
覆盖检查,CV01060,M4,B001,DIM-SEC,机构部门,无稳定公开数据,,B_S01,已读来源未提供该维度的稳定全覆盖表；本轮未建立额外逐单元来源,这是本轮证据缺口，不断言其他官方资料不存在；后续需逐表核验,原来源已查；扩展来源待核验
覆盖检查,CV01061,F2,B001,DIM-SEC,机构部门,无稳定公开数据,,B_S01,已读来源未提供该维度的稳定全覆盖表；本轮未建立额外逐单元来源,这是本轮证据缺口，不断言其他官方资料不存在；后续需逐表核验,原来源已查；扩展来源待核验
覆盖检查,CV01062,I3,B001,DIM-SEC,机构部门,无稳定公开数据,,B_S01,已读来源未提供该维度的稳定全覆盖表；本轮未建立额外逐单元来源,这是本轮证据缺口，不断言其他官方资料不存在；后续需逐表核验,原来源已查；扩展来源待核验
覆盖检查,CV01063,S4,B001,DIM-SEC,机构部门,无稳定公开数据,,B_S01,已读来源未提供该维度的稳定全覆盖表；本轮未建立额外逐单元来源,这是本轮证据缺口，不断言其他官方资料不存在；后续需逐表核验,原来源已查；扩展来源待核验
覆盖检查,CV01064,D1,B001,DIM-SEC,机构部门,无稳定公开数据,,B_S01,已读来源未提供该维度的稳定全覆盖表；本轮未建立额外逐单元来源,这是本轮证据缺口，不断言其他官方资料不存在；后续需逐表核验,原来源已查；扩展来源待核验
覆盖检查,CV01065,F2,B002,DIM-NAT,全国,已覆盖,规上工业法人合计,B_S01,正文与表1—3；门槛2000万元。,,已读原表/定义；仅所列范围
覆盖检查,CV01066,D1,B002,DIM-NAT,全国,已覆盖,规上工业法人合计,B_S01,正文与表1—3；门槛2000万元。,,已读原表/定义；仅所列范围
覆盖检查,CV01067,F2,B002,DIM-PROV,省级,无稳定公开数据,,B_S01,本页没有31省表,逐省公开连续性未核验。,已读原表/定义；仅所列范围
覆盖检查,CV01068,D1,B002,DIM-PROV,省级,无稳定公开数据,,B_S01,本页没有31省表,逐省公开连续性未核验。,已读原表/定义；仅所列范围
覆盖检查,CV01069,F2,B002,DIM-PREF,地级,无稳定公开数据,,B_S01,已读来源未提供该维度的稳定全覆盖表；本轮未建立额外逐单元来源,这是本轮证据缺口，不断言其他官方资料不存在；后续需逐表核验,原来源已查；扩展来源待核验
覆盖检查,CV01070,D1,B002,DIM-PREF,地级,无稳定公开数据,,B_S01,已读来源未提供该维度的稳定全覆盖表；本轮未建立额外逐单元来源,这是本轮证据缺口，不断言其他官方资料不存在；后续需逐表核验,原来源已查；扩展来源待核验
覆盖检查,CV01071,F2,B002,DIM-IND,行业,部分覆盖,采矿业；制造业；电力、热力、燃气及水生产和供应业；汽车制造业；电气机械和器材制造业；计算机、通信和其他电子设备制造业,B_S01,表1三大门类、表3行业收入成本利润,财务比率行业细分仅核验三大门类；非所有财务存量按行业发布。,已读原表/定义；仅所列范围
覆盖检查,CV01072,D1,B002,DIM-IND,行业,部分覆盖,采矿业；制造业；电力、热力、燃气及水生产和供应业；汽车制造业；电气机械和器材制造业；计算机、通信和其他电子设备制造业,B_S01,表1三大门类、表3行业收入成本利润,财务比率行业细分仅核验三大门类；非所有财务存量按行业发布。,已读原表/定义；仅所列范围
覆盖检查,CV01073,F2,B002,DIM-FIRM,企业类型,部分覆盖,国有控股企业；股份制企业；外商及港澳台投资企业；私营企业,B_S01,表1及表2经济类型分组,类型交叉不可加总；不是规模以下或全部私营企业。,已读原表/定义；仅所列范围
覆盖检查,CV01074,D1,B002,DIM-FIRM,企业类型,部分覆盖,国有控股企业；股份制企业；外商及港澳台投资企业；私营企业,B_S01,表1及表2经济类型分组,类型交叉不可加总；不是规模以下或全部私营企业。,已读原表/定义；仅所列范围
覆盖检查,CV01075,F2,B002,DIM-HH,居民群体,不适用,,B_S01,本指标定义不直接接受该维度拆分,不得借用同名但不同范围指标填补,适用性判断
覆盖检查,CV01076,D1,B002,DIM-HH,居民群体,不适用,,B_S01,本指标定义不直接接受该维度拆分,不得借用同名但不同范围指标填补,适用性判断
覆盖检查,CV01077,F2,B002,DIM-SEC,机构部门,无稳定公开数据,,B_S01,已读来源未提供该维度的稳定全覆盖表；本轮未建立额外逐单元来源,这是本轮证据缺口，不断言其他官方资料不存在；后续需逐表核验,原来源已查；扩展来源待核验
覆盖检查,CV01078,D1,B002,DIM-SEC,机构部门,无稳定公开数据,,B_S01,已读来源未提供该维度的稳定全覆盖表；本轮未建立额外逐单元来源,这是本轮证据缺口，不断言其他官方资料不存在；后续需逐表核验,原来源已查；扩展来源待核验
覆盖检查,CV01079,K1,B003,DIM-NAT,全国,已覆盖,规上工业法人合计,B_S01,正文与表1—3；门槛2000万元。,,已读原表/定义；仅所列范围
覆盖检查,CV01080,M4,B003,DIM-NAT,全国,已覆盖,规上工业法人合计,B_S01,正文与表1—3；门槛2000万元。,,已读原表/定义；仅所列范围
覆盖检查,CV01081,F2,B003,DIM-NAT,全国,已覆盖,规上工业法人合计,B_S01,正文与表1—3；门槛2000万元。,,已读原表/定义；仅所列范围
覆盖检查,CV01082,I3,B003,DIM-NAT,全国,已覆盖,规上工业法人合计,B_S01,正文与表1—3；门槛2000万元。,,已读原表/定义；仅所列范围
覆盖检查,CV01083,S4,B003,DIM-NAT,全国,已覆盖,规上工业法人合计,B_S01,正文与表1—3；门槛2000万元。,,已读原表/定义；仅所列范围
覆盖检查,CV01084,D1,B003,DIM-NAT,全国,已覆盖,规上工业法人合计,B_S01,正文与表1—3；门槛2000万元。,,已读原表/定义；仅所列范围
覆盖检查,CV01085,K1,B003,DIM-PROV,省级,无稳定公开数据,,B_S01,本页没有31省表,逐省公开连续性未核验。,已读原表/定义；仅所列范围
覆盖检查,CV01086,M4,B003,DIM-PROV,省级,无稳定公开数据,,B_S01,本页没有31省表,逐省公开连续性未核验。,已读原表/定义；仅所列范围
覆盖检查,CV01087,F2,B003,DIM-PROV,省级,无稳定公开数据,,B_S01,本页没有31省表,逐省公开连续性未核验。,已读原表/定义；仅所列范围
覆盖检查,CV01088,I3,B003,DIM-PROV,省级,无稳定公开数据,,B_S01,本页没有31省表,逐省公开连续性未核验。,已读原表/定义；仅所列范围
覆盖检查,CV01089,S4,B003,DIM-PROV,省级,无稳定公开数据,,B_S01,本页没有31省表,逐省公开连续性未核验。,已读原表/定义；仅所列范围
覆盖检查,CV01090,D1,B003,DIM-PROV,省级,无稳定公开数据,,B_S01,本页没有31省表,逐省公开连续性未核验。,已读原表/定义；仅所列范围
覆盖检查,CV01091,K1,B003,DIM-PREF,地级,无稳定公开数据,,B_S01,已读来源未提供该维度的稳定全覆盖表；本轮未建立额外逐单元来源,这是本轮证据缺口，不断言其他官方资料不存在；后续需逐表核验,原来源已查；扩展来源待核验
覆盖检查,CV01092,M4,B003,DIM-PREF,地级,无稳定公开数据,,B_S01,已读来源未提供该维度的稳定全覆盖表；本轮未建立额外逐单元来源,这是本轮证据缺口，不断言其他官方资料不存在；后续需逐表核验,原来源已查；扩展来源待核验
覆盖检查,CV01093,F2,B003,DIM-PREF,地级,无稳定公开数据,,B_S01,已读来源未提供该维度的稳定全覆盖表；本轮未建立额外逐单元来源,这是本轮证据缺口，不断言其他官方资料不存在；后续需逐表核验,原来源已查；扩展来源待核验
覆盖检查,CV01094,I3,B003,DIM-PREF,地级,无稳定公开数据,,B_S01,已读来源未提供该维度的稳定全覆盖表；本轮未建立额外逐单元来源,这是本轮证据缺口，不断言其他官方资料不存在；后续需逐表核验,原来源已查；扩展来源待核验
覆盖检查,CV01095,S4,B003,DIM-PREF,地级,无稳定公开数据,,B_S01,已读来源未提供该维度的稳定全覆盖表；本轮未建立额外逐单元来源,这是本轮证据缺口，不断言其他官方资料不存在；后续需逐表核验,原来源已查；扩展来源待核验
覆盖检查,CV01096,D1,B003,DIM-PREF,地级,无稳定公开数据,,B_S01,已读来源未提供该维度的稳定全覆盖表；本轮未建立额外逐单元来源,这是本轮证据缺口，不断言其他官方资料不存在；后续需逐表核验,原来源已查；扩展来源待核验
覆盖检查,CV01097,K1,B003,DIM-IND,行业,部分覆盖,采矿业；制造业；电力、热力、燃气及水生产和供应业；汽车制造业；电气机械和器材制造业；计算机、通信和其他电子设备制造业,B_S01,表1三大门类、表3行业收入成本利润,财务比率行业细分仅核验三大门类；非所有财务存量按行业发布。,已读原表/定义；仅所列范围
覆盖检查,CV01098,M4,B003,DIM-IND,行业,部分覆盖,采矿业；制造业；电力、热力、燃气及水生产和供应业；汽车制造业；电气机械和器材制造业；计算机、通信和其他电子设备制造业,B_S01,表1三大门类、表3行业收入成本利润,财务比率行业细分仅核验三大门类；非所有财务存量按行业发布。,已读原表/定义；仅所列范围
覆盖检查,CV01099,F2,B003,DIM-IND,行业,部分覆盖,采矿业；制造业；电力、热力、燃气及水生产和供应业；汽车制造业；电气机械和器材制造业；计算机、通信和其他电子设备制造业,B_S01,表1三大门类、表3行业收入成本利润,财务比率行业细分仅核验三大门类；非所有财务存量按行业发布。,已读原表/定义；仅所列范围
覆盖检查,CV01100,I3,B003,DIM-IND,行业,部分覆盖,采矿业；制造业；电力、热力、燃气及水生产和供应业；汽车制造业；电气机械和器材制造业；计算机、通信和其他电子设备制造业,B_S01,表1三大门类、表3行业收入成本利润,财务比率行业细分仅核验三大门类；非所有财务存量按行业发布。,已读原表/定义；仅所列范围
覆盖检查,CV01101,S4,B003,DIM-IND,行业,部分覆盖,采矿业；制造业；电力、热力、燃气及水生产和供应业；汽车制造业；电气机械和器材制造业；计算机、通信和其他电子设备制造业,B_S01,表1三大门类、表3行业收入成本利润,财务比率行业细分仅核验三大门类；非所有财务存量按行业发布。,已读原表/定义；仅所列范围
覆盖检查,CV01102,D1,B003,DIM-IND,行业,部分覆盖,采矿业；制造业；电力、热力、燃气及水生产和供应业；汽车制造业；电气机械和器材制造业；计算机、通信和其他电子设备制造业,B_S01,表1三大门类、表3行业收入成本利润,财务比率行业细分仅核验三大门类；非所有财务存量按行业发布。,已读原表/定义；仅所列范围
覆盖检查,CV01103,K1,B003,DIM-FIRM,企业类型,部分覆盖,国有控股企业；股份制企业；外商及港澳台投资企业；私营企业,B_S01,表1及表2经济类型分组,类型交叉不可加总；不是规模以下或全部私营企业。,已读原表/定义；仅所列范围
覆盖检查,CV01104,M4,B003,DIM-FIRM,企业类型,部分覆盖,国有控股企业；股份制企业；外商及港澳台投资企业；私营企业,B_S01,表1及表2经济类型分组,类型交叉不可加总；不是规模以下或全部私营企业。,已读原表/定义；仅所列范围
覆盖检查,CV01105,F2,B003,DIM-FIRM,企业类型,部分覆盖,国有控股企业；股份制企业；外商及港澳台投资企业；私营企业,B_S01,表1及表2经济类型分组,类型交叉不可加总；不是规模以下或全部私营企业。,已读原表/定义；仅所列范围
覆盖检查,CV01106,I3,B003,DIM-FIRM,企业类型,部分覆盖,国有控股企业；股份制企业；外商及港澳台投资企业；私营企业,B_S01,表1及表2经济类型分组,类型交叉不可加总；不是规模以下或全部私营企业。,已读原表/定义；仅所列范围
覆盖检查,CV01107,S4,B003,DIM-FIRM,企业类型,部分覆盖,国有控股企业；股份制企业；外商及港澳台投资企业；私营企业,B_S01,表1及表2经济类型分组,类型交叉不可加总；不是规模以下或全部私营企业。,已读原表/定义；仅所列范围
覆盖检查,CV01108,D1,B003,DIM-FIRM,企业类型,部分覆盖,国有控股企业；股份制企业；外商及港澳台投资企业；私营企业,B_S01,表1及表2经济类型分组,类型交叉不可加总；不是规模以下或全部私营企业。,已读原表/定义；仅所列范围
覆盖检查,CV01109,K1,B003,DIM-HH,居民群体,不适用,,B_S01,本指标定义不直接接受该维度拆分,不得借用同名但不同范围指标填补,适用性判断
覆盖检查,CV01110,M4,B003,DIM-HH,居民群体,不适用,,B_S01,本指标定义不直接接受该维度拆分,不得借用同名但不同范围指标填补,适用性判断
覆盖检查,CV01111,F2,B003,DIM-HH,居民群体,不适用,,B_S01,本指标定义不直接接受该维度拆分,不得借用同名但不同范围指标填补,适用性判断
覆盖检查,CV01112,I3,B003,DIM-HH,居民群体,不适用,,B_S01,本指标定义不直接接受该维度拆分,不得借用同名但不同范围指标填补,适用性判断
覆盖检查,CV01113,S4,B003,DIM-HH,居民群体,不适用,,B_S01,本指标定义不直接接受该维度拆分,不得借用同名但不同范围指标填补,适用性判断
覆盖检查,CV01114,D1,B003,DIM-HH,居民群体,不适用,,B_S01,本指标定义不直接接受该维度拆分,不得借用同名但不同范围指标填补,适用性判断
覆盖检查,CV01115,K1,B003,DIM-SEC,机构部门,无稳定公开数据,,B_S01,已读来源未提供该维度的稳定全覆盖表；本轮未建立额外逐单元来源,这是本轮证据缺口，不断言其他官方资料不存在；后续需逐表核验,原来源已查；扩展来源待核验
覆盖检查,CV01116,M4,B003,DIM-SEC,机构部门,无稳定公开数据,,B_S01,已读来源未提供该维度的稳定全覆盖表；本轮未建立额外逐单元来源,这是本轮证据缺口，不断言其他官方资料不存在；后续需逐表核验,原来源已查；扩展来源待核验
覆盖检查,CV01117,F2,B003,DIM-SEC,机构部门,无稳定公开数据,,B_S01,已读来源未提供该维度的稳定全覆盖表；本轮未建立额外逐单元来源,这是本轮证据缺口，不断言其他官方资料不存在；后续需逐表核验,原来源已查；扩展来源待核验
覆盖检查,CV01118,I3,B003,DIM-SEC,机构部门,无稳定公开数据,,B_S01,已读来源未提供该维度的稳定全覆盖表；本轮未建立额外逐单元来源,这是本轮证据缺口，不断言其他官方资料不存在；后续需逐表核验,原来源已查；扩展来源待核验
覆盖检查,CV01119,S4,B003,DIM-SEC,机构部门,无稳定公开数据,,B_S01,已读来源未提供该维度的稳定全覆盖表；本轮未建立额外逐单元来源,这是本轮证据缺口，不断言其他官方资料不存在；后续需逐表核验,原来源已查；扩展来源待核验
覆盖检查,CV01120,D1,B003,DIM-SEC,机构部门,无稳定公开数据,,B_S01,已读来源未提供该维度的稳定全覆盖表；本轮未建立额外逐单元来源,这是本轮证据缺口，不断言其他官方资料不存在；后续需逐表核验,原来源已查；扩展来源待核验
覆盖检查,CV01121,F2,B004,DIM-NAT,全国,已覆盖,规上工业法人合计,B_S01,正文与表1—3；门槛2000万元。,,已读原表/定义；仅所列范围
覆盖检查,CV01122,F2,B004,DIM-PROV,省级,无稳定公开数据,,B_S01,本页没有31省表,逐省公开连续性未核验。,已读原表/定义；仅所列范围
覆盖检查,CV01123,F2,B004,DIM-PREF,地级,无稳定公开数据,,B_S01,已读来源未提供该维度的稳定全覆盖表；本轮未建立额外逐单元来源,这是本轮证据缺口，不断言其他官方资料不存在；后续需逐表核验,原来源已查；扩展来源待核验
覆盖检查,CV01124,F2,B004,DIM-IND,行业,无稳定公开数据,,B_S01,该存量在本文正文有全国值,本轮未核验该存量行业数据。,已读原表/定义；仅所列范围
覆盖检查,CV01125,F2,B004,DIM-FIRM,企业类型,无稳定公开数据,,B_S01,该存量在本文正文有全国值,未把其他比率分组覆盖推广到财务存量。,已读原表/定义；仅所列范围
覆盖检查,CV01126,F2,B004,DIM-HH,居民群体,不适用,,B_S01,本指标定义不直接接受该维度拆分,不得借用同名但不同范围指标填补,适用性判断
覆盖检查,CV01127,F2,B004,DIM-SEC,机构部门,无稳定公开数据,,B_S01,已读来源未提供该维度的稳定全覆盖表；本轮未建立额外逐单元来源,这是本轮证据缺口，不断言其他官方资料不存在；后续需逐表核验,原来源已查；扩展来源待核验
覆盖检查,CV01128,F1,B005,DIM-NAT,全国,已覆盖,规上工业法人合计,B_S01,正文与表1—3；门槛2000万元。,,已读原表/定义；仅所列范围
覆盖检查,CV01129,F2,B005,DIM-NAT,全国,已覆盖,规上工业法人合计,B_S01,正文与表1—3；门槛2000万元。,,已读原表/定义；仅所列范围
覆盖检查,CV01130,F1,B005,DIM-PROV,省级,无稳定公开数据,,B_S01,本页没有31省表,逐省公开连续性未核验。,已读原表/定义；仅所列范围
覆盖检查,CV01131,F2,B005,DIM-PROV,省级,无稳定公开数据,,B_S01,本页没有31省表,逐省公开连续性未核验。,已读原表/定义；仅所列范围
覆盖检查,CV01132,F1,B005,DIM-PREF,地级,无稳定公开数据,,B_S01,已读来源未提供该维度的稳定全覆盖表；本轮未建立额外逐单元来源,这是本轮证据缺口，不断言其他官方资料不存在；后续需逐表核验,原来源已查；扩展来源待核验
覆盖检查,CV01133,F2,B005,DIM-PREF,地级,无稳定公开数据,,B_S01,已读来源未提供该维度的稳定全覆盖表；本轮未建立额外逐单元来源,这是本轮证据缺口，不断言其他官方资料不存在；后续需逐表核验,原来源已查；扩展来源待核验
覆盖检查,CV01134,F1,B005,DIM-IND,行业,无稳定公开数据,,B_S01,该存量在本文正文有全国值,本轮未核验该存量行业数据。,已读原表/定义；仅所列范围
覆盖检查,CV01135,F2,B005,DIM-IND,行业,无稳定公开数据,,B_S01,该存量在本文正文有全国值,本轮未核验该存量行业数据。,已读原表/定义；仅所列范围
覆盖检查,CV01136,F1,B005,DIM-FIRM,企业类型,无稳定公开数据,,B_S01,该存量在本文正文有全国值,未把其他比率分组覆盖推广到财务存量。,已读原表/定义；仅所列范围
覆盖检查,CV01137,F2,B005,DIM-FIRM,企业类型,无稳定公开数据,,B_S01,该存量在本文正文有全国值,未把其他比率分组覆盖推广到财务存量。,已读原表/定义；仅所列范围
覆盖检查,CV01138,F1,B005,DIM-HH,居民群体,不适用,,B_S01,本指标定义不直接接受该维度拆分,不得借用同名但不同范围指标填补,适用性判断
覆盖检查,CV01139,F2,B005,DIM-HH,居民群体,不适用,,B_S01,本指标定义不直接接受该维度拆分,不得借用同名但不同范围指标填补,适用性判断
覆盖检查,CV01140,F1,B005,DIM-SEC,机构部门,无稳定公开数据,,B_S01,已读来源未提供该维度的稳定全覆盖表；本轮未建立额外逐单元来源,这是本轮证据缺口，不断言其他官方资料不存在；后续需逐表核验,原来源已查；扩展来源待核验
覆盖检查,CV01141,F2,B005,DIM-SEC,机构部门,无稳定公开数据,,B_S01,已读来源未提供该维度的稳定全覆盖表；本轮未建立额外逐单元来源,这是本轮证据缺口，不断言其他官方资料不存在；后续需逐表核验,原来源已查；扩展来源待核验
覆盖检查,CV01142,F2,B006,DIM-NAT,全国,已覆盖,规上工业法人合计,B_S01,正文与表1—3；门槛2000万元。,,已读原表/定义；仅所列范围
覆盖检查,CV01143,D1,B006,DIM-NAT,全国,已覆盖,规上工业法人合计,B_S01,正文与表1—3；门槛2000万元。,,已读原表/定义；仅所列范围
覆盖检查,CV01144,F2,B006,DIM-PROV,省级,无稳定公开数据,,B_S01,本页没有31省表,逐省公开连续性未核验。,已读原表/定义；仅所列范围
覆盖检查,CV01145,D1,B006,DIM-PROV,省级,无稳定公开数据,,B_S01,本页没有31省表,逐省公开连续性未核验。,已读原表/定义；仅所列范围
覆盖检查,CV01146,F2,B006,DIM-PREF,地级,无稳定公开数据,,B_S01,已读来源未提供该维度的稳定全覆盖表；本轮未建立额外逐单元来源,这是本轮证据缺口，不断言其他官方资料不存在；后续需逐表核验,原来源已查；扩展来源待核验
覆盖检查,CV01147,D1,B006,DIM-PREF,地级,无稳定公开数据,,B_S01,已读来源未提供该维度的稳定全覆盖表；本轮未建立额外逐单元来源,这是本轮证据缺口，不断言其他官方资料不存在；后续需逐表核验,原来源已查；扩展来源待核验
覆盖检查,CV01148,F2,B006,DIM-IND,行业,无稳定公开数据,,B_S01,该存量在本文正文有全国值,本轮未核验该存量行业数据。,已读原表/定义；仅所列范围
覆盖检查,CV01149,D1,B006,DIM-IND,行业,无稳定公开数据,,B_S01,该存量在本文正文有全国值,本轮未核验该存量行业数据。,已读原表/定义；仅所列范围
覆盖检查,CV01150,F2,B006,DIM-FIRM,企业类型,无稳定公开数据,,B_S01,该存量在本文正文有全国值,未把其他比率分组覆盖推广到财务存量。,已读原表/定义；仅所列范围
覆盖检查,CV01151,D1,B006,DIM-FIRM,企业类型,无稳定公开数据,,B_S01,该存量在本文正文有全国值,未把其他比率分组覆盖推广到财务存量。,已读原表/定义；仅所列范围
覆盖检查,CV01152,F2,B006,DIM-HH,居民群体,不适用,,B_S01,本指标定义不直接接受该维度拆分,不得借用同名但不同范围指标填补,适用性判断
覆盖检查,CV01153,D1,B006,DIM-HH,居民群体,不适用,,B_S01,本指标定义不直接接受该维度拆分,不得借用同名但不同范围指标填补,适用性判断
覆盖检查,CV01154,F2,B006,DIM-SEC,机构部门,无稳定公开数据,,B_S01,已读来源未提供该维度的稳定全覆盖表；本轮未建立额外逐单元来源,这是本轮证据缺口，不断言其他官方资料不存在；后续需逐表核验,原来源已查；扩展来源待核验
覆盖检查,CV01155,D1,B006,DIM-SEC,机构部门,无稳定公开数据,,B_S01,已读来源未提供该维度的稳定全覆盖表；本轮未建立额外逐单元来源,这是本轮证据缺口，不断言其他官方资料不存在；后续需逐表核验,原来源已查；扩展来源待核验
覆盖检查,CV01156,F2,B007,DIM-NAT,全国,已覆盖,规上工业法人合计,B_S01,正文与表1—3；门槛2000万元。,,已读原表/定义；仅所列范围
覆盖检查,CV01157,D1,B007,DIM-NAT,全国,已覆盖,规上工业法人合计,B_S01,正文与表1—3；门槛2000万元。,,已读原表/定义；仅所列范围
覆盖检查,CV01158,F2,B007,DIM-PROV,省级,无稳定公开数据,,B_S01,本页没有31省表,逐省公开连续性未核验。,已读原表/定义；仅所列范围
覆盖检查,CV01159,D1,B007,DIM-PROV,省级,无稳定公开数据,,B_S01,本页没有31省表,逐省公开连续性未核验。,已读原表/定义；仅所列范围
覆盖检查,CV01160,F2,B007,DIM-PREF,地级,无稳定公开数据,,B_S01,已读来源未提供该维度的稳定全覆盖表；本轮未建立额外逐单元来源,这是本轮证据缺口，不断言其他官方资料不存在；后续需逐表核验,原来源已查；扩展来源待核验
覆盖检查,CV01161,D1,B007,DIM-PREF,地级,无稳定公开数据,,B_S01,已读来源未提供该维度的稳定全覆盖表；本轮未建立额外逐单元来源,这是本轮证据缺口，不断言其他官方资料不存在；后续需逐表核验,原来源已查；扩展来源待核验
覆盖检查,CV01162,F2,B007,DIM-IND,行业,无稳定公开数据,,B_S01,该存量在本文正文有全国值,本轮未核验该存量行业数据。,已读原表/定义；仅所列范围
覆盖检查,CV01163,D1,B007,DIM-IND,行业,无稳定公开数据,,B_S01,该存量在本文正文有全国值,本轮未核验该存量行业数据。,已读原表/定义；仅所列范围
覆盖检查,CV01164,F2,B007,DIM-FIRM,企业类型,无稳定公开数据,,B_S01,该存量在本文正文有全国值,未把其他比率分组覆盖推广到财务存量。,已读原表/定义；仅所列范围
覆盖检查,CV01165,D1,B007,DIM-FIRM,企业类型,无稳定公开数据,,B_S01,该存量在本文正文有全国值,未把其他比率分组覆盖推广到财务存量。,已读原表/定义；仅所列范围
覆盖检查,CV01166,F2,B007,DIM-HH,居民群体,不适用,,B_S01,本指标定义不直接接受该维度拆分,不得借用同名但不同范围指标填补,适用性判断
覆盖检查,CV01167,D1,B007,DIM-HH,居民群体,不适用,,B_S01,本指标定义不直接接受该维度拆分,不得借用同名但不同范围指标填补,适用性判断
覆盖检查,CV01168,F2,B007,DIM-SEC,机构部门,无稳定公开数据,,B_S01,已读来源未提供该维度的稳定全覆盖表；本轮未建立额外逐单元来源,这是本轮证据缺口，不断言其他官方资料不存在；后续需逐表核验,原来源已查；扩展来源待核验
覆盖检查,CV01169,D1,B007,DIM-SEC,机构部门,无稳定公开数据,,B_S01,已读来源未提供该维度的稳定全覆盖表；本轮未建立额外逐单元来源,这是本轮证据缺口，不断言其他官方资料不存在；后续需逐表核验,原来源已查；扩展来源待核验
覆盖检查,CV01170,K1,B008,DIM-NAT,全国,已覆盖,规上工业法人合计,B_S01,正文与表1—3；门槛2000万元。,,已读原表/定义；仅所列范围
覆盖检查,CV01171,D1,B008,DIM-NAT,全国,已覆盖,规上工业法人合计,B_S01,正文与表1—3；门槛2000万元。,,已读原表/定义；仅所列范围
覆盖检查,CV01172,K1,B008,DIM-PROV,省级,无稳定公开数据,,B_S01,本页没有31省表,逐省公开连续性未核验。,已读原表/定义；仅所列范围
覆盖检查,CV01173,D1,B008,DIM-PROV,省级,无稳定公开数据,,B_S01,本页没有31省表,逐省公开连续性未核验。,已读原表/定义；仅所列范围
覆盖检查,CV01174,K1,B008,DIM-PREF,地级,无稳定公开数据,,B_S01,已读来源未提供该维度的稳定全覆盖表；本轮未建立额外逐单元来源,这是本轮证据缺口，不断言其他官方资料不存在；后续需逐表核验,原来源已查；扩展来源待核验
覆盖检查,CV01175,D1,B008,DIM-PREF,地级,无稳定公开数据,,B_S01,已读来源未提供该维度的稳定全覆盖表；本轮未建立额外逐单元来源,这是本轮证据缺口，不断言其他官方资料不存在；后续需逐表核验,原来源已查；扩展来源待核验
覆盖检查,CV01176,K1,B008,DIM-IND,行业,无稳定公开数据,,B_S01,该存量在本文正文有全国值,本轮未核验该存量行业数据。,已读原表/定义；仅所列范围
覆盖检查,CV01177,D1,B008,DIM-IND,行业,无稳定公开数据,,B_S01,该存量在本文正文有全国值,本轮未核验该存量行业数据。,已读原表/定义；仅所列范围
覆盖检查,CV01178,K1,B008,DIM-FIRM,企业类型,无稳定公开数据,,B_S01,该存量在本文正文有全国值,未把其他比率分组覆盖推广到财务存量。,已读原表/定义；仅所列范围
覆盖检查,CV01179,D1,B008,DIM-FIRM,企业类型,无稳定公开数据,,B_S01,该存量在本文正文有全国值,未把其他比率分组覆盖推广到财务存量。,已读原表/定义；仅所列范围
覆盖检查,CV01180,K1,B008,DIM-HH,居民群体,不适用,,B_S01,本指标定义不直接接受该维度拆分,不得借用同名但不同范围指标填补,适用性判断
覆盖检查,CV01181,D1,B008,DIM-HH,居民群体,不适用,,B_S01,本指标定义不直接接受该维度拆分,不得借用同名但不同范围指标填补,适用性判断
覆盖检查,CV01182,K1,B008,DIM-SEC,机构部门,无稳定公开数据,,B_S01,已读来源未提供该维度的稳定全覆盖表；本轮未建立额外逐单元来源,这是本轮证据缺口，不断言其他官方资料不存在；后续需逐表核验,原来源已查；扩展来源待核验
覆盖检查,CV01183,D1,B008,DIM-SEC,机构部门,无稳定公开数据,,B_S01,已读来源未提供该维度的稳定全覆盖表；本轮未建立额外逐单元来源,这是本轮证据缺口，不断言其他官方资料不存在；后续需逐表核验,原来源已查；扩展来源待核验
覆盖检查,CV01184,F2,B009,DIM-NAT,全国,已覆盖,规上工业法人合计,B_S01,正文与表1—3；门槛2000万元。,,已读原表/定义；仅所列范围
覆盖检查,CV01185,I3,B009,DIM-NAT,全国,已覆盖,规上工业法人合计,B_S01,正文与表1—3；门槛2000万元。,,已读原表/定义；仅所列范围
覆盖检查,CV01186,S4,B009,DIM-NAT,全国,已覆盖,规上工业法人合计,B_S01,正文与表1—3；门槛2000万元。,,已读原表/定义；仅所列范围
覆盖检查,CV01187,D1,B009,DIM-NAT,全国,已覆盖,规上工业法人合计,B_S01,正文与表1—3；门槛2000万元。,,已读原表/定义；仅所列范围
覆盖检查,CV01188,F2,B009,DIM-PROV,省级,无稳定公开数据,,B_S01,本页没有31省表,逐省公开连续性未核验。,已读原表/定义；仅所列范围
覆盖检查,CV01189,I3,B009,DIM-PROV,省级,无稳定公开数据,,B_S01,本页没有31省表,逐省公开连续性未核验。,已读原表/定义；仅所列范围
覆盖检查,CV01190,S4,B009,DIM-PROV,省级,无稳定公开数据,,B_S01,本页没有31省表,逐省公开连续性未核验。,已读原表/定义；仅所列范围
覆盖检查,CV01191,D1,B009,DIM-PROV,省级,无稳定公开数据,,B_S01,本页没有31省表,逐省公开连续性未核验。,已读原表/定义；仅所列范围
覆盖检查,CV01192,F2,B009,DIM-PREF,地级,无稳定公开数据,,B_S01,已读来源未提供该维度的稳定全覆盖表；本轮未建立额外逐单元来源,这是本轮证据缺口，不断言其他官方资料不存在；后续需逐表核验,原来源已查；扩展来源待核验
覆盖检查,CV01193,I3,B009,DIM-PREF,地级,无稳定公开数据,,B_S01,已读来源未提供该维度的稳定全覆盖表；本轮未建立额外逐单元来源,这是本轮证据缺口，不断言其他官方资料不存在；后续需逐表核验,原来源已查；扩展来源待核验
覆盖检查,CV01194,S4,B009,DIM-PREF,地级,无稳定公开数据,,B_S01,已读来源未提供该维度的稳定全覆盖表；本轮未建立额外逐单元来源,这是本轮证据缺口，不断言其他官方资料不存在；后续需逐表核验,原来源已查；扩展来源待核验
覆盖检查,CV01195,D1,B009,DIM-PREF,地级,无稳定公开数据,,B_S01,已读来源未提供该维度的稳定全覆盖表；本轮未建立额外逐单元来源,这是本轮证据缺口，不断言其他官方资料不存在；后续需逐表核验,原来源已查；扩展来源待核验
覆盖检查,CV01196,F2,B009,DIM-IND,行业,部分覆盖,采矿业；制造业；电力、热力、燃气及水生产和供应业,B_S01,表2三大工业门类的经济效益指标,未在本文取得所有细分行业本指标，不能把表3利润分组套给本指标。,已读原表/定义；仅所列范围
覆盖检查,CV01197,I3,B009,DIM-IND,行业,部分覆盖,采矿业；制造业；电力、热力、燃气及水生产和供应业,B_S01,表2三大工业门类的经济效益指标,未在本文取得所有细分行业本指标，不能把表3利润分组套给本指标。,已读原表/定义；仅所列范围
覆盖检查,CV01198,S4,B009,DIM-IND,行业,部分覆盖,采矿业；制造业；电力、热力、燃气及水生产和供应业,B_S01,表2三大工业门类的经济效益指标,未在本文取得所有细分行业本指标，不能把表3利润分组套给本指标。,已读原表/定义；仅所列范围
覆盖检查,CV01199,D1,B009,DIM-IND,行业,部分覆盖,采矿业；制造业；电力、热力、燃气及水生产和供应业,B_S01,表2三大工业门类的经济效益指标,未在本文取得所有细分行业本指标，不能把表3利润分组套给本指标。,已读原表/定义；仅所列范围
覆盖检查,CV01200,F2,B009,DIM-FIRM,企业类型,部分覆盖,国有控股企业；股份制企业；外商及港澳台投资企业；私营企业,B_S01,表1及表2经济类型分组,类型交叉不可加总；不是规模以下或全部私营企业。,已读原表/定义；仅所列范围
覆盖检查,CV01201,I3,B009,DIM-FIRM,企业类型,部分覆盖,国有控股企业；股份制企业；外商及港澳台投资企业；私营企业,B_S01,表1及表2经济类型分组,类型交叉不可加总；不是规模以下或全部私营企业。,已读原表/定义；仅所列范围
覆盖检查,CV01202,S4,B009,DIM-FIRM,企业类型,部分覆盖,国有控股企业；股份制企业；外商及港澳台投资企业；私营企业,B_S01,表1及表2经济类型分组,类型交叉不可加总；不是规模以下或全部私营企业。,已读原表/定义；仅所列范围
覆盖检查,CV01203,D1,B009,DIM-FIRM,企业类型,部分覆盖,国有控股企业；股份制企业；外商及港澳台投资企业；私营企业,B_S01,表1及表2经济类型分组,类型交叉不可加总；不是规模以下或全部私营企业。,已读原表/定义；仅所列范围
覆盖检查,CV01204,F2,B009,DIM-HH,居民群体,不适用,,B_S01,本指标定义不直接接受该维度拆分,不得借用同名但不同范围指标填补,适用性判断
覆盖检查,CV01205,I3,B009,DIM-HH,居民群体,不适用,,B_S01,本指标定义不直接接受该维度拆分,不得借用同名但不同范围指标填补,适用性判断
覆盖检查,CV01206,S4,B009,DIM-HH,居民群体,不适用,,B_S01,本指标定义不直接接受该维度拆分,不得借用同名但不同范围指标填补,适用性判断
覆盖检查,CV01207,D1,B009,DIM-HH,居民群体,不适用,,B_S01,本指标定义不直接接受该维度拆分,不得借用同名但不同范围指标填补,适用性判断
覆盖检查,CV01208,F2,B009,DIM-SEC,机构部门,无稳定公开数据,,B_S01,已读来源未提供该维度的稳定全覆盖表；本轮未建立额外逐单元来源,这是本轮证据缺口，不断言其他官方资料不存在；后续需逐表核验,原来源已查；扩展来源待核验
覆盖检查,CV01209,I3,B009,DIM-SEC,机构部门,无稳定公开数据,,B_S01,已读来源未提供该维度的稳定全覆盖表；本轮未建立额外逐单元来源,这是本轮证据缺口，不断言其他官方资料不存在；后续需逐表核验,原来源已查；扩展来源待核验
覆盖检查,CV01210,S4,B009,DIM-SEC,机构部门,无稳定公开数据,,B_S01,已读来源未提供该维度的稳定全覆盖表；本轮未建立额外逐单元来源,这是本轮证据缺口，不断言其他官方资料不存在；后续需逐表核验,原来源已查；扩展来源待核验
覆盖检查,CV01211,D1,B009,DIM-SEC,机构部门,无稳定公开数据,,B_S01,已读来源未提供该维度的稳定全覆盖表；本轮未建立额外逐单元来源,这是本轮证据缺口，不断言其他官方资料不存在；后续需逐表核验,原来源已查；扩展来源待核验
覆盖检查,CV01212,F2,B010,DIM-NAT,全国,已覆盖,规上工业法人合计,B_S01,正文与表1—3；门槛2000万元。,,已读原表/定义；仅所列范围
覆盖检查,CV01213,F2,B010,DIM-PROV,省级,无稳定公开数据,,B_S01,本页没有31省表,逐省公开连续性未核验。,已读原表/定义；仅所列范围
覆盖检查,CV01214,F2,B010,DIM-PREF,地级,无稳定公开数据,,B_S01,已读来源未提供该维度的稳定全覆盖表；本轮未建立额外逐单元来源,这是本轮证据缺口，不断言其他官方资料不存在；后续需逐表核验,原来源已查；扩展来源待核验
覆盖检查,CV01215,F2,B010,DIM-IND,行业,部分覆盖,采矿业；制造业；电力、热力、燃气及水生产和供应业,B_S01,表2三大工业门类的经济效益指标,未在本文取得所有细分行业本指标，不能把表3利润分组套给本指标。,已读原表/定义；仅所列范围
覆盖检查,CV01216,F2,B010,DIM-FIRM,企业类型,部分覆盖,国有控股企业；股份制企业；外商及港澳台投资企业；私营企业,B_S01,表1及表2经济类型分组,类型交叉不可加总；不是规模以下或全部私营企业。,已读原表/定义；仅所列范围
覆盖检查,CV01217,F2,B010,DIM-HH,居民群体,不适用,,B_S01,本指标定义不直接接受该维度拆分,不得借用同名但不同范围指标填补,适用性判断
覆盖检查,CV01218,F2,B010,DIM-SEC,机构部门,无稳定公开数据,,B_S01,已读来源未提供该维度的稳定全覆盖表；本轮未建立额外逐单元来源,这是本轮证据缺口，不断言其他官方资料不存在；后续需逐表核验,原来源已查；扩展来源待核验
覆盖检查,CV01219,F2,B011,DIM-NAT,全国,已覆盖,规上工业法人合计,B_S01,正文与表1—3；门槛2000万元。,,已读原表/定义；仅所列范围
覆盖检查,CV01220,F2,B011,DIM-PROV,省级,无稳定公开数据,,B_S01,本页没有31省表,逐省公开连续性未核验。,已读原表/定义；仅所列范围
覆盖检查,CV01221,F2,B011,DIM-PREF,地级,无稳定公开数据,,B_S01,已读来源未提供该维度的稳定全覆盖表；本轮未建立额外逐单元来源,这是本轮证据缺口，不断言其他官方资料不存在；后续需逐表核验,原来源已查；扩展来源待核验
覆盖检查,CV01222,F2,B011,DIM-IND,行业,部分覆盖,采矿业；制造业；电力、热力、燃气及水生产和供应业,B_S01,表2三大工业门类的经济效益指标,未在本文取得所有细分行业本指标，不能把表3利润分组套给本指标。,已读原表/定义；仅所列范围
覆盖检查,CV01223,F2,B011,DIM-FIRM,企业类型,部分覆盖,国有控股企业；股份制企业；外商及港澳台投资企业；私营企业,B_S01,表1及表2经济类型分组,类型交叉不可加总；不是规模以下或全部私营企业。,已读原表/定义；仅所列范围
覆盖检查,CV01224,F2,B011,DIM-HH,居民群体,不适用,,B_S01,本指标定义不直接接受该维度拆分,不得借用同名但不同范围指标填补,适用性判断
覆盖检查,CV01225,F2,B011,DIM-SEC,机构部门,无稳定公开数据,,B_S01,已读来源未提供该维度的稳定全覆盖表；本轮未建立额外逐单元来源,这是本轮证据缺口，不断言其他官方资料不存在；后续需逐表核验,原来源已查；扩展来源待核验
覆盖检查,CV01226,K1,B012,DIM-NAT,全国,已覆盖,规上工业法人合计,B_S01,正文与表1—3；门槛2000万元。,,已读原表/定义；仅所列范围
覆盖检查,CV01227,S4,B012,DIM-NAT,全国,已覆盖,规上工业法人合计,B_S01,正文与表1—3；门槛2000万元。,,已读原表/定义；仅所列范围
覆盖检查,CV01228,D1,B012,DIM-NAT,全国,已覆盖,规上工业法人合计,B_S01,正文与表1—3；门槛2000万元。,,已读原表/定义；仅所列范围
覆盖检查,CV01229,K1,B012,DIM-PROV,省级,无稳定公开数据,,B_S01,本页没有31省表,逐省公开连续性未核验。,已读原表/定义；仅所列范围
覆盖检查,CV01230,S4,B012,DIM-PROV,省级,无稳定公开数据,,B_S01,本页没有31省表,逐省公开连续性未核验。,已读原表/定义；仅所列范围
覆盖检查,CV01231,D1,B012,DIM-PROV,省级,无稳定公开数据,,B_S01,本页没有31省表,逐省公开连续性未核验。,已读原表/定义；仅所列范围
覆盖检查,CV01232,K1,B012,DIM-PREF,地级,无稳定公开数据,,B_S01,已读来源未提供该维度的稳定全覆盖表；本轮未建立额外逐单元来源,这是本轮证据缺口，不断言其他官方资料不存在；后续需逐表核验,原来源已查；扩展来源待核验
覆盖检查,CV01233,S4,B012,DIM-PREF,地级,无稳定公开数据,,B_S01,已读来源未提供该维度的稳定全覆盖表；本轮未建立额外逐单元来源,这是本轮证据缺口，不断言其他官方资料不存在；后续需逐表核验,原来源已查；扩展来源待核验
覆盖检查,CV01234,D1,B012,DIM-PREF,地级,无稳定公开数据,,B_S01,已读来源未提供该维度的稳定全覆盖表；本轮未建立额外逐单元来源,这是本轮证据缺口，不断言其他官方资料不存在；后续需逐表核验,原来源已查；扩展来源待核验
覆盖检查,CV01235,K1,B012,DIM-IND,行业,部分覆盖,采矿业；制造业；电力、热力、燃气及水生产和供应业,B_S01,表2三大工业门类的经济效益指标,未在本文取得所有细分行业本指标，不能把表3利润分组套给本指标。,已读原表/定义；仅所列范围
覆盖检查,CV01236,S4,B012,DIM-IND,行业,部分覆盖,采矿业；制造业；电力、热力、燃气及水生产和供应业,B_S01,表2三大工业门类的经济效益指标,未在本文取得所有细分行业本指标，不能把表3利润分组套给本指标。,已读原表/定义；仅所列范围
覆盖检查,CV01237,D1,B012,DIM-IND,行业,部分覆盖,采矿业；制造业；电力、热力、燃气及水生产和供应业,B_S01,表2三大工业门类的经济效益指标,未在本文取得所有细分行业本指标，不能把表3利润分组套给本指标。,已读原表/定义；仅所列范围
覆盖检查,CV01238,K1,B012,DIM-FIRM,企业类型,部分覆盖,国有控股企业；股份制企业；外商及港澳台投资企业；私营企业,B_S01,表1及表2经济类型分组,类型交叉不可加总；不是规模以下或全部私营企业。,已读原表/定义；仅所列范围
覆盖检查,CV01239,S4,B012,DIM-FIRM,企业类型,部分覆盖,国有控股企业；股份制企业；外商及港澳台投资企业；私营企业,B_S01,表1及表2经济类型分组,类型交叉不可加总；不是规模以下或全部私营企业。,已读原表/定义；仅所列范围
覆盖检查,CV01240,D1,B012,DIM-FIRM,企业类型,部分覆盖,国有控股企业；股份制企业；外商及港澳台投资企业；私营企业,B_S01,表1及表2经济类型分组,类型交叉不可加总；不是规模以下或全部私营企业。,已读原表/定义；仅所列范围
覆盖检查,CV01241,K1,B012,DIM-HH,居民群体,不适用,,B_S01,本指标定义不直接接受该维度拆分,不得借用同名但不同范围指标填补,适用性判断
覆盖检查,CV01242,S4,B012,DIM-HH,居民群体,不适用,,B_S01,本指标定义不直接接受该维度拆分,不得借用同名但不同范围指标填补,适用性判断
覆盖检查,CV01243,D1,B012,DIM-HH,居民群体,不适用,,B_S01,本指标定义不直接接受该维度拆分,不得借用同名但不同范围指标填补,适用性判断
覆盖检查,CV01244,K1,B012,DIM-SEC,机构部门,无稳定公开数据,,B_S01,已读来源未提供该维度的稳定全覆盖表；本轮未建立额外逐单元来源,这是本轮证据缺口，不断言其他官方资料不存在；后续需逐表核验,原来源已查；扩展来源待核验
覆盖检查,CV01245,S4,B012,DIM-SEC,机构部门,无稳定公开数据,,B_S01,已读来源未提供该维度的稳定全覆盖表；本轮未建立额外逐单元来源,这是本轮证据缺口，不断言其他官方资料不存在；后续需逐表核验,原来源已查；扩展来源待核验
覆盖检查,CV01246,D1,B012,DIM-SEC,机构部门,无稳定公开数据,,B_S01,已读来源未提供该维度的稳定全覆盖表；本轮未建立额外逐单元来源,这是本轮证据缺口，不断言其他官方资料不存在；后续需逐表核验,原来源已查；扩展来源待核验
覆盖检查,CV01247,G2,B013,DIM-NAT,全国,已覆盖,规上工业法人合计,B_S01,正文与表1—3；门槛2000万元。,,已读原表/定义；仅所列范围
覆盖检查,CV01248,G4,B013,DIM-NAT,全国,已覆盖,规上工业法人合计,B_S01,正文与表1—3；门槛2000万元。,,已读原表/定义；仅所列范围
覆盖检查,CV01249,S4,B013,DIM-NAT,全国,已覆盖,规上工业法人合计,B_S01,正文与表1—3；门槛2000万元。,,已读原表/定义；仅所列范围
覆盖检查,CV01250,G2,B013,DIM-PROV,省级,无稳定公开数据,,B_S01,本页没有31省表,逐省公开连续性未核验。,已读原表/定义；仅所列范围
覆盖检查,CV01251,G4,B013,DIM-PROV,省级,无稳定公开数据,,B_S01,本页没有31省表,逐省公开连续性未核验。,已读原表/定义；仅所列范围
覆盖检查,CV01252,S4,B013,DIM-PROV,省级,无稳定公开数据,,B_S01,本页没有31省表,逐省公开连续性未核验。,已读原表/定义；仅所列范围
覆盖检查,CV01253,G2,B013,DIM-PREF,地级,无稳定公开数据,,B_S01,已读来源未提供该维度的稳定全覆盖表；本轮未建立额外逐单元来源,这是本轮证据缺口，不断言其他官方资料不存在；后续需逐表核验,原来源已查；扩展来源待核验
覆盖检查,CV01254,G4,B013,DIM-PREF,地级,无稳定公开数据,,B_S01,已读来源未提供该维度的稳定全覆盖表；本轮未建立额外逐单元来源,这是本轮证据缺口，不断言其他官方资料不存在；后续需逐表核验,原来源已查；扩展来源待核验
覆盖检查,CV01255,S4,B013,DIM-PREF,地级,无稳定公开数据,,B_S01,已读来源未提供该维度的稳定全覆盖表；本轮未建立额外逐单元来源,这是本轮证据缺口，不断言其他官方资料不存在；后续需逐表核验,原来源已查；扩展来源待核验
覆盖检查,CV01256,G2,B013,DIM-IND,行业,部分覆盖,采矿业；制造业；电力、热力、燃气及水生产和供应业,B_S01,表2三大工业门类的经济效益指标,未在本文取得所有细分行业本指标，不能把表3利润分组套给本指标。,已读原表/定义；仅所列范围
覆盖检查,CV01257,G4,B013,DIM-IND,行业,部分覆盖,采矿业；制造业；电力、热力、燃气及水生产和供应业,B_S01,表2三大工业门类的经济效益指标,未在本文取得所有细分行业本指标，不能把表3利润分组套给本指标。,已读原表/定义；仅所列范围
覆盖检查,CV01258,S4,B013,DIM-IND,行业,部分覆盖,采矿业；制造业；电力、热力、燃气及水生产和供应业,B_S01,表2三大工业门类的经济效益指标,未在本文取得所有细分行业本指标，不能把表3利润分组套给本指标。,已读原表/定义；仅所列范围
覆盖检查,CV01259,G2,B013,DIM-FIRM,企业类型,部分覆盖,国有控股企业；股份制企业；外商及港澳台投资企业；私营企业,B_S01,表1及表2经济类型分组,类型交叉不可加总；不是规模以下或全部私营企业。,已读原表/定义；仅所列范围
覆盖检查,CV01260,G4,B013,DIM-FIRM,企业类型,部分覆盖,国有控股企业；股份制企业；外商及港澳台投资企业；私营企业,B_S01,表1及表2经济类型分组,类型交叉不可加总；不是规模以下或全部私营企业。,已读原表/定义；仅所列范围
覆盖检查,CV01261,S4,B013,DIM-FIRM,企业类型,部分覆盖,国有控股企业；股份制企业；外商及港澳台投资企业；私营企业,B_S01,表1及表2经济类型分组,类型交叉不可加总；不是规模以下或全部私营企业。,已读原表/定义；仅所列范围
覆盖检查,CV01262,G2,B013,DIM-HH,居民群体,不适用,,B_S01,本指标定义不直接接受该维度拆分,不得借用同名但不同范围指标填补,适用性判断
覆盖检查,CV01263,G4,B013,DIM-HH,居民群体,不适用,,B_S01,本指标定义不直接接受该维度拆分,不得借用同名但不同范围指标填补,适用性判断
覆盖检查,CV01264,S4,B013,DIM-HH,居民群体,不适用,,B_S01,本指标定义不直接接受该维度拆分,不得借用同名但不同范围指标填补,适用性判断
覆盖检查,CV01265,G2,B013,DIM-SEC,机构部门,无稳定公开数据,,B_S01,已读来源未提供该维度的稳定全覆盖表；本轮未建立额外逐单元来源,这是本轮证据缺口，不断言其他官方资料不存在；后续需逐表核验,原来源已查；扩展来源待核验
覆盖检查,CV01266,G4,B013,DIM-SEC,机构部门,无稳定公开数据,,B_S01,已读来源未提供该维度的稳定全覆盖表；本轮未建立额外逐单元来源,这是本轮证据缺口，不断言其他官方资料不存在；后续需逐表核验,原来源已查；扩展来源待核验
覆盖检查,CV01267,S4,B013,DIM-SEC,机构部门,无稳定公开数据,,B_S01,已读来源未提供该维度的稳定全覆盖表；本轮未建立额外逐单元来源,这是本轮证据缺口，不断言其他官方资料不存在；后续需逐表核验,原来源已查；扩展来源待核验
覆盖检查,CV01268,G2,B014,DIM-NAT,全国,已覆盖,规上工业法人合计,B_S01,正文与表1—3；门槛2000万元。,,已读原表/定义；仅所列范围
覆盖检查,CV01269,G4,B014,DIM-NAT,全国,已覆盖,规上工业法人合计,B_S01,正文与表1—3；门槛2000万元。,,已读原表/定义；仅所列范围
覆盖检查,CV01270,G2,B014,DIM-PROV,省级,无稳定公开数据,,B_S01,本页没有31省表,逐省公开连续性未核验。,已读原表/定义；仅所列范围
覆盖检查,CV01271,G4,B014,DIM-PROV,省级,无稳定公开数据,,B_S01,本页没有31省表,逐省公开连续性未核验。,已读原表/定义；仅所列范围
覆盖检查,CV01272,G2,B014,DIM-PREF,地级,无稳定公开数据,,B_S01,已读来源未提供该维度的稳定全覆盖表；本轮未建立额外逐单元来源,这是本轮证据缺口，不断言其他官方资料不存在；后续需逐表核验,原来源已查；扩展来源待核验
覆盖检查,CV01273,G4,B014,DIM-PREF,地级,无稳定公开数据,,B_S01,已读来源未提供该维度的稳定全覆盖表；本轮未建立额外逐单元来源,这是本轮证据缺口，不断言其他官方资料不存在；后续需逐表核验,原来源已查；扩展来源待核验
覆盖检查,CV01274,G2,B014,DIM-IND,行业,部分覆盖,采矿业；制造业；电力、热力、燃气及水生产和供应业,B_S01,表2三大工业门类的经济效益指标,未在本文取得所有细分行业本指标，不能把表3利润分组套给本指标。,已读原表/定义；仅所列范围
覆盖检查,CV01275,G4,B014,DIM-IND,行业,部分覆盖,采矿业；制造业；电力、热力、燃气及水生产和供应业,B_S01,表2三大工业门类的经济效益指标,未在本文取得所有细分行业本指标，不能把表3利润分组套给本指标。,已读原表/定义；仅所列范围
覆盖检查,CV01276,G2,B014,DIM-FIRM,企业类型,部分覆盖,国有控股企业；股份制企业；外商及港澳台投资企业；私营企业,B_S01,表1及表2经济类型分组,类型交叉不可加总；不是规模以下或全部私营企业。,已读原表/定义；仅所列范围
覆盖检查,CV01277,G4,B014,DIM-FIRM,企业类型,部分覆盖,国有控股企业；股份制企业；外商及港澳台投资企业；私营企业,B_S01,表1及表2经济类型分组,类型交叉不可加总；不是规模以下或全部私营企业。,已读原表/定义；仅所列范围
覆盖检查,CV01278,G2,B014,DIM-HH,居民群体,不适用,,B_S01,本指标定义不直接接受该维度拆分,不得借用同名但不同范围指标填补,适用性判断
覆盖检查,CV01279,G4,B014,DIM-HH,居民群体,不适用,,B_S01,本指标定义不直接接受该维度拆分,不得借用同名但不同范围指标填补,适用性判断
覆盖检查,CV01280,G2,B014,DIM-SEC,机构部门,无稳定公开数据,,B_S01,已读来源未提供该维度的稳定全覆盖表；本轮未建立额外逐单元来源,这是本轮证据缺口，不断言其他官方资料不存在；后续需逐表核验,原来源已查；扩展来源待核验
覆盖检查,CV01281,G4,B014,DIM-SEC,机构部门,无稳定公开数据,,B_S01,已读来源未提供该维度的稳定全覆盖表；本轮未建立额外逐单元来源,这是本轮证据缺口，不断言其他官方资料不存在；后续需逐表核验,原来源已查；扩展来源待核验
覆盖检查,CV01282,K2,B015,DIM-NAT,全国,已覆盖,不含农户固定资产投资,B_S02,正文与主要数据表,,已读原表/定义；仅所列范围
覆盖检查,CV01283,K4,B015,DIM-NAT,全国,已覆盖,不含农户固定资产投资,B_S02,正文与主要数据表,,已读原表/定义；仅所列范围
覆盖检查,CV01284,M3,B015,DIM-NAT,全国,已覆盖,不含农户固定资产投资,B_S02,正文与主要数据表,,已读原表/定义；仅所列范围
覆盖检查,CV01285,M4,B015,DIM-NAT,全国,已覆盖,不含农户固定资产投资,B_S02,正文与主要数据表,,已读原表/定义；仅所列范围
覆盖检查,CV01286,G2,B015,DIM-NAT,全国,已覆盖,不含农户固定资产投资,B_S02,正文与主要数据表,,已读原表/定义；仅所列范围
覆盖检查,CV01287,G4,B015,DIM-NAT,全国,已覆盖,不含农户固定资产投资,B_S02,正文与主要数据表,,已读原表/定义；仅所列范围
覆盖检查,CV01288,S1,B015,DIM-NAT,全国,已覆盖,不含农户固定资产投资,B_S02,正文与主要数据表,,已读原表/定义；仅所列范围
覆盖检查,CV01289,S4,B015,DIM-NAT,全国,已覆盖,不含农户固定资产投资,B_S02,正文与主要数据表,,已读原表/定义；仅所列范围
覆盖检查,CV01290,D1,B015,DIM-NAT,全国,已覆盖,不含农户固定资产投资,B_S02,正文与主要数据表,,已读原表/定义；仅所列范围
覆盖检查,CV01291,K2,B015,DIM-PROV,省级,部分覆盖,东部；中部；西部；东北；北京；天津；河北；山西；内蒙古；辽宁；吉林；黑龙江；上海；江苏；浙江；安徽；福建；江西；山东；河南；湖北；湖南；广东；广西；海南；重庆；四川；贵州；云南；西藏；陕西；甘肃；青海；宁夏；新疆,B_S02；R_REGION_INVESTMENT,仅四大区域合计及组成省份说明；表10-18，2024年31省目录×所列行业投资增速,B_S02月报仅四大区域；R_REGION_INVESTMENT另核得2024年31省×行业增速，部分单元缺失。；部分单元空白；未提供全部行业投资金额，不反推金额。,已读原表/定义；仅所列范围
覆盖检查,CV01292,K4,B015,DIM-PROV,省级,部分覆盖,东部；中部；西部；东北；北京；天津；河北；山西；内蒙古；辽宁；吉林；黑龙江；上海；江苏；浙江；安徽；福建；江西；山东；河南；湖北；湖南；广东；广西；海南；重庆；四川；贵州；云南；西藏；陕西；甘肃；青海；宁夏；新疆,B_S02；R_REGION_INVESTMENT,仅四大区域合计及组成省份说明；表10-18，2024年31省目录×所列行业投资增速,B_S02月报仅四大区域；R_REGION_INVESTMENT另核得2024年31省×行业增速，部分单元缺失。；部分单元空白；未提供全部行业投资金额，不反推金额。,已读原表/定义；仅所列范围
覆盖检查,CV01293,M3,B015,DIM-PROV,省级,部分覆盖,东部；中部；西部；东北；北京；天津；河北；山西；内蒙古；辽宁；吉林；黑龙江；上海；江苏；浙江；安徽；福建；江西；山东；河南；湖北；湖南；广东；广西；海南；重庆；四川；贵州；云南；西藏；陕西；甘肃；青海；宁夏；新疆,B_S02；R_REGION_INVESTMENT,仅四大区域合计及组成省份说明；表10-18，2024年31省目录×所列行业投资增速,B_S02月报仅四大区域；R_REGION_INVESTMENT另核得2024年31省×行业增速，部分单元缺失。；部分单元空白；未提供全部行业投资金额，不反推金额。,已读原表/定义；仅所列范围
覆盖检查,CV01294,M4,B015,DIM-PROV,省级,部分覆盖,东部；中部；西部；东北；北京；天津；河北；山西；内蒙古；辽宁；吉林；黑龙江；上海；江苏；浙江；安徽；福建；江西；山东；河南；湖北；湖南；广东；广西；海南；重庆；四川；贵州；云南；西藏；陕西；甘肃；青海；宁夏；新疆,B_S02；R_REGION_INVESTMENT,仅四大区域合计及组成省份说明；表10-18，2024年31省目录×所列行业投资增速,B_S02月报仅四大区域；R_REGION_INVESTMENT另核得2024年31省×行业增速，部分单元缺失。；部分单元空白；未提供全部行业投资金额，不反推金额。,已读原表/定义；仅所列范围
覆盖检查,CV01295,G2,B015,DIM-PROV,省级,部分覆盖,东部；中部；西部；东北；北京；天津；河北；山西；内蒙古；辽宁；吉林；黑龙江；上海；江苏；浙江；安徽；福建；江西；山东；河南；湖北；湖南；广东；广西；海南；重庆；四川；贵州；云南；西藏；陕西；甘肃；青海；宁夏；新疆,B_S02；R_REGION_INVESTMENT,仅四大区域合计及组成省份说明；表10-18，2024年31省目录×所列行业投资增速,B_S02月报仅四大区域；R_REGION_INVESTMENT另核得2024年31省×行业增速，部分单元缺失。；部分单元空白；未提供全部行业投资金额，不反推金额。,已读原表/定义；仅所列范围
覆盖检查,CV01296,G4,B015,DIM-PROV,省级,部分覆盖,东部；中部；西部；东北；北京；天津；河北；山西；内蒙古；辽宁；吉林；黑龙江；上海；江苏；浙江；安徽；福建；江西；山东；河南；湖北；湖南；广东；广西；海南；重庆；四川；贵州；云南；西藏；陕西；甘肃；青海；宁夏；新疆,B_S02；R_REGION_INVESTMENT,仅四大区域合计及组成省份说明；表10-18，2024年31省目录×所列行业投资增速,B_S02月报仅四大区域；R_REGION_INVESTMENT另核得2024年31省×行业增速，部分单元缺失。；部分单元空白；未提供全部行业投资金额，不反推金额。,已读原表/定义；仅所列范围
覆盖检查,CV01297,S1,B015,DIM-PROV,省级,部分覆盖,东部；中部；西部；东北；北京；天津；河北；山西；内蒙古；辽宁；吉林；黑龙江；上海；江苏；浙江；安徽；福建；江西；山东；河南；湖北；湖南；广东；广西；海南；重庆；四川；贵州；云南；西藏；陕西；甘肃；青海；宁夏；新疆,B_S02；R_REGION_INVESTMENT,仅四大区域合计及组成省份说明；表10-18，2024年31省目录×所列行业投资增速,B_S02月报仅四大区域；R_REGION_INVESTMENT另核得2024年31省×行业增速，部分单元缺失。；部分单元空白；未提供全部行业投资金额，不反推金额。,已读原表/定义；仅所列范围
覆盖检查,CV01298,S4,B015,DIM-PROV,省级,部分覆盖,东部；中部；西部；东北；北京；天津；河北；山西；内蒙古；辽宁；吉林；黑龙江；上海；江苏；浙江；安徽；福建；江西；山东；河南；湖北；湖南；广东；广西；海南；重庆；四川；贵州；云南；西藏；陕西；甘肃；青海；宁夏；新疆,B_S02；R_REGION_INVESTMENT,仅四大区域合计及组成省份说明；表10-18，2024年31省目录×所列行业投资增速,B_S02月报仅四大区域；R_REGION_INVESTMENT另核得2024年31省×行业增速，部分单元缺失。；部分单元空白；未提供全部行业投资金额，不反推金额。,已读原表/定义；仅所列范围
覆盖检查,CV01299,D1,B015,DIM-PROV,省级,部分覆盖,东部；中部；西部；东北；北京；天津；河北；山西；内蒙古；辽宁；吉林；黑龙江；上海；江苏；浙江；安徽；福建；江西；山东；河南；湖北；湖南；广东；广西；海南；重庆；四川；贵州；云南；西藏；陕西；甘肃；青海；宁夏；新疆,B_S02；R_REGION_INVESTMENT,仅四大区域合计及组成省份说明；表10-18，2024年31省目录×所列行业投资增速,B_S02月报仅四大区域；R_REGION_INVESTMENT另核得2024年31省×行业增速，部分单元缺失。；部分单元空白；未提供全部行业投资金额，不反推金额。,已读原表/定义；仅所列范围
覆盖检查,CV01300,K2,B015,DIM-PREF,地级,无稳定公开数据,,B_S02,已读来源未提供该维度的稳定全覆盖表；本轮未建立额外逐单元来源,这是本轮证据缺口，不断言其他官方资料不存在；后续需逐表核验,原来源已查；扩展来源待核验
覆盖检查,CV01301,K4,B015,DIM-PREF,地级,无稳定公开数据,,B_S02,已读来源未提供该维度的稳定全覆盖表；本轮未建立额外逐单元来源,这是本轮证据缺口，不断言其他官方资料不存在；后续需逐表核验,原来源已查；扩展来源待核验
覆盖检查,CV01302,M3,B015,DIM-PREF,地级,无稳定公开数据,,B_S02,已读来源未提供该维度的稳定全覆盖表；本轮未建立额外逐单元来源,这是本轮证据缺口，不断言其他官方资料不存在；后续需逐表核验,原来源已查；扩展来源待核验
覆盖检查,CV01303,M4,B015,DIM-PREF,地级,无稳定公开数据,,B_S02,已读来源未提供该维度的稳定全覆盖表；本轮未建立额外逐单元来源,这是本轮证据缺口，不断言其他官方资料不存在；后续需逐表核验,原来源已查；扩展来源待核验
覆盖检查,CV01304,G2,B015,DIM-PREF,地级,无稳定公开数据,,B_S02,已读来源未提供该维度的稳定全覆盖表；本轮未建立额外逐单元来源,这是本轮证据缺口，不断言其他官方资料不存在；后续需逐表核验,原来源已查；扩展来源待核验
覆盖检查,CV01305,G4,B015,DIM-PREF,地级,无稳定公开数据,,B_S02,已读来源未提供该维度的稳定全覆盖表；本轮未建立额外逐单元来源,这是本轮证据缺口，不断言其他官方资料不存在；后续需逐表核验,原来源已查；扩展来源待核验
覆盖检查,CV01306,S1,B015,DIM-PREF,地级,无稳定公开数据,,B_S02,已读来源未提供该维度的稳定全覆盖表；本轮未建立额外逐单元来源,这是本轮证据缺口，不断言其他官方资料不存在；后续需逐表核验,原来源已查；扩展来源待核验
覆盖检查,CV01307,S4,B015,DIM-PREF,地级,无稳定公开数据,,B_S02,已读来源未提供该维度的稳定全覆盖表；本轮未建立额外逐单元来源,这是本轮证据缺口，不断言其他官方资料不存在；后续需逐表核验,原来源已查；扩展来源待核验
覆盖检查,CV01308,D1,B015,DIM-PREF,地级,无稳定公开数据,,B_S02,已读来源未提供该维度的稳定全覆盖表；本轮未建立额外逐单元来源,这是本轮证据缺口，不断言其他官方资料不存在；后续需逐表核验,原来源已查；扩展来源待核验
覆盖检查,CV01309,K2,B015,DIM-IND,行业,部分覆盖,制造业；采矿业；电力热力燃气水；交通运输仓储邮政；水利环境公共设施,B_S02,主要数据表行业增速,多数仅增速、非绝对投资额。,已读原表/定义；仅所列范围
覆盖检查,CV01310,K4,B015,DIM-IND,行业,部分覆盖,制造业；采矿业；电力热力燃气水；交通运输仓储邮政；水利环境公共设施,B_S02,主要数据表行业增速,多数仅增速、非绝对投资额。,已读原表/定义；仅所列范围
覆盖检查,CV01311,M3,B015,DIM-IND,行业,部分覆盖,制造业；采矿业；电力热力燃气水；交通运输仓储邮政；水利环境公共设施,B_S02,主要数据表行业增速,多数仅增速、非绝对投资额。,已读原表/定义；仅所列范围
覆盖检查,CV01312,M4,B015,DIM-IND,行业,部分覆盖,制造业；采矿业；电力热力燃气水；交通运输仓储邮政；水利环境公共设施,B_S02,主要数据表行业增速,多数仅增速、非绝对投资额。,已读原表/定义；仅所列范围
覆盖检查,CV01313,G2,B015,DIM-IND,行业,部分覆盖,制造业；采矿业；电力热力燃气水；交通运输仓储邮政；水利环境公共设施,B_S02,主要数据表行业增速,多数仅增速、非绝对投资额。,已读原表/定义；仅所列范围
覆盖检查,CV01314,G4,B015,DIM-IND,行业,部分覆盖,制造业；采矿业；电力热力燃气水；交通运输仓储邮政；水利环境公共设施,B_S02,主要数据表行业增速,多数仅增速、非绝对投资额。,已读原表/定义；仅所列范围
覆盖检查,CV01315,S1,B015,DIM-IND,行业,部分覆盖,制造业；采矿业；电力热力燃气水；交通运输仓储邮政；水利环境公共设施,B_S02,主要数据表行业增速,多数仅增速、非绝对投资额。,已读原表/定义；仅所列范围
覆盖检查,CV01316,S4,B015,DIM-IND,行业,部分覆盖,制造业；采矿业；电力热力燃气水；交通运输仓储邮政；水利环境公共设施,B_S02,主要数据表行业增速,多数仅增速、非绝对投资额。,已读原表/定义；仅所列范围
覆盖检查,CV01317,D1,B015,DIM-IND,行业,部分覆盖,制造业；采矿业；电力热力燃气水；交通运输仓储邮政；水利环境公共设施,B_S02,主要数据表行业增速,多数仅增速、非绝对投资额。,已读原表/定义；仅所列范围
覆盖检查,CV01318,K2,B015,DIM-FIRM,企业类型,部分覆盖,内资；港澳台投资；外商投资；国有控股；民间投资,B_S02,主要数据表,控股与登记类型不应交叉相加。,已读原表/定义；仅所列范围
覆盖检查,CV01319,K4,B015,DIM-FIRM,企业类型,部分覆盖,内资；港澳台投资；外商投资；国有控股；民间投资,B_S02,主要数据表,控股与登记类型不应交叉相加。,已读原表/定义；仅所列范围
覆盖检查,CV01320,M3,B015,DIM-FIRM,企业类型,部分覆盖,内资；港澳台投资；外商投资；国有控股；民间投资,B_S02,主要数据表,控股与登记类型不应交叉相加。,已读原表/定义；仅所列范围
覆盖检查,CV01321,M4,B015,DIM-FIRM,企业类型,部分覆盖,内资；港澳台投资；外商投资；国有控股；民间投资,B_S02,主要数据表,控股与登记类型不应交叉相加。,已读原表/定义；仅所列范围
覆盖检查,CV01322,G2,B015,DIM-FIRM,企业类型,部分覆盖,内资；港澳台投资；外商投资；国有控股；民间投资,B_S02,主要数据表,控股与登记类型不应交叉相加。,已读原表/定义；仅所列范围
覆盖检查,CV01323,G4,B015,DIM-FIRM,企业类型,部分覆盖,内资；港澳台投资；外商投资；国有控股；民间投资,B_S02,主要数据表,控股与登记类型不应交叉相加。,已读原表/定义；仅所列范围
覆盖检查,CV01324,S1,B015,DIM-FIRM,企业类型,部分覆盖,内资；港澳台投资；外商投资；国有控股；民间投资,B_S02,主要数据表,控股与登记类型不应交叉相加。,已读原表/定义；仅所列范围
覆盖检查,CV01325,S4,B015,DIM-FIRM,企业类型,部分覆盖,内资；港澳台投资；外商投资；国有控股；民间投资,B_S02,主要数据表,控股与登记类型不应交叉相加。,已读原表/定义；仅所列范围
覆盖检查,CV01326,D1,B015,DIM-FIRM,企业类型,部分覆盖,内资；港澳台投资；外商投资；国有控股；民间投资,B_S02,主要数据表,控股与登记类型不应交叉相加。,已读原表/定义；仅所列范围
覆盖检查,CV01327,K2,B015,DIM-HH,居民群体,不适用,,B_S02,本指标定义不直接接受该维度拆分,不得借用同名但不同范围指标填补,适用性判断
覆盖检查,CV01328,K4,B015,DIM-HH,居民群体,不适用,,B_S02,本指标定义不直接接受该维度拆分,不得借用同名但不同范围指标填补,适用性判断
覆盖检查,CV01329,M3,B015,DIM-HH,居民群体,不适用,,B_S02,本指标定义不直接接受该维度拆分,不得借用同名但不同范围指标填补,适用性判断
覆盖检查,CV01330,M4,B015,DIM-HH,居民群体,不适用,,B_S02,本指标定义不直接接受该维度拆分,不得借用同名但不同范围指标填补,适用性判断
覆盖检查,CV01331,G2,B015,DIM-HH,居民群体,不适用,,B_S02,本指标定义不直接接受该维度拆分,不得借用同名但不同范围指标填补,适用性判断
覆盖检查,CV01332,G4,B015,DIM-HH,居民群体,不适用,,B_S02,本指标定义不直接接受该维度拆分,不得借用同名但不同范围指标填补,适用性判断
覆盖检查,CV01333,S1,B015,DIM-HH,居民群体,不适用,,B_S02,本指标定义不直接接受该维度拆分,不得借用同名但不同范围指标填补,适用性判断
覆盖检查,CV01334,S4,B015,DIM-HH,居民群体,不适用,,B_S02,本指标定义不直接接受该维度拆分,不得借用同名但不同范围指标填补,适用性判断
覆盖检查,CV01335,D1,B015,DIM-HH,居民群体,不适用,,B_S02,本指标定义不直接接受该维度拆分,不得借用同名但不同范围指标填补,适用性判断
覆盖检查,CV01336,K2,B015,DIM-SEC,机构部门,无稳定公开数据,,B_S02,已读来源未提供该维度的稳定全覆盖表；本轮未建立额外逐单元来源,这是本轮证据缺口，不断言其他官方资料不存在；后续需逐表核验,原来源已查；扩展来源待核验
覆盖检查,CV01337,K4,B015,DIM-SEC,机构部门,无稳定公开数据,,B_S02,已读来源未提供该维度的稳定全覆盖表；本轮未建立额外逐单元来源,这是本轮证据缺口，不断言其他官方资料不存在；后续需逐表核验,原来源已查；扩展来源待核验
覆盖检查,CV01338,M3,B015,DIM-SEC,机构部门,无稳定公开数据,,B_S02,已读来源未提供该维度的稳定全覆盖表；本轮未建立额外逐单元来源,这是本轮证据缺口，不断言其他官方资料不存在；后续需逐表核验,原来源已查；扩展来源待核验
覆盖检查,CV01339,M4,B015,DIM-SEC,机构部门,无稳定公开数据,,B_S02,已读来源未提供该维度的稳定全覆盖表；本轮未建立额外逐单元来源,这是本轮证据缺口，不断言其他官方资料不存在；后续需逐表核验,原来源已查；扩展来源待核验
覆盖检查,CV01340,G2,B015,DIM-SEC,机构部门,无稳定公开数据,,B_S02,已读来源未提供该维度的稳定全覆盖表；本轮未建立额外逐单元来源,这是本轮证据缺口，不断言其他官方资料不存在；后续需逐表核验,原来源已查；扩展来源待核验
覆盖检查,CV01341,G4,B015,DIM-SEC,机构部门,无稳定公开数据,,B_S02,已读来源未提供该维度的稳定全覆盖表；本轮未建立额外逐单元来源,这是本轮证据缺口，不断言其他官方资料不存在；后续需逐表核验,原来源已查；扩展来源待核验
覆盖检查,CV01342,S1,B015,DIM-SEC,机构部门,无稳定公开数据,,B_S02,已读来源未提供该维度的稳定全覆盖表；本轮未建立额外逐单元来源,这是本轮证据缺口，不断言其他官方资料不存在；后续需逐表核验,原来源已查；扩展来源待核验
覆盖检查,CV01343,S4,B015,DIM-SEC,机构部门,无稳定公开数据,,B_S02,已读来源未提供该维度的稳定全覆盖表；本轮未建立额外逐单元来源,这是本轮证据缺口，不断言其他官方资料不存在；后续需逐表核验,原来源已查；扩展来源待核验
覆盖检查,CV01344,D1,B015,DIM-SEC,机构部门,无稳定公开数据,,B_S02,已读来源未提供该维度的稳定全覆盖表；本轮未建立额外逐单元来源,这是本轮证据缺口，不断言其他官方资料不存在；后续需逐表核验,原来源已查；扩展来源待核验
覆盖检查,CV01345,K4,B016,DIM-NAT,全国,已覆盖,全国设备工器具购置投资,B_S02,主要数据表按构成分,,已读原表/定义；仅所列范围
覆盖检查,CV01346,G2,B016,DIM-NAT,全国,已覆盖,全国设备工器具购置投资,B_S02,主要数据表按构成分,,已读原表/定义；仅所列范围
覆盖检查,CV01347,I2,B016,DIM-NAT,全国,已覆盖,全国设备工器具购置投资,B_S02,主要数据表按构成分,,已读原表/定义；仅所列范围
覆盖检查,CV01348,S4,B016,DIM-NAT,全国,已覆盖,全国设备工器具购置投资,B_S02,主要数据表按构成分,,已读原表/定义；仅所列范围
覆盖检查,CV01349,K4,B016,DIM-PROV,省级,无稳定公开数据,,B_S02,已读来源未提供该维度的稳定全覆盖表；本轮未建立额外逐单元来源,这是本轮证据缺口，不断言其他官方资料不存在；后续需逐表核验,原来源已查；扩展来源待核验
覆盖检查,CV01350,G2,B016,DIM-PROV,省级,无稳定公开数据,,B_S02,已读来源未提供该维度的稳定全覆盖表；本轮未建立额外逐单元来源,这是本轮证据缺口，不断言其他官方资料不存在；后续需逐表核验,原来源已查；扩展来源待核验
覆盖检查,CV01351,I2,B016,DIM-PROV,省级,无稳定公开数据,,B_S02,已读来源未提供该维度的稳定全覆盖表；本轮未建立额外逐单元来源,这是本轮证据缺口，不断言其他官方资料不存在；后续需逐表核验,原来源已查；扩展来源待核验
覆盖检查,CV01352,S4,B016,DIM-PROV,省级,无稳定公开数据,,B_S02,已读来源未提供该维度的稳定全覆盖表；本轮未建立额外逐单元来源,这是本轮证据缺口，不断言其他官方资料不存在；后续需逐表核验,原来源已查；扩展来源待核验
覆盖检查,CV01353,K4,B016,DIM-PREF,地级,无稳定公开数据,,B_S02,已读来源未提供该维度的稳定全覆盖表；本轮未建立额外逐单元来源,这是本轮证据缺口，不断言其他官方资料不存在；后续需逐表核验,原来源已查；扩展来源待核验
覆盖检查,CV01354,G2,B016,DIM-PREF,地级,无稳定公开数据,,B_S02,已读来源未提供该维度的稳定全覆盖表；本轮未建立额外逐单元来源,这是本轮证据缺口，不断言其他官方资料不存在；后续需逐表核验,原来源已查；扩展来源待核验
覆盖检查,CV01355,I2,B016,DIM-PREF,地级,无稳定公开数据,,B_S02,已读来源未提供该维度的稳定全覆盖表；本轮未建立额外逐单元来源,这是本轮证据缺口，不断言其他官方资料不存在；后续需逐表核验,原来源已查；扩展来源待核验
覆盖检查,CV01356,S4,B016,DIM-PREF,地级,无稳定公开数据,,B_S02,已读来源未提供该维度的稳定全覆盖表；本轮未建立额外逐单元来源,这是本轮证据缺口，不断言其他官方资料不存在；后续需逐表核验,原来源已查；扩展来源待核验
覆盖检查,CV01357,K4,B016,DIM-IND,行业,无稳定公开数据,,B_S02,本文设备购置只发布全国增速,不能据表中其他行业投资数据推定设备购置行业覆盖。,已读原表/定义；仅所列范围
覆盖检查,CV01358,G2,B016,DIM-IND,行业,无稳定公开数据,,B_S02,本文设备购置只发布全国增速,不能据表中其他行业投资数据推定设备购置行业覆盖。,已读原表/定义；仅所列范围
覆盖检查,CV01359,I2,B016,DIM-IND,行业,无稳定公开数据,,B_S02,本文设备购置只发布全国增速,不能据表中其他行业投资数据推定设备购置行业覆盖。,已读原表/定义；仅所列范围
覆盖检查,CV01360,S4,B016,DIM-IND,行业,无稳定公开数据,,B_S02,本文设备购置只发布全国增速,不能据表中其他行业投资数据推定设备购置行业覆盖。,已读原表/定义；仅所列范围
覆盖检查,CV01361,K4,B016,DIM-FIRM,企业类型,无稳定公开数据,,B_S02,已读来源未提供该维度的稳定全覆盖表；本轮未建立额外逐单元来源,这是本轮证据缺口，不断言其他官方资料不存在；后续需逐表核验,原来源已查；扩展来源待核验
覆盖检查,CV01362,G2,B016,DIM-FIRM,企业类型,无稳定公开数据,,B_S02,已读来源未提供该维度的稳定全覆盖表；本轮未建立额外逐单元来源,这是本轮证据缺口，不断言其他官方资料不存在；后续需逐表核验,原来源已查；扩展来源待核验
覆盖检查,CV01363,I2,B016,DIM-FIRM,企业类型,无稳定公开数据,,B_S02,已读来源未提供该维度的稳定全覆盖表；本轮未建立额外逐单元来源,这是本轮证据缺口，不断言其他官方资料不存在；后续需逐表核验,原来源已查；扩展来源待核验
覆盖检查,CV01364,S4,B016,DIM-FIRM,企业类型,无稳定公开数据,,B_S02,已读来源未提供该维度的稳定全覆盖表；本轮未建立额外逐单元来源,这是本轮证据缺口，不断言其他官方资料不存在；后续需逐表核验,原来源已查；扩展来源待核验
覆盖检查,CV01365,K4,B016,DIM-HH,居民群体,不适用,,B_S02,本指标定义不直接接受该维度拆分,不得借用同名但不同范围指标填补,适用性判断
覆盖检查,CV01366,G2,B016,DIM-HH,居民群体,不适用,,B_S02,本指标定义不直接接受该维度拆分,不得借用同名但不同范围指标填补,适用性判断
覆盖检查,CV01367,I2,B016,DIM-HH,居民群体,不适用,,B_S02,本指标定义不直接接受该维度拆分,不得借用同名但不同范围指标填补,适用性判断
覆盖检查,CV01368,S4,B016,DIM-HH,居民群体,不适用,,B_S02,本指标定义不直接接受该维度拆分,不得借用同名但不同范围指标填补,适用性判断
覆盖检查,CV01369,K4,B016,DIM-SEC,机构部门,无稳定公开数据,,B_S02,已读来源未提供该维度的稳定全覆盖表；本轮未建立额外逐单元来源,这是本轮证据缺口，不断言其他官方资料不存在；后续需逐表核验,原来源已查；扩展来源待核验
覆盖检查,CV01370,G2,B016,DIM-SEC,机构部门,无稳定公开数据,,B_S02,已读来源未提供该维度的稳定全覆盖表；本轮未建立额外逐单元来源,这是本轮证据缺口，不断言其他官方资料不存在；后续需逐表核验,原来源已查；扩展来源待核验
覆盖检查,CV01371,I2,B016,DIM-SEC,机构部门,无稳定公开数据,,B_S02,已读来源未提供该维度的稳定全覆盖表；本轮未建立额外逐单元来源,这是本轮证据缺口，不断言其他官方资料不存在；后续需逐表核验,原来源已查；扩展来源待核验
覆盖检查,CV01372,S4,B016,DIM-SEC,机构部门,无稳定公开数据,,B_S02,已读来源未提供该维度的稳定全覆盖表；本轮未建立额外逐单元来源,这是本轮证据缺口，不断言其他官方资料不存在；后续需逐表核验,原来源已查；扩展来源待核验
覆盖检查,CV01373,K2,B017,DIM-NAT,全国,已覆盖,房地产开发经营法人,B_S03,表1与范围附注,,已读原表/定义；仅所列范围
覆盖检查,CV01374,F3,B017,DIM-NAT,全国,已覆盖,房地产开发经营法人,B_S03,表1与范围附注,,已读原表/定义；仅所列范围
覆盖检查,CV01375,S4,B017,DIM-NAT,全国,已覆盖,房地产开发经营法人,B_S03,表1与范围附注,,已读原表/定义；仅所列范围
覆盖检查,CV01376,K2,B017,DIM-PROV,省级,部分覆盖,东部；中部；西部；东北,B_S03,表2—3仅投资、销售四区域,其余指标的区域覆盖未核验，更非31省逐省。,已读原表/定义；仅所列范围
覆盖检查,CV01377,F3,B017,DIM-PROV,省级,部分覆盖,东部；中部；西部；东北,B_S03,表2—3仅投资、销售四区域,其余指标的区域覆盖未核验，更非31省逐省。,已读原表/定义；仅所列范围
覆盖检查,CV01378,S4,B017,DIM-PROV,省级,部分覆盖,东部；中部；西部；东北,B_S03,表2—3仅投资、销售四区域,其余指标的区域覆盖未核验，更非31省逐省。,已读原表/定义；仅所列范围
覆盖检查,CV01379,K2,B017,DIM-PREF,地级,无稳定公开数据,,B_S03,已读来源未提供该维度的稳定全覆盖表；本轮未建立额外逐单元来源,这是本轮证据缺口，不断言其他官方资料不存在；后续需逐表核验,原来源已查；扩展来源待核验
覆盖检查,CV01380,F3,B017,DIM-PREF,地级,无稳定公开数据,,B_S03,已读来源未提供该维度的稳定全覆盖表；本轮未建立额外逐单元来源,这是本轮证据缺口，不断言其他官方资料不存在；后续需逐表核验,原来源已查；扩展来源待核验
覆盖检查,CV01381,S4,B017,DIM-PREF,地级,无稳定公开数据,,B_S03,已读来源未提供该维度的稳定全覆盖表；本轮未建立额外逐单元来源,这是本轮证据缺口，不断言其他官方资料不存在；后续需逐表核验,原来源已查；扩展来源待核验
覆盖检查,CV01382,K2,B017,DIM-IND,行业,部分覆盖,住宅；办公楼；商业营业用房,B_S03,按房屋用途分类,用途不等于国民经济行业。,已读原表/定义；仅所列范围
覆盖检查,CV01383,F3,B017,DIM-IND,行业,部分覆盖,住宅；办公楼；商业营业用房,B_S03,按房屋用途分类,用途不等于国民经济行业。,已读原表/定义；仅所列范围
覆盖检查,CV01384,S4,B017,DIM-IND,行业,部分覆盖,住宅；办公楼；商业营业用房,B_S03,按房屋用途分类,用途不等于国民经济行业。,已读原表/定义；仅所列范围
覆盖检查,CV01385,K2,B017,DIM-FIRM,企业类型,无稳定公开数据,,B_S03,已读来源未提供该维度的稳定全覆盖表；本轮未建立额外逐单元来源,这是本轮证据缺口，不断言其他官方资料不存在；后续需逐表核验,原来源已查；扩展来源待核验
覆盖检查,CV01386,F3,B017,DIM-FIRM,企业类型,无稳定公开数据,,B_S03,已读来源未提供该维度的稳定全覆盖表；本轮未建立额外逐单元来源,这是本轮证据缺口，不断言其他官方资料不存在；后续需逐表核验,原来源已查；扩展来源待核验
覆盖检查,CV01387,S4,B017,DIM-FIRM,企业类型,无稳定公开数据,,B_S03,已读来源未提供该维度的稳定全覆盖表；本轮未建立额外逐单元来源,这是本轮证据缺口，不断言其他官方资料不存在；后续需逐表核验,原来源已查；扩展来源待核验
覆盖检查,CV01388,K2,B017,DIM-HH,居民群体,不适用,,B_S03,本指标定义不直接接受该维度拆分,不得借用同名但不同范围指标填补,适用性判断
覆盖检查,CV01389,F3,B017,DIM-HH,居民群体,不适用,,B_S03,本指标定义不直接接受该维度拆分,不得借用同名但不同范围指标填补,适用性判断
覆盖检查,CV01390,S4,B017,DIM-HH,居民群体,不适用,,B_S03,本指标定义不直接接受该维度拆分,不得借用同名但不同范围指标填补,适用性判断
覆盖检查,CV01391,K2,B017,DIM-SEC,机构部门,无稳定公开数据,,B_S03,已读来源未提供该维度的稳定全覆盖表；本轮未建立额外逐单元来源,这是本轮证据缺口，不断言其他官方资料不存在；后续需逐表核验,原来源已查；扩展来源待核验
覆盖检查,CV01392,F3,B017,DIM-SEC,机构部门,无稳定公开数据,,B_S03,已读来源未提供该维度的稳定全覆盖表；本轮未建立额外逐单元来源,这是本轮证据缺口，不断言其他官方资料不存在；后续需逐表核验,原来源已查；扩展来源待核验
覆盖检查,CV01393,S4,B017,DIM-SEC,机构部门,无稳定公开数据,,B_S03,已读来源未提供该维度的稳定全覆盖表；本轮未建立额外逐单元来源,这是本轮证据缺口，不断言其他官方资料不存在；后续需逐表核验,原来源已查；扩展来源待核验
覆盖检查,CV01394,F3,B018,DIM-NAT,全国,已覆盖,房地产开发经营法人,B_S03,表1与范围附注,,已读原表/定义；仅所列范围
覆盖检查,CV01395,F3,B018,DIM-PROV,省级,无稳定公开数据,,B_S03,本页未提供本项区域分表,全国值不代表31省均覆盖。,已读原表/定义；仅所列范围
覆盖检查,CV01396,F3,B018,DIM-PREF,地级,无稳定公开数据,,B_S03,已读来源未提供该维度的稳定全覆盖表；本轮未建立额外逐单元来源,这是本轮证据缺口，不断言其他官方资料不存在；后续需逐表核验,原来源已查；扩展来源待核验
覆盖检查,CV01397,F3,B018,DIM-IND,行业,部分覆盖,住宅；办公楼；商业营业用房,B_S03,按房屋用途分类,用途不等于国民经济行业。,已读原表/定义；仅所列范围
覆盖检查,CV01398,F3,B018,DIM-FIRM,企业类型,无稳定公开数据,,B_S03,已读来源未提供该维度的稳定全覆盖表；本轮未建立额外逐单元来源,这是本轮证据缺口，不断言其他官方资料不存在；后续需逐表核验,原来源已查；扩展来源待核验
覆盖检查,CV01399,F3,B018,DIM-HH,居民群体,不适用,,B_S03,本指标定义不直接接受该维度拆分,不得借用同名但不同范围指标填补,适用性判断
覆盖检查,CV01400,F3,B018,DIM-SEC,机构部门,无稳定公开数据,,B_S03,已读来源未提供该维度的稳定全覆盖表；本轮未建立额外逐单元来源,这是本轮证据缺口，不断言其他官方资料不存在；后续需逐表核验,原来源已查；扩展来源待核验
覆盖检查,CV01401,F3,B019,DIM-NAT,全国,已覆盖,房地产开发经营法人,B_S03,表1与范围附注,,已读原表/定义；仅所列范围
覆盖检查,CV01402,F3,B019,DIM-PROV,省级,无稳定公开数据,,B_S03,本页未提供本项区域分表,全国值不代表31省均覆盖。,已读原表/定义；仅所列范围
覆盖检查,CV01403,F3,B019,DIM-PREF,地级,无稳定公开数据,,B_S03,已读来源未提供该维度的稳定全覆盖表；本轮未建立额外逐单元来源,这是本轮证据缺口，不断言其他官方资料不存在；后续需逐表核验,原来源已查；扩展来源待核验
覆盖检查,CV01404,F3,B019,DIM-IND,行业,部分覆盖,住宅；办公楼；商业营业用房,B_S03,按房屋用途分类,用途不等于国民经济行业。,已读原表/定义；仅所列范围
覆盖检查,CV01405,F3,B019,DIM-FIRM,企业类型,无稳定公开数据,,B_S03,已读来源未提供该维度的稳定全覆盖表；本轮未建立额外逐单元来源,这是本轮证据缺口，不断言其他官方资料不存在；后续需逐表核验,原来源已查；扩展来源待核验
覆盖检查,CV01406,F3,B019,DIM-HH,居民群体,不适用,,B_S03,本指标定义不直接接受该维度拆分,不得借用同名但不同范围指标填补,适用性判断
覆盖检查,CV01407,F3,B019,DIM-SEC,机构部门,无稳定公开数据,,B_S03,已读来源未提供该维度的稳定全覆盖表；本轮未建立额外逐单元来源,这是本轮证据缺口，不断言其他官方资料不存在；后续需逐表核验,原来源已查；扩展来源待核验
覆盖检查,CV01408,F3,B020,DIM-NAT,全国,已覆盖,房地产开发经营法人,B_S03,表1与范围附注,,已读原表/定义；仅所列范围
覆盖检查,CV01409,F3,B020,DIM-PROV,省级,部分覆盖,东部；中部；西部；东北,B_S03,表2—3仅投资、销售四区域,其余指标的区域覆盖未核验，更非31省逐省。,已读原表/定义；仅所列范围
覆盖检查,CV01410,F3,B020,DIM-PREF,地级,无稳定公开数据,,B_S03,已读来源未提供该维度的稳定全覆盖表；本轮未建立额外逐单元来源,这是本轮证据缺口，不断言其他官方资料不存在；后续需逐表核验,原来源已查；扩展来源待核验
覆盖检查,CV01411,F3,B020,DIM-IND,行业,部分覆盖,住宅；办公楼；商业营业用房,B_S03,按房屋用途分类,用途不等于国民经济行业。,已读原表/定义；仅所列范围
覆盖检查,CV01412,F3,B020,DIM-FIRM,企业类型,无稳定公开数据,,B_S03,已读来源未提供该维度的稳定全覆盖表；本轮未建立额外逐单元来源,这是本轮证据缺口，不断言其他官方资料不存在；后续需逐表核验,原来源已查；扩展来源待核验
覆盖检查,CV01413,F3,B020,DIM-HH,居民群体,不适用,,B_S03,本指标定义不直接接受该维度拆分,不得借用同名但不同范围指标填补,适用性判断
覆盖检查,CV01414,F3,B020,DIM-SEC,机构部门,无稳定公开数据,,B_S03,已读来源未提供该维度的稳定全覆盖表；本轮未建立额外逐单元来源,这是本轮证据缺口，不断言其他官方资料不存在；后续需逐表核验,原来源已查；扩展来源待核验
覆盖检查,CV01415,F3,B021,DIM-NAT,全国,已覆盖,房地产开发经营法人,B_S03,表1与范围附注,,已读原表/定义；仅所列范围
覆盖检查,CV01416,F3,B021,DIM-PROV,省级,部分覆盖,东部；中部；西部；东北,B_S03,表2—3仅投资、销售四区域,其余指标的区域覆盖未核验，更非31省逐省。,已读原表/定义；仅所列范围
覆盖检查,CV01417,F3,B021,DIM-PREF,地级,无稳定公开数据,,B_S03,已读来源未提供该维度的稳定全覆盖表；本轮未建立额外逐单元来源,这是本轮证据缺口，不断言其他官方资料不存在；后续需逐表核验,原来源已查；扩展来源待核验
覆盖检查,CV01418,F3,B021,DIM-IND,行业,部分覆盖,住宅；办公楼；商业营业用房,B_S03,按房屋用途分类,用途不等于国民经济行业。,已读原表/定义；仅所列范围
覆盖检查,CV01419,F3,B021,DIM-FIRM,企业类型,无稳定公开数据,,B_S03,已读来源未提供该维度的稳定全覆盖表；本轮未建立额外逐单元来源,这是本轮证据缺口，不断言其他官方资料不存在；后续需逐表核验,原来源已查；扩展来源待核验
覆盖检查,CV01420,F3,B021,DIM-HH,居民群体,不适用,,B_S03,本指标定义不直接接受该维度拆分,不得借用同名但不同范围指标填补,适用性判断
覆盖检查,CV01421,F3,B021,DIM-SEC,机构部门,无稳定公开数据,,B_S03,已读来源未提供该维度的稳定全覆盖表；本轮未建立额外逐单元来源,这是本轮证据缺口，不断言其他官方资料不存在；后续需逐表核验,原来源已查；扩展来源待核验
覆盖检查,CV01422,F3,B022,DIM-NAT,全国,已覆盖,房地产开发经营法人,B_S03,表1与范围附注,,已读原表/定义；仅所列范围
覆盖检查,CV01423,F3,B022,DIM-PROV,省级,无稳定公开数据,,B_S03,本页未提供本项区域分表,全国值不代表31省均覆盖。,已读原表/定义；仅所列范围
覆盖检查,CV01424,F3,B022,DIM-PREF,地级,无稳定公开数据,,B_S03,已读来源未提供该维度的稳定全覆盖表；本轮未建立额外逐单元来源,这是本轮证据缺口，不断言其他官方资料不存在；后续需逐表核验,原来源已查；扩展来源待核验
覆盖检查,CV01425,F3,B022,DIM-IND,行业,部分覆盖,住宅；办公楼；商业营业用房,B_S03,按房屋用途分类,用途不等于国民经济行业。,已读原表/定义；仅所列范围
覆盖检查,CV01426,F3,B022,DIM-FIRM,企业类型,无稳定公开数据,,B_S03,已读来源未提供该维度的稳定全覆盖表；本轮未建立额外逐单元来源,这是本轮证据缺口，不断言其他官方资料不存在；后续需逐表核验,原来源已查；扩展来源待核验
覆盖检查,CV01427,F3,B022,DIM-HH,居民群体,不适用,,B_S03,本指标定义不直接接受该维度拆分,不得借用同名但不同范围指标填补,适用性判断
覆盖检查,CV01428,F3,B022,DIM-SEC,机构部门,无稳定公开数据,,B_S03,已读来源未提供该维度的稳定全覆盖表；本轮未建立额外逐单元来源,这是本轮证据缺口，不断言其他官方资料不存在；后续需逐表核验,原来源已查；扩展来源待核验
覆盖检查,CV01429,K4,B023,DIM-NAT,全国,已覆盖,房地产开发经营法人,B_S03,表1与范围附注,,已读原表/定义；仅所列范围
覆盖检查,CV01430,F2,B023,DIM-NAT,全国,已覆盖,房地产开发经营法人,B_S03,表1与范围附注,,已读原表/定义；仅所列范围
覆盖检查,CV01431,F3,B023,DIM-NAT,全国,已覆盖,房地产开发经营法人,B_S03,表1与范围附注,,已读原表/定义；仅所列范围
覆盖检查,CV01432,F4,B023,DIM-NAT,全国,已覆盖,房地产开发经营法人,B_S03,表1与范围附注,,已读原表/定义；仅所列范围
覆盖检查,CV01433,K4,B023,DIM-PROV,省级,无稳定公开数据,,B_S03,本页未提供本项区域分表,全国值不代表31省均覆盖。,已读原表/定义；仅所列范围
覆盖检查,CV01434,F2,B023,DIM-PROV,省级,无稳定公开数据,,B_S03,本页未提供本项区域分表,全国值不代表31省均覆盖。,已读原表/定义；仅所列范围
覆盖检查,CV01435,F3,B023,DIM-PROV,省级,无稳定公开数据,,B_S03,本页未提供本项区域分表,全国值不代表31省均覆盖。,已读原表/定义；仅所列范围
覆盖检查,CV01436,F4,B023,DIM-PROV,省级,无稳定公开数据,,B_S03,本页未提供本项区域分表,全国值不代表31省均覆盖。,已读原表/定义；仅所列范围
覆盖检查,CV01437,K4,B023,DIM-PREF,地级,无稳定公开数据,,B_S03,已读来源未提供该维度的稳定全覆盖表；本轮未建立额外逐单元来源,这是本轮证据缺口，不断言其他官方资料不存在；后续需逐表核验,原来源已查；扩展来源待核验
覆盖检查,CV01438,F2,B023,DIM-PREF,地级,无稳定公开数据,,B_S03,已读来源未提供该维度的稳定全覆盖表；本轮未建立额外逐单元来源,这是本轮证据缺口，不断言其他官方资料不存在；后续需逐表核验,原来源已查；扩展来源待核验
覆盖检查,CV01439,F3,B023,DIM-PREF,地级,无稳定公开数据,,B_S03,已读来源未提供该维度的稳定全覆盖表；本轮未建立额外逐单元来源,这是本轮证据缺口，不断言其他官方资料不存在；后续需逐表核验,原来源已查；扩展来源待核验
覆盖检查,CV01440,F4,B023,DIM-PREF,地级,无稳定公开数据,,B_S03,已读来源未提供该维度的稳定全覆盖表；本轮未建立额外逐单元来源,这是本轮证据缺口，不断言其他官方资料不存在；后续需逐表核验,原来源已查；扩展来源待核验
覆盖检查,CV01441,K4,B023,DIM-IND,行业,无稳定公开数据,,B_S03,已读来源未提供该维度的稳定全覆盖表；本轮未建立额外逐单元来源,这是本轮证据缺口，不断言其他官方资料不存在；后续需逐表核验,原来源已查；扩展来源待核验
覆盖检查,CV01442,F2,B023,DIM-IND,行业,无稳定公开数据,,B_S03,已读来源未提供该维度的稳定全覆盖表；本轮未建立额外逐单元来源,这是本轮证据缺口，不断言其他官方资料不存在；后续需逐表核验,原来源已查；扩展来源待核验
覆盖检查,CV01443,F3,B023,DIM-IND,行业,无稳定公开数据,,B_S03,已读来源未提供该维度的稳定全覆盖表；本轮未建立额外逐单元来源,这是本轮证据缺口，不断言其他官方资料不存在；后续需逐表核验,原来源已查；扩展来源待核验
覆盖检查,CV01444,F4,B023,DIM-IND,行业,无稳定公开数据,,B_S03,已读来源未提供该维度的稳定全覆盖表；本轮未建立额外逐单元来源,这是本轮证据缺口，不断言其他官方资料不存在；后续需逐表核验,原来源已查；扩展来源待核验
覆盖检查,CV01445,K4,B023,DIM-FIRM,企业类型,无稳定公开数据,,B_S03,已读来源未提供该维度的稳定全覆盖表；本轮未建立额外逐单元来源,这是本轮证据缺口，不断言其他官方资料不存在；后续需逐表核验,原来源已查；扩展来源待核验
覆盖检查,CV01446,F2,B023,DIM-FIRM,企业类型,无稳定公开数据,,B_S03,已读来源未提供该维度的稳定全覆盖表；本轮未建立额外逐单元来源,这是本轮证据缺口，不断言其他官方资料不存在；后续需逐表核验,原来源已查；扩展来源待核验
覆盖检查,CV01447,F3,B023,DIM-FIRM,企业类型,无稳定公开数据,,B_S03,已读来源未提供该维度的稳定全覆盖表；本轮未建立额外逐单元来源,这是本轮证据缺口，不断言其他官方资料不存在；后续需逐表核验,原来源已查；扩展来源待核验
覆盖检查,CV01448,F4,B023,DIM-FIRM,企业类型,无稳定公开数据,,B_S03,已读来源未提供该维度的稳定全覆盖表；本轮未建立额外逐单元来源,这是本轮证据缺口，不断言其他官方资料不存在；后续需逐表核验,原来源已查；扩展来源待核验
覆盖检查,CV01449,K4,B023,DIM-HH,居民群体,不适用,,B_S03,本指标定义不直接接受该维度拆分,不得借用同名但不同范围指标填补,适用性判断
覆盖检查,CV01450,F2,B023,DIM-HH,居民群体,不适用,,B_S03,本指标定义不直接接受该维度拆分,不得借用同名但不同范围指标填补,适用性判断
覆盖检查,CV01451,F3,B023,DIM-HH,居民群体,不适用,,B_S03,本指标定义不直接接受该维度拆分,不得借用同名但不同范围指标填补,适用性判断
覆盖检查,CV01452,F4,B023,DIM-HH,居民群体,不适用,,B_S03,本指标定义不直接接受该维度拆分,不得借用同名但不同范围指标填补,适用性判断
覆盖检查,CV01453,K4,B023,DIM-SEC,机构部门,部分覆盖,国内贷款；利用外资；自筹资金；定金及预收款；个人按揭贷款,B_S03,按资金来源分列,来源类别不是完整机构部门金融账户。,已读原表/定义；仅所列范围
覆盖检查,CV01454,F2,B023,DIM-SEC,机构部门,部分覆盖,国内贷款；利用外资；自筹资金；定金及预收款；个人按揭贷款,B_S03,按资金来源分列,来源类别不是完整机构部门金融账户。,已读原表/定义；仅所列范围
覆盖检查,CV01455,F3,B023,DIM-SEC,机构部门,部分覆盖,国内贷款；利用外资；自筹资金；定金及预收款；个人按揭贷款,B_S03,按资金来源分列,来源类别不是完整机构部门金融账户。,已读原表/定义；仅所列范围
覆盖检查,CV01456,F4,B023,DIM-SEC,机构部门,部分覆盖,国内贷款；利用外资；自筹资金；定金及预收款；个人按揭贷款,B_S03,按资金来源分列,来源类别不是完整机构部门金融账户。,已读原表/定义；仅所列范围
覆盖检查,CV01457,F2,B024,DIM-NAT,全国,已覆盖,房地产开发经营法人,B_S03,表1与范围附注,,已读原表/定义；仅所列范围
覆盖检查,CV01458,F3,B024,DIM-NAT,全国,已覆盖,房地产开发经营法人,B_S03,表1与范围附注,,已读原表/定义；仅所列范围
覆盖检查,CV01459,F2,B024,DIM-PROV,省级,部分覆盖,东部；中部；西部；东北,B_S03,表2—3仅投资、销售四区域,其余指标的区域覆盖未核验，更非31省逐省。,已读原表/定义；仅所列范围
覆盖检查,CV01460,F3,B024,DIM-PROV,省级,部分覆盖,东部；中部；西部；东北,B_S03,表2—3仅投资、销售四区域,其余指标的区域覆盖未核验，更非31省逐省。,已读原表/定义；仅所列范围
覆盖检查,CV01461,F2,B024,DIM-PREF,地级,无稳定公开数据,,B_S03,已读来源未提供该维度的稳定全覆盖表；本轮未建立额外逐单元来源,这是本轮证据缺口，不断言其他官方资料不存在；后续需逐表核验,原来源已查；扩展来源待核验
覆盖检查,CV01462,F3,B024,DIM-PREF,地级,无稳定公开数据,,B_S03,已读来源未提供该维度的稳定全覆盖表；本轮未建立额外逐单元来源,这是本轮证据缺口，不断言其他官方资料不存在；后续需逐表核验,原来源已查；扩展来源待核验
覆盖检查,CV01463,F2,B024,DIM-IND,行业,部分覆盖,住宅；办公楼；商业营业用房,B_S03,按房屋用途分类,用途不等于国民经济行业。,已读原表/定义；仅所列范围
覆盖检查,CV01464,F3,B024,DIM-IND,行业,部分覆盖,住宅；办公楼；商业营业用房,B_S03,按房屋用途分类,用途不等于国民经济行业。,已读原表/定义；仅所列范围
覆盖检查,CV01465,F2,B024,DIM-FIRM,企业类型,无稳定公开数据,,B_S03,已读来源未提供该维度的稳定全覆盖表；本轮未建立额外逐单元来源,这是本轮证据缺口，不断言其他官方资料不存在；后续需逐表核验,原来源已查；扩展来源待核验
覆盖检查,CV01466,F3,B024,DIM-FIRM,企业类型,无稳定公开数据,,B_S03,已读来源未提供该维度的稳定全覆盖表；本轮未建立额外逐单元来源,这是本轮证据缺口，不断言其他官方资料不存在；后续需逐表核验,原来源已查；扩展来源待核验
覆盖检查,CV01467,F2,B024,DIM-HH,居民群体,不适用,,B_S03,本指标定义不直接接受该维度拆分,不得借用同名但不同范围指标填补,适用性判断
覆盖检查,CV01468,F3,B024,DIM-HH,居民群体,不适用,,B_S03,本指标定义不直接接受该维度拆分,不得借用同名但不同范围指标填补,适用性判断
覆盖检查,CV01469,F2,B024,DIM-SEC,机构部门,无稳定公开数据,,B_S03,已读来源未提供该维度的稳定全覆盖表；本轮未建立额外逐单元来源,这是本轮证据缺口，不断言其他官方资料不存在；后续需逐表核验,原来源已查；扩展来源待核验
覆盖检查,CV01470,F3,B024,DIM-SEC,机构部门,无稳定公开数据,,B_S03,已读来源未提供该维度的稳定全覆盖表；本轮未建立额外逐单元来源,这是本轮证据缺口，不断言其他官方资料不存在；后续需逐表核验,原来源已查；扩展来源待核验
覆盖检查,CV01471,K4,B025,DIM-NAT,全国,已覆盖,全国汇总,B_S04,财政部全年统计,,已读原表/定义；仅所列范围
覆盖检查,CV01472,F2,B025,DIM-NAT,全国,已覆盖,全国汇总,B_S04,财政部全年统计,,已读原表/定义；仅所列范围
覆盖检查,CV01473,K4,B025,DIM-PROV,省级,无稳定公开数据,,B_S04,本页无31省分表,不得推广为所有省级连续公开。,已读原表/定义；仅所列范围
覆盖检查,CV01474,F2,B025,DIM-PROV,省级,无稳定公开数据,,B_S04,本页无31省分表,不得推广为所有省级连续公开。,已读原表/定义；仅所列范围
覆盖检查,CV01475,K4,B025,DIM-PREF,地级,无稳定公开数据,,B_S04,已读来源未提供该维度的稳定全覆盖表；本轮未建立额外逐单元来源,这是本轮证据缺口，不断言其他官方资料不存在；后续需逐表核验,原来源已查；扩展来源待核验
覆盖检查,CV01476,F2,B025,DIM-PREF,地级,无稳定公开数据,,B_S04,已读来源未提供该维度的稳定全覆盖表；本轮未建立额外逐单元来源,这是本轮证据缺口，不断言其他官方资料不存在；后续需逐表核验,原来源已查；扩展来源待核验
覆盖检查,CV01477,K4,B025,DIM-IND,行业,无稳定公开数据,,B_S04,已读来源未提供该维度的稳定全覆盖表；本轮未建立额外逐单元来源,这是本轮证据缺口，不断言其他官方资料不存在；后续需逐表核验,原来源已查；扩展来源待核验
覆盖检查,CV01478,F2,B025,DIM-IND,行业,无稳定公开数据,,B_S04,已读来源未提供该维度的稳定全覆盖表；本轮未建立额外逐单元来源,这是本轮证据缺口，不断言其他官方资料不存在；后续需逐表核验,原来源已查；扩展来源待核验
覆盖检查,CV01479,K4,B025,DIM-FIRM,企业类型,无稳定公开数据,,B_S04,已读来源未提供该维度的稳定全覆盖表；本轮未建立额外逐单元来源,这是本轮证据缺口，不断言其他官方资料不存在；后续需逐表核验,原来源已查；扩展来源待核验
覆盖检查,CV01480,F2,B025,DIM-FIRM,企业类型,无稳定公开数据,,B_S04,已读来源未提供该维度的稳定全覆盖表；本轮未建立额外逐单元来源,这是本轮证据缺口，不断言其他官方资料不存在；后续需逐表核验,原来源已查；扩展来源待核验
覆盖检查,CV01481,K4,B025,DIM-HH,居民群体,不适用,,B_S04,本指标定义不直接接受该维度拆分,不得借用同名但不同范围指标填补,适用性判断
覆盖检查,CV01482,F2,B025,DIM-HH,居民群体,不适用,,B_S04,本指标定义不直接接受该维度拆分,不得借用同名但不同范围指标填补,适用性判断
覆盖检查,CV01483,K4,B025,DIM-SEC,机构部门,部分覆盖,中央；地方合计,B_S04,中央及地方分列,地方本级收入不含中央转移。,已读原表/定义；仅所列范围
覆盖检查,CV01484,F2,B025,DIM-SEC,机构部门,部分覆盖,中央；地方合计,B_S04,中央及地方分列,地方本级收入不含中央转移。,已读原表/定义；仅所列范围
覆盖检查,CV01485,K4,B026,DIM-NAT,全国,已覆盖,全国汇总,B_S04,财政部全年统计,,已读原表/定义；仅所列范围
覆盖检查,CV01486,M4,B026,DIM-NAT,全国,已覆盖,全国汇总,B_S04,财政部全年统计,,已读原表/定义；仅所列范围
覆盖检查,CV01487,F2,B026,DIM-NAT,全国,已覆盖,全国汇总,B_S04,财政部全年统计,,已读原表/定义；仅所列范围
覆盖检查,CV01488,F4,B026,DIM-NAT,全国,已覆盖,全国汇总,B_S04,财政部全年统计,,已读原表/定义；仅所列范围
覆盖检查,CV01489,S2,B026,DIM-NAT,全国,已覆盖,全国汇总,B_S04,财政部全年统计,,已读原表/定义；仅所列范围
覆盖检查,CV01490,K4,B026,DIM-PROV,省级,无稳定公开数据,,B_S04,本页无31省分表,不得推广为所有省级连续公开。,已读原表/定义；仅所列范围
覆盖检查,CV01491,M4,B026,DIM-PROV,省级,无稳定公开数据,,B_S04,本页无31省分表,不得推广为所有省级连续公开。,已读原表/定义；仅所列范围
覆盖检查,CV01492,F2,B026,DIM-PROV,省级,无稳定公开数据,,B_S04,本页无31省分表,不得推广为所有省级连续公开。,已读原表/定义；仅所列范围
覆盖检查,CV01493,F4,B026,DIM-PROV,省级,无稳定公开数据,,B_S04,本页无31省分表,不得推广为所有省级连续公开。,已读原表/定义；仅所列范围
覆盖检查,CV01494,S2,B026,DIM-PROV,省级,无稳定公开数据,,B_S04,本页无31省分表,不得推广为所有省级连续公开。,已读原表/定义；仅所列范围
覆盖检查,CV01495,K4,B026,DIM-PREF,地级,无稳定公开数据,,B_S04,已读来源未提供该维度的稳定全覆盖表；本轮未建立额外逐单元来源,这是本轮证据缺口，不断言其他官方资料不存在；后续需逐表核验,原来源已查；扩展来源待核验
覆盖检查,CV01496,M4,B026,DIM-PREF,地级,无稳定公开数据,,B_S04,已读来源未提供该维度的稳定全覆盖表；本轮未建立额外逐单元来源,这是本轮证据缺口，不断言其他官方资料不存在；后续需逐表核验,原来源已查；扩展来源待核验
覆盖检查,CV01497,F2,B026,DIM-PREF,地级,无稳定公开数据,,B_S04,已读来源未提供该维度的稳定全覆盖表；本轮未建立额外逐单元来源,这是本轮证据缺口，不断言其他官方资料不存在；后续需逐表核验,原来源已查；扩展来源待核验
覆盖检查,CV01498,F4,B026,DIM-PREF,地级,无稳定公开数据,,B_S04,已读来源未提供该维度的稳定全覆盖表；本轮未建立额外逐单元来源,这是本轮证据缺口，不断言其他官方资料不存在；后续需逐表核验,原来源已查；扩展来源待核验
覆盖检查,CV01499,S2,B026,DIM-PREF,地级,无稳定公开数据,,B_S04,已读来源未提供该维度的稳定全覆盖表；本轮未建立额外逐单元来源,这是本轮证据缺口，不断言其他官方资料不存在；后续需逐表核验,原来源已查；扩展来源待核验
覆盖检查,CV01500,K4,B026,DIM-IND,行业,无稳定公开数据,,B_S04,已读来源未提供该维度的稳定全覆盖表；本轮未建立额外逐单元来源,这是本轮证据缺口，不断言其他官方资料不存在；后续需逐表核验,原来源已查；扩展来源待核验
覆盖检查,CV01501,M4,B026,DIM-IND,行业,无稳定公开数据,,B_S04,已读来源未提供该维度的稳定全覆盖表；本轮未建立额外逐单元来源,这是本轮证据缺口，不断言其他官方资料不存在；后续需逐表核验,原来源已查；扩展来源待核验
覆盖检查,CV01502,F2,B026,DIM-IND,行业,无稳定公开数据,,B_S04,已读来源未提供该维度的稳定全覆盖表；本轮未建立额外逐单元来源,这是本轮证据缺口，不断言其他官方资料不存在；后续需逐表核验,原来源已查；扩展来源待核验
覆盖检查,CV01503,F4,B026,DIM-IND,行业,无稳定公开数据,,B_S04,已读来源未提供该维度的稳定全覆盖表；本轮未建立额外逐单元来源,这是本轮证据缺口，不断言其他官方资料不存在；后续需逐表核验,原来源已查；扩展来源待核验
覆盖检查,CV01504,S2,B026,DIM-IND,行业,无稳定公开数据,,B_S04,已读来源未提供该维度的稳定全覆盖表；本轮未建立额外逐单元来源,这是本轮证据缺口，不断言其他官方资料不存在；后续需逐表核验,原来源已查；扩展来源待核验
覆盖检查,CV01505,K4,B026,DIM-FIRM,企业类型,无稳定公开数据,,B_S04,已读来源未提供该维度的稳定全覆盖表；本轮未建立额外逐单元来源,这是本轮证据缺口，不断言其他官方资料不存在；后续需逐表核验,原来源已查；扩展来源待核验
覆盖检查,CV01506,M4,B026,DIM-FIRM,企业类型,无稳定公开数据,,B_S04,已读来源未提供该维度的稳定全覆盖表；本轮未建立额外逐单元来源,这是本轮证据缺口，不断言其他官方资料不存在；后续需逐表核验,原来源已查；扩展来源待核验
覆盖检查,CV01507,F2,B026,DIM-FIRM,企业类型,无稳定公开数据,,B_S04,已读来源未提供该维度的稳定全覆盖表；本轮未建立额外逐单元来源,这是本轮证据缺口，不断言其他官方资料不存在；后续需逐表核验,原来源已查；扩展来源待核验
覆盖检查,CV01508,F4,B026,DIM-FIRM,企业类型,无稳定公开数据,,B_S04,已读来源未提供该维度的稳定全覆盖表；本轮未建立额外逐单元来源,这是本轮证据缺口，不断言其他官方资料不存在；后续需逐表核验,原来源已查；扩展来源待核验
覆盖检查,CV01509,S2,B026,DIM-FIRM,企业类型,无稳定公开数据,,B_S04,已读来源未提供该维度的稳定全覆盖表；本轮未建立额外逐单元来源,这是本轮证据缺口，不断言其他官方资料不存在；后续需逐表核验,原来源已查；扩展来源待核验
覆盖检查,CV01510,K4,B026,DIM-HH,居民群体,不适用,,B_S04,本指标定义不直接接受该维度拆分,不得借用同名但不同范围指标填补,适用性判断
覆盖检查,CV01511,M4,B026,DIM-HH,居民群体,不适用,,B_S04,本指标定义不直接接受该维度拆分,不得借用同名但不同范围指标填补,适用性判断
覆盖检查,CV01512,F2,B026,DIM-HH,居民群体,不适用,,B_S04,本指标定义不直接接受该维度拆分,不得借用同名但不同范围指标填补,适用性判断
覆盖检查,CV01513,F4,B026,DIM-HH,居民群体,不适用,,B_S04,本指标定义不直接接受该维度拆分,不得借用同名但不同范围指标填补,适用性判断
覆盖检查,CV01514,S2,B026,DIM-HH,居民群体,不适用,,B_S04,本指标定义不直接接受该维度拆分,不得借用同名但不同范围指标填补,适用性判断
覆盖检查,CV01515,K4,B026,DIM-SEC,机构部门,部分覆盖,中央；地方合计,B_S04,中央及地方分列,地方本级收入不含中央转移。,已读原表/定义；仅所列范围
覆盖检查,CV01516,M4,B026,DIM-SEC,机构部门,部分覆盖,中央；地方合计,B_S04,中央及地方分列,地方本级收入不含中央转移。,已读原表/定义；仅所列范围
覆盖检查,CV01517,F2,B026,DIM-SEC,机构部门,部分覆盖,中央；地方合计,B_S04,中央及地方分列,地方本级收入不含中央转移。,已读原表/定义；仅所列范围
覆盖检查,CV01518,F4,B026,DIM-SEC,机构部门,部分覆盖,中央；地方合计,B_S04,中央及地方分列,地方本级收入不含中央转移。,已读原表/定义；仅所列范围
覆盖检查,CV01519,S2,B026,DIM-SEC,机构部门,部分覆盖,中央；地方合计,B_S04,中央及地方分列,地方本级收入不含中央转移。,已读原表/定义；仅所列范围
覆盖检查,CV01520,K4,B027,DIM-NAT,全国,已覆盖,全国汇总,B_S04,财政部全年统计,,已读原表/定义；仅所列范围
覆盖检查,CV01521,F2,B027,DIM-NAT,全国,已覆盖,全国汇总,B_S04,财政部全年统计,,已读原表/定义；仅所列范围
覆盖检查,CV01522,K4,B027,DIM-PROV,省级,无稳定公开数据,,B_S04,本页无31省分表,不得推广为所有省级连续公开。,已读原表/定义；仅所列范围
覆盖检查,CV01523,F2,B027,DIM-PROV,省级,无稳定公开数据,,B_S04,本页无31省分表,不得推广为所有省级连续公开。,已读原表/定义；仅所列范围
覆盖检查,CV01524,K4,B027,DIM-PREF,地级,无稳定公开数据,,B_S04,已读来源未提供该维度的稳定全覆盖表；本轮未建立额外逐单元来源,这是本轮证据缺口，不断言其他官方资料不存在；后续需逐表核验,原来源已查；扩展来源待核验
覆盖检查,CV01525,F2,B027,DIM-PREF,地级,无稳定公开数据,,B_S04,已读来源未提供该维度的稳定全覆盖表；本轮未建立额外逐单元来源,这是本轮证据缺口，不断言其他官方资料不存在；后续需逐表核验,原来源已查；扩展来源待核验
覆盖检查,CV01526,K4,B027,DIM-IND,行业,无稳定公开数据,,B_S04,已读来源未提供该维度的稳定全覆盖表；本轮未建立额外逐单元来源,这是本轮证据缺口，不断言其他官方资料不存在；后续需逐表核验,原来源已查；扩展来源待核验
覆盖检查,CV01527,F2,B027,DIM-IND,行业,无稳定公开数据,,B_S04,已读来源未提供该维度的稳定全覆盖表；本轮未建立额外逐单元来源,这是本轮证据缺口，不断言其他官方资料不存在；后续需逐表核验,原来源已查；扩展来源待核验
覆盖检查,CV01528,K4,B027,DIM-FIRM,企业类型,无稳定公开数据,,B_S04,已读来源未提供该维度的稳定全覆盖表；本轮未建立额外逐单元来源,这是本轮证据缺口，不断言其他官方资料不存在；后续需逐表核验,原来源已查；扩展来源待核验
覆盖检查,CV01529,F2,B027,DIM-FIRM,企业类型,无稳定公开数据,,B_S04,已读来源未提供该维度的稳定全覆盖表；本轮未建立额外逐单元来源,这是本轮证据缺口，不断言其他官方资料不存在；后续需逐表核验,原来源已查；扩展来源待核验
覆盖检查,CV01530,K4,B027,DIM-HH,居民群体,不适用,,B_S04,本指标定义不直接接受该维度拆分,不得借用同名但不同范围指标填补,适用性判断
覆盖检查,CV01531,F2,B027,DIM-HH,居民群体,不适用,,B_S04,本指标定义不直接接受该维度拆分,不得借用同名但不同范围指标填补,适用性判断
覆盖检查,CV01532,K4,B027,DIM-SEC,机构部门,部分覆盖,全国一般公共预算非税收入,B_S04,正文只核验全国非税收入,未核得中央/地方非税分项，不继承一般公共预算总收入分项。,已读原表/定义；仅所列范围
覆盖检查,CV01533,F2,B027,DIM-SEC,机构部门,部分覆盖,全国一般公共预算非税收入,B_S04,正文只核验全国非税收入,未核得中央/地方非税分项，不继承一般公共预算总收入分项。,已读原表/定义；仅所列范围
覆盖检查,CV01534,K4,B028,DIM-NAT,全国,已覆盖,全国汇总,B_S04,财政部全年统计,,已读原表/定义；仅所列范围
覆盖检查,CV01535,F2,B028,DIM-NAT,全国,已覆盖,全国汇总,B_S04,财政部全年统计,,已读原表/定义；仅所列范围
覆盖检查,CV01536,F3,B028,DIM-NAT,全国,已覆盖,全国汇总,B_S04,财政部全年统计,,已读原表/定义；仅所列范围
覆盖检查,CV01537,F4,B028,DIM-NAT,全国,已覆盖,全国汇总,B_S04,财政部全年统计,,已读原表/定义；仅所列范围
覆盖检查,CV01538,K4,B028,DIM-PROV,省级,无稳定公开数据,,B_S04,本页无31省分表,不得推广为所有省级连续公开。,已读原表/定义；仅所列范围
覆盖检查,CV01539,F2,B028,DIM-PROV,省级,无稳定公开数据,,B_S04,本页无31省分表,不得推广为所有省级连续公开。,已读原表/定义；仅所列范围
覆盖检查,CV01540,F3,B028,DIM-PROV,省级,无稳定公开数据,,B_S04,本页无31省分表,不得推广为所有省级连续公开。,已读原表/定义；仅所列范围
覆盖检查,CV01541,F4,B028,DIM-PROV,省级,无稳定公开数据,,B_S04,本页无31省分表,不得推广为所有省级连续公开。,已读原表/定义；仅所列范围
覆盖检查,CV01542,K4,B028,DIM-PREF,地级,无稳定公开数据,,B_S04,已读来源未提供该维度的稳定全覆盖表；本轮未建立额外逐单元来源,这是本轮证据缺口，不断言其他官方资料不存在；后续需逐表核验,原来源已查；扩展来源待核验
覆盖检查,CV01543,F2,B028,DIM-PREF,地级,无稳定公开数据,,B_S04,已读来源未提供该维度的稳定全覆盖表；本轮未建立额外逐单元来源,这是本轮证据缺口，不断言其他官方资料不存在；后续需逐表核验,原来源已查；扩展来源待核验
覆盖检查,CV01544,F3,B028,DIM-PREF,地级,无稳定公开数据,,B_S04,已读来源未提供该维度的稳定全覆盖表；本轮未建立额外逐单元来源,这是本轮证据缺口，不断言其他官方资料不存在；后续需逐表核验,原来源已查；扩展来源待核验
覆盖检查,CV01545,F4,B028,DIM-PREF,地级,无稳定公开数据,,B_S04,已读来源未提供该维度的稳定全覆盖表；本轮未建立额外逐单元来源,这是本轮证据缺口，不断言其他官方资料不存在；后续需逐表核验,原来源已查；扩展来源待核验
覆盖检查,CV01546,K4,B028,DIM-IND,行业,无稳定公开数据,,B_S04,已读来源未提供该维度的稳定全覆盖表；本轮未建立额外逐单元来源,这是本轮证据缺口，不断言其他官方资料不存在；后续需逐表核验,原来源已查；扩展来源待核验
覆盖检查,CV01547,F2,B028,DIM-IND,行业,无稳定公开数据,,B_S04,已读来源未提供该维度的稳定全覆盖表；本轮未建立额外逐单元来源,这是本轮证据缺口，不断言其他官方资料不存在；后续需逐表核验,原来源已查；扩展来源待核验
覆盖检查,CV01548,F3,B028,DIM-IND,行业,无稳定公开数据,,B_S04,已读来源未提供该维度的稳定全覆盖表；本轮未建立额外逐单元来源,这是本轮证据缺口，不断言其他官方资料不存在；后续需逐表核验,原来源已查；扩展来源待核验
覆盖检查,CV01549,F4,B028,DIM-IND,行业,无稳定公开数据,,B_S04,已读来源未提供该维度的稳定全覆盖表；本轮未建立额外逐单元来源,这是本轮证据缺口，不断言其他官方资料不存在；后续需逐表核验,原来源已查；扩展来源待核验
覆盖检查,CV01550,K4,B028,DIM-FIRM,企业类型,无稳定公开数据,,B_S04,已读来源未提供该维度的稳定全覆盖表；本轮未建立额外逐单元来源,这是本轮证据缺口，不断言其他官方资料不存在；后续需逐表核验,原来源已查；扩展来源待核验
覆盖检查,CV01551,F2,B028,DIM-FIRM,企业类型,无稳定公开数据,,B_S04,已读来源未提供该维度的稳定全覆盖表；本轮未建立额外逐单元来源,这是本轮证据缺口，不断言其他官方资料不存在；后续需逐表核验,原来源已查；扩展来源待核验
覆盖检查,CV01552,F3,B028,DIM-FIRM,企业类型,无稳定公开数据,,B_S04,已读来源未提供该维度的稳定全覆盖表；本轮未建立额外逐单元来源,这是本轮证据缺口，不断言其他官方资料不存在；后续需逐表核验,原来源已查；扩展来源待核验
覆盖检查,CV01553,F4,B028,DIM-FIRM,企业类型,无稳定公开数据,,B_S04,已读来源未提供该维度的稳定全覆盖表；本轮未建立额外逐单元来源,这是本轮证据缺口，不断言其他官方资料不存在；后续需逐表核验,原来源已查；扩展来源待核验
覆盖检查,CV01554,K4,B028,DIM-HH,居民群体,不适用,,B_S04,本指标定义不直接接受该维度拆分,不得借用同名但不同范围指标填补,适用性判断
覆盖检查,CV01555,F2,B028,DIM-HH,居民群体,不适用,,B_S04,本指标定义不直接接受该维度拆分,不得借用同名但不同范围指标填补,适用性判断
覆盖检查,CV01556,F3,B028,DIM-HH,居民群体,不适用,,B_S04,本指标定义不直接接受该维度拆分,不得借用同名但不同范围指标填补,适用性判断
覆盖检查,CV01557,F4,B028,DIM-HH,居民群体,不适用,,B_S04,本指标定义不直接接受该维度拆分,不得借用同名但不同范围指标填补,适用性判断
覆盖检查,CV01558,K4,B028,DIM-SEC,机构部门,部分覆盖,地方政府合计,B_S04,地方政府性基金收入其中国有土地使用权出让收入,不含中央土地出让的另行假设。,已读原表/定义；仅所列范围
覆盖检查,CV01559,F2,B028,DIM-SEC,机构部门,部分覆盖,地方政府合计,B_S04,地方政府性基金收入其中国有土地使用权出让收入,不含中央土地出让的另行假设。,已读原表/定义；仅所列范围
覆盖检查,CV01560,F3,B028,DIM-SEC,机构部门,部分覆盖,地方政府合计,B_S04,地方政府性基金收入其中国有土地使用权出让收入,不含中央土地出让的另行假设。,已读原表/定义；仅所列范围
覆盖检查,CV01561,F4,B028,DIM-SEC,机构部门,部分覆盖,地方政府合计,B_S04,地方政府性基金收入其中国有土地使用权出让收入,不含中央土地出让的另行假设。,已读原表/定义；仅所列范围
覆盖检查,CV01562,K4,B029,DIM-NAT,全国,已覆盖,全国汇总,B_S04,财政部全年统计,,已读原表/定义；仅所列范围
覆盖检查,CV01563,F2,B029,DIM-NAT,全国,已覆盖,全国汇总,B_S04,财政部全年统计,,已读原表/定义；仅所列范围
覆盖检查,CV01564,K4,B029,DIM-PROV,省级,无稳定公开数据,,B_S04,本页无31省分表,不得推广为所有省级连续公开。,已读原表/定义；仅所列范围
覆盖检查,CV01565,F2,B029,DIM-PROV,省级,无稳定公开数据,,B_S04,本页无31省分表,不得推广为所有省级连续公开。,已读原表/定义；仅所列范围
覆盖检查,CV01566,K4,B029,DIM-PREF,地级,无稳定公开数据,,B_S04,已读来源未提供该维度的稳定全覆盖表；本轮未建立额外逐单元来源,这是本轮证据缺口，不断言其他官方资料不存在；后续需逐表核验,原来源已查；扩展来源待核验
覆盖检查,CV01567,F2,B029,DIM-PREF,地级,无稳定公开数据,,B_S04,已读来源未提供该维度的稳定全覆盖表；本轮未建立额外逐单元来源,这是本轮证据缺口，不断言其他官方资料不存在；后续需逐表核验,原来源已查；扩展来源待核验
覆盖检查,CV01568,K4,B029,DIM-IND,行业,无稳定公开数据,,B_S04,已读来源未提供该维度的稳定全覆盖表；本轮未建立额外逐单元来源,这是本轮证据缺口，不断言其他官方资料不存在；后续需逐表核验,原来源已查；扩展来源待核验
覆盖检查,CV01569,F2,B029,DIM-IND,行业,无稳定公开数据,,B_S04,已读来源未提供该维度的稳定全覆盖表；本轮未建立额外逐单元来源,这是本轮证据缺口，不断言其他官方资料不存在；后续需逐表核验,原来源已查；扩展来源待核验
覆盖检查,CV01570,K4,B029,DIM-FIRM,企业类型,无稳定公开数据,,B_S04,已读来源未提供该维度的稳定全覆盖表；本轮未建立额外逐单元来源,这是本轮证据缺口，不断言其他官方资料不存在；后续需逐表核验,原来源已查；扩展来源待核验
覆盖检查,CV01571,F2,B029,DIM-FIRM,企业类型,无稳定公开数据,,B_S04,已读来源未提供该维度的稳定全覆盖表；本轮未建立额外逐单元来源,这是本轮证据缺口，不断言其他官方资料不存在；后续需逐表核验,原来源已查；扩展来源待核验
覆盖检查,CV01572,K4,B029,DIM-HH,居民群体,不适用,,B_S04,本指标定义不直接接受该维度拆分,不得借用同名但不同范围指标填补,适用性判断
覆盖检查,CV01573,F2,B029,DIM-HH,居民群体,不适用,,B_S04,本指标定义不直接接受该维度拆分,不得借用同名但不同范围指标填补,适用性判断
覆盖检查,CV01574,K4,B029,DIM-SEC,机构部门,部分覆盖,中央；地方合计,B_S04,中央及地方分列,地方本级收入不含中央转移。,已读原表/定义；仅所列范围
覆盖检查,CV01575,F2,B029,DIM-SEC,机构部门,部分覆盖,中央；地方合计,B_S04,中央及地方分列,地方本级收入不含中央转移。,已读原表/定义；仅所列范围
覆盖检查,CV01576,K4,B030,DIM-NAT,全国,已覆盖,全国汇总,B_S04,财政部全年统计,,已读原表/定义；仅所列范围
覆盖检查,CV01577,M4,B030,DIM-NAT,全国,已覆盖,全国汇总,B_S04,财政部全年统计,,已读原表/定义；仅所列范围
覆盖检查,CV01578,F2,B030,DIM-NAT,全国,已覆盖,全国汇总,B_S04,财政部全年统计,,已读原表/定义；仅所列范围
覆盖检查,CV01579,K4,B030,DIM-PROV,省级,无稳定公开数据,,B_S04,本页无31省分表,不得推广为所有省级连续公开。,已读原表/定义；仅所列范围
覆盖检查,CV01580,M4,B030,DIM-PROV,省级,无稳定公开数据,,B_S04,本页无31省分表,不得推广为所有省级连续公开。,已读原表/定义；仅所列范围
覆盖检查,CV01581,F2,B030,DIM-PROV,省级,无稳定公开数据,,B_S04,本页无31省分表,不得推广为所有省级连续公开。,已读原表/定义；仅所列范围
覆盖检查,CV01582,K4,B030,DIM-PREF,地级,无稳定公开数据,,B_S04,已读来源未提供该维度的稳定全覆盖表；本轮未建立额外逐单元来源,这是本轮证据缺口，不断言其他官方资料不存在；后续需逐表核验,原来源已查；扩展来源待核验
覆盖检查,CV01583,M4,B030,DIM-PREF,地级,无稳定公开数据,,B_S04,已读来源未提供该维度的稳定全覆盖表；本轮未建立额外逐单元来源,这是本轮证据缺口，不断言其他官方资料不存在；后续需逐表核验,原来源已查；扩展来源待核验
覆盖检查,CV01584,F2,B030,DIM-PREF,地级,无稳定公开数据,,B_S04,已读来源未提供该维度的稳定全覆盖表；本轮未建立额外逐单元来源,这是本轮证据缺口，不断言其他官方资料不存在；后续需逐表核验,原来源已查；扩展来源待核验
覆盖检查,CV01585,K4,B030,DIM-IND,行业,无稳定公开数据,,B_S04,已读来源未提供该维度的稳定全覆盖表；本轮未建立额外逐单元来源,这是本轮证据缺口，不断言其他官方资料不存在；后续需逐表核验,原来源已查；扩展来源待核验
覆盖检查,CV01586,M4,B030,DIM-IND,行业,无稳定公开数据,,B_S04,已读来源未提供该维度的稳定全覆盖表；本轮未建立额外逐单元来源,这是本轮证据缺口，不断言其他官方资料不存在；后续需逐表核验,原来源已查；扩展来源待核验
覆盖检查,CV01587,F2,B030,DIM-IND,行业,无稳定公开数据,,B_S04,已读来源未提供该维度的稳定全覆盖表；本轮未建立额外逐单元来源,这是本轮证据缺口，不断言其他官方资料不存在；后续需逐表核验,原来源已查；扩展来源待核验
覆盖检查,CV01588,K4,B030,DIM-FIRM,企业类型,无稳定公开数据,,B_S04,已读来源未提供该维度的稳定全覆盖表；本轮未建立额外逐单元来源,这是本轮证据缺口，不断言其他官方资料不存在；后续需逐表核验,原来源已查；扩展来源待核验
覆盖检查,CV01589,M4,B030,DIM-FIRM,企业类型,无稳定公开数据,,B_S04,已读来源未提供该维度的稳定全覆盖表；本轮未建立额外逐单元来源,这是本轮证据缺口，不断言其他官方资料不存在；后续需逐表核验,原来源已查；扩展来源待核验
覆盖检查,CV01590,F2,B030,DIM-FIRM,企业类型,无稳定公开数据,,B_S04,已读来源未提供该维度的稳定全覆盖表；本轮未建立额外逐单元来源,这是本轮证据缺口，不断言其他官方资料不存在；后续需逐表核验,原来源已查；扩展来源待核验
覆盖检查,CV01591,K4,B030,DIM-HH,居民群体,不适用,,B_S04,本指标定义不直接接受该维度拆分,不得借用同名但不同范围指标填补,适用性判断
覆盖检查,CV01592,M4,B030,DIM-HH,居民群体,不适用,,B_S04,本指标定义不直接接受该维度拆分,不得借用同名但不同范围指标填补,适用性判断
覆盖检查,CV01593,F2,B030,DIM-HH,居民群体,不适用,,B_S04,本指标定义不直接接受该维度拆分,不得借用同名但不同范围指标填补,适用性判断
覆盖检查,CV01594,K4,B030,DIM-SEC,机构部门,部分覆盖,中央；地方合计,B_S04,中央及地方分列,地方本级收入不含中央转移。,已读原表/定义；仅所列范围
覆盖检查,CV01595,M4,B030,DIM-SEC,机构部门,部分覆盖,中央；地方合计,B_S04,中央及地方分列,地方本级收入不含中央转移。,已读原表/定义；仅所列范围
覆盖检查,CV01596,F2,B030,DIM-SEC,机构部门,部分覆盖,中央；地方合计,B_S04,中央及地方分列,地方本级收入不含中央转移。,已读原表/定义；仅所列范围
覆盖检查,CV01597,K4,B031,DIM-NAT,全国,已覆盖,中央对地方合计,B_S08,决算明确101823.03亿元,,已读原表/定义；仅所列范围
覆盖检查,CV01598,F2,B031,DIM-NAT,全国,已覆盖,中央对地方合计,B_S08,决算明确101823.03亿元,,已读原表/定义；仅所列范围
覆盖检查,CV01599,K4,B031,DIM-PROV,省级,无稳定公开数据,,B_S08,此报告未给31省分配表,本轮未核验逐省到款与决算。,已读原表/定义；仅所列范围
覆盖检查,CV01600,F2,B031,DIM-PROV,省级,无稳定公开数据,,B_S08,此报告未给31省分配表,本轮未核验逐省到款与决算。,已读原表/定义；仅所列范围
覆盖检查,CV01601,K4,B031,DIM-PREF,地级,无稳定公开数据,,B_S08,已读来源未提供该维度的稳定全覆盖表；本轮未建立额外逐单元来源,这是本轮证据缺口，不断言其他官方资料不存在；后续需逐表核验,原来源已查；扩展来源待核验
覆盖检查,CV01602,F2,B031,DIM-PREF,地级,无稳定公开数据,,B_S08,已读来源未提供该维度的稳定全覆盖表；本轮未建立额外逐单元来源,这是本轮证据缺口，不断言其他官方资料不存在；后续需逐表核验,原来源已查；扩展来源待核验
覆盖检查,CV01603,K4,B031,DIM-IND,行业,无稳定公开数据,,B_S08,已读来源未提供该维度的稳定全覆盖表；本轮未建立额外逐单元来源,这是本轮证据缺口，不断言其他官方资料不存在；后续需逐表核验,原来源已查；扩展来源待核验
覆盖检查,CV01604,F2,B031,DIM-IND,行业,无稳定公开数据,,B_S08,已读来源未提供该维度的稳定全覆盖表；本轮未建立额外逐单元来源,这是本轮证据缺口，不断言其他官方资料不存在；后续需逐表核验,原来源已查；扩展来源待核验
覆盖检查,CV01605,K4,B031,DIM-FIRM,企业类型,无稳定公开数据,,B_S08,已读来源未提供该维度的稳定全覆盖表；本轮未建立额外逐单元来源,这是本轮证据缺口，不断言其他官方资料不存在；后续需逐表核验,原来源已查；扩展来源待核验
覆盖检查,CV01606,F2,B031,DIM-FIRM,企业类型,无稳定公开数据,,B_S08,已读来源未提供该维度的稳定全覆盖表；本轮未建立额外逐单元来源,这是本轮证据缺口，不断言其他官方资料不存在；后续需逐表核验,原来源已查；扩展来源待核验
覆盖检查,CV01607,K4,B031,DIM-HH,居民群体,不适用,,B_S08,本指标定义不直接接受该维度拆分,不得借用同名但不同范围指标填补,适用性判断
覆盖检查,CV01608,F2,B031,DIM-HH,居民群体,不适用,,B_S08,本指标定义不直接接受该维度拆分,不得借用同名但不同范围指标填补,适用性判断
覆盖检查,CV01609,K4,B031,DIM-SEC,机构部门,无稳定公开数据,,B_S08,已读来源未提供该维度的稳定全覆盖表；本轮未建立额外逐单元来源,这是本轮证据缺口，不断言其他官方资料不存在；后续需逐表核验,原来源已查；扩展来源待核验
覆盖检查,CV01610,F2,B031,DIM-SEC,机构部门,无稳定公开数据,,B_S08,已读来源未提供该维度的稳定全覆盖表；本轮未建立额外逐单元来源,这是本轮证据缺口，不断言其他官方资料不存在；后续需逐表核验,原来源已查；扩展来源待核验
覆盖检查,CV01611,K4,B032,DIM-NAT,全国,已覆盖,中央财政国债,B_S08,决算国债余额412317.68亿元,,已读原表/定义；仅所列范围
覆盖检查,CV01612,F1,B032,DIM-NAT,全国,已覆盖,中央财政国债,B_S08,决算国债余额412317.68亿元,,已读原表/定义；仅所列范围
覆盖检查,CV01613,F2,B032,DIM-NAT,全国,已覆盖,中央财政国债,B_S08,决算国债余额412317.68亿元,,已读原表/定义；仅所列范围
覆盖检查,CV01614,K4,B032,DIM-PROV,省级,无稳定公开数据,,B_S08,已读来源未提供该维度的稳定全覆盖表；本轮未建立额外逐单元来源,这是本轮证据缺口，不断言其他官方资料不存在；后续需逐表核验,原来源已查；扩展来源待核验
覆盖检查,CV01615,F1,B032,DIM-PROV,省级,无稳定公开数据,,B_S08,已读来源未提供该维度的稳定全覆盖表；本轮未建立额外逐单元来源,这是本轮证据缺口，不断言其他官方资料不存在；后续需逐表核验,原来源已查；扩展来源待核验
覆盖检查,CV01616,F2,B032,DIM-PROV,省级,无稳定公开数据,,B_S08,已读来源未提供该维度的稳定全覆盖表；本轮未建立额外逐单元来源,这是本轮证据缺口，不断言其他官方资料不存在；后续需逐表核验,原来源已查；扩展来源待核验
覆盖检查,CV01617,K4,B032,DIM-PREF,地级,无稳定公开数据,,B_S08,已读来源未提供该维度的稳定全覆盖表；本轮未建立额外逐单元来源,这是本轮证据缺口，不断言其他官方资料不存在；后续需逐表核验,原来源已查；扩展来源待核验
覆盖检查,CV01618,F1,B032,DIM-PREF,地级,无稳定公开数据,,B_S08,已读来源未提供该维度的稳定全覆盖表；本轮未建立额外逐单元来源,这是本轮证据缺口，不断言其他官方资料不存在；后续需逐表核验,原来源已查；扩展来源待核验
覆盖检查,CV01619,F2,B032,DIM-PREF,地级,无稳定公开数据,,B_S08,已读来源未提供该维度的稳定全覆盖表；本轮未建立额外逐单元来源,这是本轮证据缺口，不断言其他官方资料不存在；后续需逐表核验,原来源已查；扩展来源待核验
覆盖检查,CV01620,K4,B032,DIM-IND,行业,无稳定公开数据,,B_S08,已读来源未提供该维度的稳定全覆盖表；本轮未建立额外逐单元来源,这是本轮证据缺口，不断言其他官方资料不存在；后续需逐表核验,原来源已查；扩展来源待核验
覆盖检查,CV01621,F1,B032,DIM-IND,行业,无稳定公开数据,,B_S08,已读来源未提供该维度的稳定全覆盖表；本轮未建立额外逐单元来源,这是本轮证据缺口，不断言其他官方资料不存在；后续需逐表核验,原来源已查；扩展来源待核验
覆盖检查,CV01622,F2,B032,DIM-IND,行业,无稳定公开数据,,B_S08,已读来源未提供该维度的稳定全覆盖表；本轮未建立额外逐单元来源,这是本轮证据缺口，不断言其他官方资料不存在；后续需逐表核验,原来源已查；扩展来源待核验
覆盖检查,CV01623,K4,B032,DIM-FIRM,企业类型,无稳定公开数据,,B_S08,已读来源未提供该维度的稳定全覆盖表；本轮未建立额外逐单元来源,这是本轮证据缺口，不断言其他官方资料不存在；后续需逐表核验,原来源已查；扩展来源待核验
覆盖检查,CV01624,F1,B032,DIM-FIRM,企业类型,无稳定公开数据,,B_S08,已读来源未提供该维度的稳定全覆盖表；本轮未建立额外逐单元来源,这是本轮证据缺口，不断言其他官方资料不存在；后续需逐表核验,原来源已查；扩展来源待核验
覆盖检查,CV01625,F2,B032,DIM-FIRM,企业类型,无稳定公开数据,,B_S08,已读来源未提供该维度的稳定全覆盖表；本轮未建立额外逐单元来源,这是本轮证据缺口，不断言其他官方资料不存在；后续需逐表核验,原来源已查；扩展来源待核验
覆盖检查,CV01626,K4,B032,DIM-HH,居民群体,不适用,,B_S08,本指标定义不直接接受该维度拆分,不得借用同名但不同范围指标填补,适用性判断
覆盖检查,CV01627,F1,B032,DIM-HH,居民群体,不适用,,B_S08,本指标定义不直接接受该维度拆分,不得借用同名但不同范围指标填补,适用性判断
覆盖检查,CV01628,F2,B032,DIM-HH,居民群体,不适用,,B_S08,本指标定义不直接接受该维度拆分,不得借用同名但不同范围指标填补,适用性判断
覆盖检查,CV01629,K4,B032,DIM-SEC,机构部门,已覆盖,中央政府,B_S08,仅中央财政债务,不涵盖央行或国企负债。,已读原表/定义；仅所列范围
覆盖检查,CV01630,F1,B032,DIM-SEC,机构部门,已覆盖,中央政府,B_S08,仅中央财政债务,不涵盖央行或国企负债。,已读原表/定义；仅所列范围
覆盖检查,CV01631,F2,B032,DIM-SEC,机构部门,已覆盖,中央政府,B_S08,仅中央财政债务,不涵盖央行或国企负债。,已读原表/定义；仅所列范围
覆盖检查,CV01632,K4,B033,DIM-NAT,全国,已覆盖,地方一般债务汇总,B_S08,6月决算报告余额,,已读原表/定义；仅所列范围
覆盖检查,CV01633,F1,B033,DIM-NAT,全国,已覆盖,地方一般债务汇总,B_S08,6月决算报告余额,,已读原表/定义；仅所列范围
覆盖检查,CV01634,F2,B033,DIM-NAT,全国,已覆盖,地方一般债务汇总,B_S08,6月决算报告余额,,已读原表/定义；仅所列范围
覆盖检查,CV01635,K4,B033,DIM-PROV,省级,无稳定公开数据,,B_S08,本页只有全国汇总；发行省级附表不能替代余额,未核验31省该余额连续表。,已读原表/定义；仅所列范围
覆盖检查,CV01636,F1,B033,DIM-PROV,省级,无稳定公开数据,,B_S08,本页只有全国汇总；发行省级附表不能替代余额,未核验31省该余额连续表。,已读原表/定义；仅所列范围
覆盖检查,CV01637,F2,B033,DIM-PROV,省级,无稳定公开数据,,B_S08,本页只有全国汇总；发行省级附表不能替代余额,未核验31省该余额连续表。,已读原表/定义；仅所列范围
覆盖检查,CV01638,K4,B033,DIM-PREF,地级,无稳定公开数据,,B_S08,已读来源未提供该维度的稳定全覆盖表；本轮未建立额外逐单元来源,这是本轮证据缺口，不断言其他官方资料不存在；后续需逐表核验,原来源已查；扩展来源待核验
覆盖检查,CV01639,F1,B033,DIM-PREF,地级,无稳定公开数据,,B_S08,已读来源未提供该维度的稳定全覆盖表；本轮未建立额外逐单元来源,这是本轮证据缺口，不断言其他官方资料不存在；后续需逐表核验,原来源已查；扩展来源待核验
覆盖检查,CV01640,F2,B033,DIM-PREF,地级,无稳定公开数据,,B_S08,已读来源未提供该维度的稳定全覆盖表；本轮未建立额外逐单元来源,这是本轮证据缺口，不断言其他官方资料不存在；后续需逐表核验,原来源已查；扩展来源待核验
覆盖检查,CV01641,K4,B033,DIM-IND,行业,无稳定公开数据,,B_S08,已读来源未提供该维度的稳定全覆盖表；本轮未建立额外逐单元来源,这是本轮证据缺口，不断言其他官方资料不存在；后续需逐表核验,原来源已查；扩展来源待核验
覆盖检查,CV01642,F1,B033,DIM-IND,行业,无稳定公开数据,,B_S08,已读来源未提供该维度的稳定全覆盖表；本轮未建立额外逐单元来源,这是本轮证据缺口，不断言其他官方资料不存在；后续需逐表核验,原来源已查；扩展来源待核验
覆盖检查,CV01643,F2,B033,DIM-IND,行业,无稳定公开数据,,B_S08,已读来源未提供该维度的稳定全覆盖表；本轮未建立额外逐单元来源,这是本轮证据缺口，不断言其他官方资料不存在；后续需逐表核验,原来源已查；扩展来源待核验
覆盖检查,CV01644,K4,B033,DIM-FIRM,企业类型,无稳定公开数据,,B_S08,已读来源未提供该维度的稳定全覆盖表；本轮未建立额外逐单元来源,这是本轮证据缺口，不断言其他官方资料不存在；后续需逐表核验,原来源已查；扩展来源待核验
覆盖检查,CV01645,F1,B033,DIM-FIRM,企业类型,无稳定公开数据,,B_S08,已读来源未提供该维度的稳定全覆盖表；本轮未建立额外逐单元来源,这是本轮证据缺口，不断言其他官方资料不存在；后续需逐表核验,原来源已查；扩展来源待核验
覆盖检查,CV01646,F2,B033,DIM-FIRM,企业类型,无稳定公开数据,,B_S08,已读来源未提供该维度的稳定全覆盖表；本轮未建立额外逐单元来源,这是本轮证据缺口，不断言其他官方资料不存在；后续需逐表核验,原来源已查；扩展来源待核验
覆盖检查,CV01647,K4,B033,DIM-HH,居民群体,不适用,,B_S08,本指标定义不直接接受该维度拆分,不得借用同名但不同范围指标填补,适用性判断
覆盖检查,CV01648,F1,B033,DIM-HH,居民群体,不适用,,B_S08,本指标定义不直接接受该维度拆分,不得借用同名但不同范围指标填补,适用性判断
覆盖检查,CV01649,F2,B033,DIM-HH,居民群体,不适用,,B_S08,本指标定义不直接接受该维度拆分,不得借用同名但不同范围指标填补,适用性判断
覆盖检查,CV01650,K4,B033,DIM-SEC,机构部门,无稳定公开数据,,B_S08,已读来源未提供该维度的稳定全覆盖表；本轮未建立额外逐单元来源,这是本轮证据缺口，不断言其他官方资料不存在；后续需逐表核验,原来源已查；扩展来源待核验
覆盖检查,CV01651,F1,B033,DIM-SEC,机构部门,无稳定公开数据,,B_S08,已读来源未提供该维度的稳定全覆盖表；本轮未建立额外逐单元来源,这是本轮证据缺口，不断言其他官方资料不存在；后续需逐表核验,原来源已查；扩展来源待核验
覆盖检查,CV01652,F2,B033,DIM-SEC,机构部门,无稳定公开数据,,B_S08,已读来源未提供该维度的稳定全覆盖表；本轮未建立额外逐单元来源,这是本轮证据缺口，不断言其他官方资料不存在；后续需逐表核验,原来源已查；扩展来源待核验
覆盖检查,CV01653,K4,B034,DIM-NAT,全国,已覆盖,地方专项债务汇总,B_S08,6月决算报告余额,,已读原表/定义；仅所列范围
覆盖检查,CV01654,F1,B034,DIM-NAT,全国,已覆盖,地方专项债务汇总,B_S08,6月决算报告余额,,已读原表/定义；仅所列范围
覆盖检查,CV01655,F2,B034,DIM-NAT,全国,已覆盖,地方专项债务汇总,B_S08,6月决算报告余额,,已读原表/定义；仅所列范围
覆盖检查,CV01656,K4,B034,DIM-PROV,省级,无稳定公开数据,,B_S08,本页只有全国汇总；发行省级附表不能替代余额,未核验31省该余额连续表。,已读原表/定义；仅所列范围
覆盖检查,CV01657,F1,B034,DIM-PROV,省级,无稳定公开数据,,B_S08,本页只有全国汇总；发行省级附表不能替代余额,未核验31省该余额连续表。,已读原表/定义；仅所列范围
覆盖检查,CV01658,F2,B034,DIM-PROV,省级,无稳定公开数据,,B_S08,本页只有全国汇总；发行省级附表不能替代余额,未核验31省该余额连续表。,已读原表/定义；仅所列范围
覆盖检查,CV01659,K4,B034,DIM-PREF,地级,无稳定公开数据,,B_S08,已读来源未提供该维度的稳定全覆盖表；本轮未建立额外逐单元来源,这是本轮证据缺口，不断言其他官方资料不存在；后续需逐表核验,原来源已查；扩展来源待核验
覆盖检查,CV01660,F1,B034,DIM-PREF,地级,无稳定公开数据,,B_S08,已读来源未提供该维度的稳定全覆盖表；本轮未建立额外逐单元来源,这是本轮证据缺口，不断言其他官方资料不存在；后续需逐表核验,原来源已查；扩展来源待核验
覆盖检查,CV01661,F2,B034,DIM-PREF,地级,无稳定公开数据,,B_S08,已读来源未提供该维度的稳定全覆盖表；本轮未建立额外逐单元来源,这是本轮证据缺口，不断言其他官方资料不存在；后续需逐表核验,原来源已查；扩展来源待核验
覆盖检查,CV01662,K4,B034,DIM-IND,行业,无稳定公开数据,,B_S08,已读来源未提供该维度的稳定全覆盖表；本轮未建立额外逐单元来源,这是本轮证据缺口，不断言其他官方资料不存在；后续需逐表核验,原来源已查；扩展来源待核验
覆盖检查,CV01663,F1,B034,DIM-IND,行业,无稳定公开数据,,B_S08,已读来源未提供该维度的稳定全覆盖表；本轮未建立额外逐单元来源,这是本轮证据缺口，不断言其他官方资料不存在；后续需逐表核验,原来源已查；扩展来源待核验
覆盖检查,CV01664,F2,B034,DIM-IND,行业,无稳定公开数据,,B_S08,已读来源未提供该维度的稳定全覆盖表；本轮未建立额外逐单元来源,这是本轮证据缺口，不断言其他官方资料不存在；后续需逐表核验,原来源已查；扩展来源待核验
覆盖检查,CV01665,K4,B034,DIM-FIRM,企业类型,无稳定公开数据,,B_S08,已读来源未提供该维度的稳定全覆盖表；本轮未建立额外逐单元来源,这是本轮证据缺口，不断言其他官方资料不存在；后续需逐表核验,原来源已查；扩展来源待核验
覆盖检查,CV01666,F1,B034,DIM-FIRM,企业类型,无稳定公开数据,,B_S08,已读来源未提供该维度的稳定全覆盖表；本轮未建立额外逐单元来源,这是本轮证据缺口，不断言其他官方资料不存在；后续需逐表核验,原来源已查；扩展来源待核验
覆盖检查,CV01667,F2,B034,DIM-FIRM,企业类型,无稳定公开数据,,B_S08,已读来源未提供该维度的稳定全覆盖表；本轮未建立额外逐单元来源,这是本轮证据缺口，不断言其他官方资料不存在；后续需逐表核验,原来源已查；扩展来源待核验
覆盖检查,CV01668,K4,B034,DIM-HH,居民群体,不适用,,B_S08,本指标定义不直接接受该维度拆分,不得借用同名但不同范围指标填补,适用性判断
覆盖检查,CV01669,F1,B034,DIM-HH,居民群体,不适用,,B_S08,本指标定义不直接接受该维度拆分,不得借用同名但不同范围指标填补,适用性判断
覆盖检查,CV01670,F2,B034,DIM-HH,居民群体,不适用,,B_S08,本指标定义不直接接受该维度拆分,不得借用同名但不同范围指标填补,适用性判断
覆盖检查,CV01671,K4,B034,DIM-SEC,机构部门,无稳定公开数据,,B_S08,已读来源未提供该维度的稳定全覆盖表；本轮未建立额外逐单元来源,这是本轮证据缺口，不断言其他官方资料不存在；后续需逐表核验,原来源已查；扩展来源待核验
覆盖检查,CV01672,F1,B034,DIM-SEC,机构部门,无稳定公开数据,,B_S08,已读来源未提供该维度的稳定全覆盖表；本轮未建立额外逐单元来源,这是本轮证据缺口，不断言其他官方资料不存在；后续需逐表核验,原来源已查；扩展来源待核验
覆盖检查,CV01673,F2,B034,DIM-SEC,机构部门,无稳定公开数据,,B_S08,已读来源未提供该维度的稳定全覆盖表；本轮未建立额外逐单元来源,这是本轮证据缺口，不断言其他官方资料不存在；后续需逐表核验,原来源已查；扩展来源待核验
覆盖检查,CV01674,K4,B035,DIM-NAT,全国,已覆盖,地方政府债券全国,B_S05,月报累计及当月,,已读原表/定义；仅所列范围
覆盖检查,CV01675,M3,B035,DIM-NAT,全国,已覆盖,地方政府债券全国,B_S05,月报累计及当月,,已读原表/定义；仅所列范围
覆盖检查,CV01676,F1,B035,DIM-NAT,全国,已覆盖,地方政府债券全国,B_S05,月报累计及当月,,已读原表/定义；仅所列范围
覆盖检查,CV01677,F2,B035,DIM-NAT,全国,已覆盖,地方政府债券全国,B_S05,月报累计及当月,,已读原表/定义；仅所列范围
覆盖检查,CV01678,K4,B035,DIM-PROV,省级,已覆盖,北京；天津；河北；山西；内蒙古；辽宁；吉林；黑龙江；上海；江苏；浙江；安徽；福建；江西；山东；河南；湖北；湖南；广东；广西；海南；重庆；四川；贵州；云南；西藏；陕西；甘肃；青海；宁夏；新疆,B_S06,附表逐列31省发行及偿还本金、付息,本次已核验2025全年截面，未核验全部历史期。,已读原表/定义；仅所列范围
覆盖检查,CV01679,M3,B035,DIM-PROV,省级,已覆盖,北京；天津；河北；山西；内蒙古；辽宁；吉林；黑龙江；上海；江苏；浙江；安徽；福建；江西；山东；河南；湖北；湖南；广东；广西；海南；重庆；四川；贵州；云南；西藏；陕西；甘肃；青海；宁夏；新疆,B_S06,附表逐列31省发行及偿还本金、付息,本次已核验2025全年截面，未核验全部历史期。,已读原表/定义；仅所列范围
覆盖检查,CV01680,F1,B035,DIM-PROV,省级,已覆盖,北京；天津；河北；山西；内蒙古；辽宁；吉林；黑龙江；上海；江苏；浙江；安徽；福建；江西；山东；河南；湖北；湖南；广东；广西；海南；重庆；四川；贵州；云南；西藏；陕西；甘肃；青海；宁夏；新疆,B_S06,附表逐列31省发行及偿还本金、付息,本次已核验2025全年截面，未核验全部历史期。,已读原表/定义；仅所列范围
覆盖检查,CV01681,F2,B035,DIM-PROV,省级,已覆盖,北京；天津；河北；山西；内蒙古；辽宁；吉林；黑龙江；上海；江苏；浙江；安徽；福建；江西；山东；河南；湖北；湖南；广东；广西；海南；重庆；四川；贵州；云南；西藏；陕西；甘肃；青海；宁夏；新疆,B_S06,附表逐列31省发行及偿还本金、付息,本次已核验2025全年截面，未核验全部历史期。,已读原表/定义；仅所列范围
覆盖检查,CV01682,K4,B035,DIM-PREF,地级,部分覆盖,大连；宁波；厦门；青岛；深圳,B_S06,计划单列市单列,不代表全国地级市；注意所在省合计口径。,已读原表/定义；仅所列范围
覆盖检查,CV01683,M3,B035,DIM-PREF,地级,部分覆盖,大连；宁波；厦门；青岛；深圳,B_S06,计划单列市单列,不代表全国地级市；注意所在省合计口径。,已读原表/定义；仅所列范围
覆盖检查,CV01684,F1,B035,DIM-PREF,地级,部分覆盖,大连；宁波；厦门；青岛；深圳,B_S06,计划单列市单列,不代表全国地级市；注意所在省合计口径。,已读原表/定义；仅所列范围
覆盖检查,CV01685,F2,B035,DIM-PREF,地级,部分覆盖,大连；宁波；厦门；青岛；深圳,B_S06,计划单列市单列,不代表全国地级市；注意所在省合计口径。,已读原表/定义；仅所列范围
覆盖检查,CV01686,K4,B035,DIM-IND,行业,无稳定公开数据,,B_S05,已读来源未提供该维度的稳定全覆盖表；本轮未建立额外逐单元来源,这是本轮证据缺口，不断言其他官方资料不存在；后续需逐表核验,原来源已查；扩展来源待核验
覆盖检查,CV01687,M3,B035,DIM-IND,行业,无稳定公开数据,,B_S05,已读来源未提供该维度的稳定全覆盖表；本轮未建立额外逐单元来源,这是本轮证据缺口，不断言其他官方资料不存在；后续需逐表核验,原来源已查；扩展来源待核验
覆盖检查,CV01688,F1,B035,DIM-IND,行业,无稳定公开数据,,B_S05,已读来源未提供该维度的稳定全覆盖表；本轮未建立额外逐单元来源,这是本轮证据缺口，不断言其他官方资料不存在；后续需逐表核验,原来源已查；扩展来源待核验
覆盖检查,CV01689,F2,B035,DIM-IND,行业,无稳定公开数据,,B_S05,已读来源未提供该维度的稳定全覆盖表；本轮未建立额外逐单元来源,这是本轮证据缺口，不断言其他官方资料不存在；后续需逐表核验,原来源已查；扩展来源待核验
覆盖检查,CV01690,K4,B035,DIM-FIRM,企业类型,无稳定公开数据,,B_S05,已读来源未提供该维度的稳定全覆盖表；本轮未建立额外逐单元来源,这是本轮证据缺口，不断言其他官方资料不存在；后续需逐表核验,原来源已查；扩展来源待核验
覆盖检查,CV01691,M3,B035,DIM-FIRM,企业类型,无稳定公开数据,,B_S05,已读来源未提供该维度的稳定全覆盖表；本轮未建立额外逐单元来源,这是本轮证据缺口，不断言其他官方资料不存在；后续需逐表核验,原来源已查；扩展来源待核验
覆盖检查,CV01692,F1,B035,DIM-FIRM,企业类型,无稳定公开数据,,B_S05,已读来源未提供该维度的稳定全覆盖表；本轮未建立额外逐单元来源,这是本轮证据缺口，不断言其他官方资料不存在；后续需逐表核验,原来源已查；扩展来源待核验
覆盖检查,CV01693,F2,B035,DIM-FIRM,企业类型,无稳定公开数据,,B_S05,已读来源未提供该维度的稳定全覆盖表；本轮未建立额外逐单元来源,这是本轮证据缺口，不断言其他官方资料不存在；后续需逐表核验,原来源已查；扩展来源待核验
覆盖检查,CV01694,K4,B035,DIM-HH,居民群体,不适用,,B_S05,本指标定义不直接接受该维度拆分,不得借用同名但不同范围指标填补,适用性判断
覆盖检查,CV01695,M3,B035,DIM-HH,居民群体,不适用,,B_S05,本指标定义不直接接受该维度拆分,不得借用同名但不同范围指标填补,适用性判断
覆盖检查,CV01696,F1,B035,DIM-HH,居民群体,不适用,,B_S05,本指标定义不直接接受该维度拆分,不得借用同名但不同范围指标填补,适用性判断
覆盖检查,CV01697,F2,B035,DIM-HH,居民群体,不适用,,B_S05,本指标定义不直接接受该维度拆分,不得借用同名但不同范围指标填补,适用性判断
覆盖检查,CV01698,K4,B035,DIM-SEC,机构部门,无稳定公开数据,,B_S05,已读来源未提供该维度的稳定全覆盖表；本轮未建立额外逐单元来源,这是本轮证据缺口，不断言其他官方资料不存在；后续需逐表核验,原来源已查；扩展来源待核验
覆盖检查,CV01699,M3,B035,DIM-SEC,机构部门,无稳定公开数据,,B_S05,已读来源未提供该维度的稳定全覆盖表；本轮未建立额外逐单元来源,这是本轮证据缺口，不断言其他官方资料不存在；后续需逐表核验,原来源已查；扩展来源待核验
覆盖检查,CV01700,F1,B035,DIM-SEC,机构部门,无稳定公开数据,,B_S05,已读来源未提供该维度的稳定全覆盖表；本轮未建立额外逐单元来源,这是本轮证据缺口，不断言其他官方资料不存在；后续需逐表核验,原来源已查；扩展来源待核验
覆盖检查,CV01701,F2,B035,DIM-SEC,机构部门,无稳定公开数据,,B_S05,已读来源未提供该维度的稳定全覆盖表；本轮未建立额外逐单元来源,这是本轮证据缺口，不断言其他官方资料不存在；后续需逐表核验,原来源已查；扩展来源待核验
覆盖检查,CV01702,K4,B036,DIM-NAT,全国,已覆盖,地方政府债券全国,B_S05,月报累计及当月,,已读原表/定义；仅所列范围
覆盖检查,CV01703,M3,B036,DIM-NAT,全国,已覆盖,地方政府债券全国,B_S05,月报累计及当月,,已读原表/定义；仅所列范围
覆盖检查,CV01704,F1,B036,DIM-NAT,全国,已覆盖,地方政府债券全国,B_S05,月报累计及当月,,已读原表/定义；仅所列范围
覆盖检查,CV01705,F2,B036,DIM-NAT,全国,已覆盖,地方政府债券全国,B_S05,月报累计及当月,,已读原表/定义；仅所列范围
覆盖检查,CV01706,K4,B036,DIM-PROV,省级,已覆盖,北京；天津；河北；山西；内蒙古；辽宁；吉林；黑龙江；上海；江苏；浙江；安徽；福建；江西；山东；河南；湖北；湖南；广东；广西；海南；重庆；四川；贵州；云南；西藏；陕西；甘肃；青海；宁夏；新疆,B_S06,附表逐列31省发行及偿还本金、付息,本次已核验2025全年截面，未核验全部历史期。,已读原表/定义；仅所列范围
覆盖检查,CV01707,M3,B036,DIM-PROV,省级,已覆盖,北京；天津；河北；山西；内蒙古；辽宁；吉林；黑龙江；上海；江苏；浙江；安徽；福建；江西；山东；河南；湖北；湖南；广东；广西；海南；重庆；四川；贵州；云南；西藏；陕西；甘肃；青海；宁夏；新疆,B_S06,附表逐列31省发行及偿还本金、付息,本次已核验2025全年截面，未核验全部历史期。,已读原表/定义；仅所列范围
覆盖检查,CV01708,F1,B036,DIM-PROV,省级,已覆盖,北京；天津；河北；山西；内蒙古；辽宁；吉林；黑龙江；上海；江苏；浙江；安徽；福建；江西；山东；河南；湖北；湖南；广东；广西；海南；重庆；四川；贵州；云南；西藏；陕西；甘肃；青海；宁夏；新疆,B_S06,附表逐列31省发行及偿还本金、付息,本次已核验2025全年截面，未核验全部历史期。,已读原表/定义；仅所列范围
覆盖检查,CV01709,F2,B036,DIM-PROV,省级,已覆盖,北京；天津；河北；山西；内蒙古；辽宁；吉林；黑龙江；上海；江苏；浙江；安徽；福建；江西；山东；河南；湖北；湖南；广东；广西；海南；重庆；四川；贵州；云南；西藏；陕西；甘肃；青海；宁夏；新疆,B_S06,附表逐列31省发行及偿还本金、付息,本次已核验2025全年截面，未核验全部历史期。,已读原表/定义；仅所列范围
覆盖检查,CV01710,K4,B036,DIM-PREF,地级,部分覆盖,大连；宁波；厦门；青岛；深圳,B_S06,计划单列市单列,不代表全国地级市；注意所在省合计口径。,已读原表/定义；仅所列范围
覆盖检查,CV01711,M3,B036,DIM-PREF,地级,部分覆盖,大连；宁波；厦门；青岛；深圳,B_S06,计划单列市单列,不代表全国地级市；注意所在省合计口径。,已读原表/定义；仅所列范围
覆盖检查,CV01712,F1,B036,DIM-PREF,地级,部分覆盖,大连；宁波；厦门；青岛；深圳,B_S06,计划单列市单列,不代表全国地级市；注意所在省合计口径。,已读原表/定义；仅所列范围
覆盖检查,CV01713,F2,B036,DIM-PREF,地级,部分覆盖,大连；宁波；厦门；青岛；深圳,B_S06,计划单列市单列,不代表全国地级市；注意所在省合计口径。,已读原表/定义；仅所列范围
覆盖检查,CV01714,K4,B036,DIM-IND,行业,无稳定公开数据,,B_S05,已读来源未提供该维度的稳定全覆盖表；本轮未建立额外逐单元来源,这是本轮证据缺口，不断言其他官方资料不存在；后续需逐表核验,原来源已查；扩展来源待核验
覆盖检查,CV01715,M3,B036,DIM-IND,行业,无稳定公开数据,,B_S05,已读来源未提供该维度的稳定全覆盖表；本轮未建立额外逐单元来源,这是本轮证据缺口，不断言其他官方资料不存在；后续需逐表核验,原来源已查；扩展来源待核验
覆盖检查,CV01716,F1,B036,DIM-IND,行业,无稳定公开数据,,B_S05,已读来源未提供该维度的稳定全覆盖表；本轮未建立额外逐单元来源,这是本轮证据缺口，不断言其他官方资料不存在；后续需逐表核验,原来源已查；扩展来源待核验
覆盖检查,CV01717,F2,B036,DIM-IND,行业,无稳定公开数据,,B_S05,已读来源未提供该维度的稳定全覆盖表；本轮未建立额外逐单元来源,这是本轮证据缺口，不断言其他官方资料不存在；后续需逐表核验,原来源已查；扩展来源待核验
覆盖检查,CV01718,K4,B036,DIM-FIRM,企业类型,无稳定公开数据,,B_S05,已读来源未提供该维度的稳定全覆盖表；本轮未建立额外逐单元来源,这是本轮证据缺口，不断言其他官方资料不存在；后续需逐表核验,原来源已查；扩展来源待核验
覆盖检查,CV01719,M3,B036,DIM-FIRM,企业类型,无稳定公开数据,,B_S05,已读来源未提供该维度的稳定全覆盖表；本轮未建立额外逐单元来源,这是本轮证据缺口，不断言其他官方资料不存在；后续需逐表核验,原来源已查；扩展来源待核验
覆盖检查,CV01720,F1,B036,DIM-FIRM,企业类型,无稳定公开数据,,B_S05,已读来源未提供该维度的稳定全覆盖表；本轮未建立额外逐单元来源,这是本轮证据缺口，不断言其他官方资料不存在；后续需逐表核验,原来源已查；扩展来源待核验
覆盖检查,CV01721,F2,B036,DIM-FIRM,企业类型,无稳定公开数据,,B_S05,已读来源未提供该维度的稳定全覆盖表；本轮未建立额外逐单元来源,这是本轮证据缺口，不断言其他官方资料不存在；后续需逐表核验,原来源已查；扩展来源待核验
覆盖检查,CV01722,K4,B036,DIM-HH,居民群体,不适用,,B_S05,本指标定义不直接接受该维度拆分,不得借用同名但不同范围指标填补,适用性判断
覆盖检查,CV01723,M3,B036,DIM-HH,居民群体,不适用,,B_S05,本指标定义不直接接受该维度拆分,不得借用同名但不同范围指标填补,适用性判断
覆盖检查,CV01724,F1,B036,DIM-HH,居民群体,不适用,,B_S05,本指标定义不直接接受该维度拆分,不得借用同名但不同范围指标填补,适用性判断
覆盖检查,CV01725,F2,B036,DIM-HH,居民群体,不适用,,B_S05,本指标定义不直接接受该维度拆分,不得借用同名但不同范围指标填补,适用性判断
覆盖检查,CV01726,K4,B036,DIM-SEC,机构部门,无稳定公开数据,,B_S05,已读来源未提供该维度的稳定全覆盖表；本轮未建立额外逐单元来源,这是本轮证据缺口，不断言其他官方资料不存在；后续需逐表核验,原来源已查；扩展来源待核验
覆盖检查,CV01727,M3,B036,DIM-SEC,机构部门,无稳定公开数据,,B_S05,已读来源未提供该维度的稳定全覆盖表；本轮未建立额外逐单元来源,这是本轮证据缺口，不断言其他官方资料不存在；后续需逐表核验,原来源已查；扩展来源待核验
覆盖检查,CV01728,F1,B036,DIM-SEC,机构部门,无稳定公开数据,,B_S05,已读来源未提供该维度的稳定全覆盖表；本轮未建立额外逐单元来源,这是本轮证据缺口，不断言其他官方资料不存在；后续需逐表核验,原来源已查；扩展来源待核验
覆盖检查,CV01729,F2,B036,DIM-SEC,机构部门,无稳定公开数据,,B_S05,已读来源未提供该维度的稳定全覆盖表；本轮未建立额外逐单元来源,这是本轮证据缺口，不断言其他官方资料不存在；后续需逐表核验,原来源已查；扩展来源待核验
覆盖检查,CV01730,K4,B037,DIM-NAT,全国,已覆盖,地方政府债券全国,B_S05,月报累计及当月,,已读原表/定义；仅所列范围
覆盖检查,CV01731,F2,B037,DIM-NAT,全国,已覆盖,地方政府债券全国,B_S05,月报累计及当月,,已读原表/定义；仅所列范围
覆盖检查,CV01732,K4,B037,DIM-PROV,省级,已覆盖,北京；天津；河北；山西；内蒙古；辽宁；吉林；黑龙江；上海；江苏；浙江；安徽；福建；江西；山东；河南；湖北；湖南；广东；广西；海南；重庆；四川；贵州；云南；西藏；陕西；甘肃；青海；宁夏；新疆,B_S06,附表逐列31省发行及偿还本金、付息,本次已核验2025全年截面，未核验全部历史期。,已读原表/定义；仅所列范围
覆盖检查,CV01733,F2,B037,DIM-PROV,省级,已覆盖,北京；天津；河北；山西；内蒙古；辽宁；吉林；黑龙江；上海；江苏；浙江；安徽；福建；江西；山东；河南；湖北；湖南；广东；广西；海南；重庆；四川；贵州；云南；西藏；陕西；甘肃；青海；宁夏；新疆,B_S06,附表逐列31省发行及偿还本金、付息,本次已核验2025全年截面，未核验全部历史期。,已读原表/定义；仅所列范围
覆盖检查,CV01734,K4,B037,DIM-PREF,地级,部分覆盖,大连；宁波；厦门；青岛；深圳,B_S06,计划单列市单列,不代表全国地级市；注意所在省合计口径。,已读原表/定义；仅所列范围
覆盖检查,CV01735,F2,B037,DIM-PREF,地级,部分覆盖,大连；宁波；厦门；青岛；深圳,B_S06,计划单列市单列,不代表全国地级市；注意所在省合计口径。,已读原表/定义；仅所列范围
覆盖检查,CV01736,K4,B037,DIM-IND,行业,无稳定公开数据,,B_S05,已读来源未提供该维度的稳定全覆盖表；本轮未建立额外逐单元来源,这是本轮证据缺口，不断言其他官方资料不存在；后续需逐表核验,原来源已查；扩展来源待核验
覆盖检查,CV01737,F2,B037,DIM-IND,行业,无稳定公开数据,,B_S05,已读来源未提供该维度的稳定全覆盖表；本轮未建立额外逐单元来源,这是本轮证据缺口，不断言其他官方资料不存在；后续需逐表核验,原来源已查；扩展来源待核验
覆盖检查,CV01738,K4,B037,DIM-FIRM,企业类型,无稳定公开数据,,B_S05,已读来源未提供该维度的稳定全覆盖表；本轮未建立额外逐单元来源,这是本轮证据缺口，不断言其他官方资料不存在；后续需逐表核验,原来源已查；扩展来源待核验
覆盖检查,CV01739,F2,B037,DIM-FIRM,企业类型,无稳定公开数据,,B_S05,已读来源未提供该维度的稳定全覆盖表；本轮未建立额外逐单元来源,这是本轮证据缺口，不断言其他官方资料不存在；后续需逐表核验,原来源已查；扩展来源待核验
覆盖检查,CV01740,K4,B037,DIM-HH,居民群体,不适用,,B_S05,本指标定义不直接接受该维度拆分,不得借用同名但不同范围指标填补,适用性判断
覆盖检查,CV01741,F2,B037,DIM-HH,居民群体,不适用,,B_S05,本指标定义不直接接受该维度拆分,不得借用同名但不同范围指标填补,适用性判断
覆盖检查,CV01742,K4,B037,DIM-SEC,机构部门,无稳定公开数据,,B_S05,已读来源未提供该维度的稳定全覆盖表；本轮未建立额外逐单元来源,这是本轮证据缺口，不断言其他官方资料不存在；后续需逐表核验,原来源已查；扩展来源待核验
覆盖检查,CV01743,F2,B037,DIM-SEC,机构部门,无稳定公开数据,,B_S05,已读来源未提供该维度的稳定全覆盖表；本轮未建立额外逐单元来源,这是本轮证据缺口，不断言其他官方资料不存在；后续需逐表核验,原来源已查；扩展来源待核验
覆盖检查,CV01744,K4,B038,DIM-NAT,全国,已覆盖,地方政府债券全国,B_S05,月报累计及当月,,已读原表/定义；仅所列范围
覆盖检查,CV01745,F2,B038,DIM-NAT,全国,已覆盖,地方政府债券全国,B_S05,月报累计及当月,,已读原表/定义；仅所列范围
覆盖检查,CV01746,F4,B038,DIM-NAT,全国,已覆盖,地方政府债券全国,B_S05,月报累计及当月,,已读原表/定义；仅所列范围
覆盖检查,CV01747,K4,B038,DIM-PROV,省级,已覆盖,北京；天津；河北；山西；内蒙古；辽宁；吉林；黑龙江；上海；江苏；浙江；安徽；福建；江西；山东；河南；湖北；湖南；广东；广西；海南；重庆；四川；贵州；云南；西藏；陕西；甘肃；青海；宁夏；新疆,B_S06,附表逐列31省发行及偿还本金、付息,本次已核验2025全年截面，未核验全部历史期。,已读原表/定义；仅所列范围
覆盖检查,CV01748,F2,B038,DIM-PROV,省级,已覆盖,北京；天津；河北；山西；内蒙古；辽宁；吉林；黑龙江；上海；江苏；浙江；安徽；福建；江西；山东；河南；湖北；湖南；广东；广西；海南；重庆；四川；贵州；云南；西藏；陕西；甘肃；青海；宁夏；新疆,B_S06,附表逐列31省发行及偿还本金、付息,本次已核验2025全年截面，未核验全部历史期。,已读原表/定义；仅所列范围
覆盖检查,CV01749,F4,B038,DIM-PROV,省级,已覆盖,北京；天津；河北；山西；内蒙古；辽宁；吉林；黑龙江；上海；江苏；浙江；安徽；福建；江西；山东；河南；湖北；湖南；广东；广西；海南；重庆；四川；贵州；云南；西藏；陕西；甘肃；青海；宁夏；新疆,B_S06,附表逐列31省发行及偿还本金、付息,本次已核验2025全年截面，未核验全部历史期。,已读原表/定义；仅所列范围
覆盖检查,CV01750,K4,B038,DIM-PREF,地级,部分覆盖,大连；宁波；厦门；青岛；深圳,B_S06,计划单列市单列,不代表全国地级市；注意所在省合计口径。,已读原表/定义；仅所列范围
覆盖检查,CV01751,F2,B038,DIM-PREF,地级,部分覆盖,大连；宁波；厦门；青岛；深圳,B_S06,计划单列市单列,不代表全国地级市；注意所在省合计口径。,已读原表/定义；仅所列范围
覆盖检查,CV01752,F4,B038,DIM-PREF,地级,部分覆盖,大连；宁波；厦门；青岛；深圳,B_S06,计划单列市单列,不代表全国地级市；注意所在省合计口径。,已读原表/定义；仅所列范围
覆盖检查,CV01753,K4,B038,DIM-IND,行业,无稳定公开数据,,B_S05,已读来源未提供该维度的稳定全覆盖表；本轮未建立额外逐单元来源,这是本轮证据缺口，不断言其他官方资料不存在；后续需逐表核验,原来源已查；扩展来源待核验
覆盖检查,CV01754,F2,B038,DIM-IND,行业,无稳定公开数据,,B_S05,已读来源未提供该维度的稳定全覆盖表；本轮未建立额外逐单元来源,这是本轮证据缺口，不断言其他官方资料不存在；后续需逐表核验,原来源已查；扩展来源待核验
覆盖检查,CV01755,F4,B038,DIM-IND,行业,无稳定公开数据,,B_S05,已读来源未提供该维度的稳定全覆盖表；本轮未建立额外逐单元来源,这是本轮证据缺口，不断言其他官方资料不存在；后续需逐表核验,原来源已查；扩展来源待核验
覆盖检查,CV01756,K4,B038,DIM-FIRM,企业类型,无稳定公开数据,,B_S05,已读来源未提供该维度的稳定全覆盖表；本轮未建立额外逐单元来源,这是本轮证据缺口，不断言其他官方资料不存在；后续需逐表核验,原来源已查；扩展来源待核验
覆盖检查,CV01757,F2,B038,DIM-FIRM,企业类型,无稳定公开数据,,B_S05,已读来源未提供该维度的稳定全覆盖表；本轮未建立额外逐单元来源,这是本轮证据缺口，不断言其他官方资料不存在；后续需逐表核验,原来源已查；扩展来源待核验
覆盖检查,CV01758,F4,B038,DIM-FIRM,企业类型,无稳定公开数据,,B_S05,已读来源未提供该维度的稳定全覆盖表；本轮未建立额外逐单元来源,这是本轮证据缺口，不断言其他官方资料不存在；后续需逐表核验,原来源已查；扩展来源待核验
覆盖检查,CV01759,K4,B038,DIM-HH,居民群体,不适用,,B_S05,本指标定义不直接接受该维度拆分,不得借用同名但不同范围指标填补,适用性判断
覆盖检查,CV01760,F2,B038,DIM-HH,居民群体,不适用,,B_S05,本指标定义不直接接受该维度拆分,不得借用同名但不同范围指标填补,适用性判断
覆盖检查,CV01761,F4,B038,DIM-HH,居民群体,不适用,,B_S05,本指标定义不直接接受该维度拆分,不得借用同名但不同范围指标填补,适用性判断
覆盖检查,CV01762,K4,B038,DIM-SEC,机构部门,无稳定公开数据,,B_S05,已读来源未提供该维度的稳定全覆盖表；本轮未建立额外逐单元来源,这是本轮证据缺口，不断言其他官方资料不存在；后续需逐表核验,原来源已查；扩展来源待核验
覆盖检查,CV01763,F2,B038,DIM-SEC,机构部门,无稳定公开数据,,B_S05,已读来源未提供该维度的稳定全覆盖表；本轮未建立额外逐单元来源,这是本轮证据缺口，不断言其他官方资料不存在；后续需逐表核验,原来源已查；扩展来源待核验
覆盖检查,CV01764,F4,B038,DIM-SEC,机构部门,无稳定公开数据,,B_S05,已读来源未提供该维度的稳定全覆盖表；本轮未建立额外逐单元来源,这是本轮证据缺口，不断言其他官方资料不存在；后续需逐表核验,原来源已查；扩展来源待核验
覆盖检查,CV01765,F4,B039,DIM-NAT,全国,已覆盖,商业银行法人口径合计,B_S09；B_S11,季度监管表与正文脚注,,已读原表/定义；仅所列范围
覆盖检查,CV01766,F4,B039,DIM-PROV,省级,无稳定公开数据,,B_S09；B_S10,全国表无省级分列,地方监管局样本不等于31省可比覆盖。,已读原表/定义；仅所列范围
覆盖检查,CV01767,F4,B039,DIM-PREF,地级,无稳定公开数据,,B_S09,已读来源未提供该维度的稳定全覆盖表；本轮未建立额外逐单元来源,这是本轮证据缺口，不断言其他官方资料不存在；后续需逐表核验,原来源已查；扩展来源待核验
覆盖检查,CV01768,F4,B039,DIM-IND,行业,无稳定公开数据,,B_S09,已读来源未提供该维度的稳定全覆盖表；本轮未建立额外逐单元来源,这是本轮证据缺口，不断言其他官方资料不存在；后续需逐表核验,原来源已查；扩展来源待核验
覆盖检查,CV01769,F4,B039,DIM-FIRM,企业类型,无稳定公开数据,,B_S09,已读来源未提供该维度的稳定全覆盖表；本轮未建立额外逐单元来源,这是本轮证据缺口，不断言其他官方资料不存在；后续需逐表核验,原来源已查；扩展来源待核验
覆盖检查,CV01770,F4,B039,DIM-HH,居民群体,不适用,,B_S09,本指标定义不直接接受该维度拆分,不得借用同名但不同范围指标填补,适用性判断
覆盖检查,CV01771,F4,B039,DIM-SEC,机构部门,部分覆盖,大型商业银行；股份制商业银行；城市商业银行；民营银行；农村商业银行；外资银行,B_S10,分机构类情况表,仅相应已列示指标；不能推广至所有机构或省级。,已读原表/定义；仅所列范围
覆盖检查,CV01772,F4,B040,DIM-NAT,全国,已覆盖,商业银行法人口径合计,B_S09；B_S11,季度监管表与正文脚注,,已读原表/定义；仅所列范围
覆盖检查,CV01773,F4,B040,DIM-PROV,省级,无稳定公开数据,,B_S09；B_S10,全国表无省级分列,地方监管局样本不等于31省可比覆盖。,已读原表/定义；仅所列范围
覆盖检查,CV01774,F4,B040,DIM-PREF,地级,无稳定公开数据,,B_S09,已读来源未提供该维度的稳定全覆盖表；本轮未建立额外逐单元来源,这是本轮证据缺口，不断言其他官方资料不存在；后续需逐表核验,原来源已查；扩展来源待核验
覆盖检查,CV01775,F4,B040,DIM-IND,行业,无稳定公开数据,,B_S09,已读来源未提供该维度的稳定全覆盖表；本轮未建立额外逐单元来源,这是本轮证据缺口，不断言其他官方资料不存在；后续需逐表核验,原来源已查；扩展来源待核验
覆盖检查,CV01776,F4,B040,DIM-FIRM,企业类型,无稳定公开数据,,B_S09,已读来源未提供该维度的稳定全覆盖表；本轮未建立额外逐单元来源,这是本轮证据缺口，不断言其他官方资料不存在；后续需逐表核验,原来源已查；扩展来源待核验
覆盖检查,CV01777,F4,B040,DIM-HH,居民群体,不适用,,B_S09,本指标定义不直接接受该维度拆分,不得借用同名但不同范围指标填补,适用性判断
覆盖检查,CV01778,F4,B040,DIM-SEC,机构部门,部分覆盖,大型商业银行；股份制商业银行；城市商业银行；民营银行；农村商业银行；外资银行,B_S10,分机构类情况表,仅相应已列示指标；不能推广至所有机构或省级。,已读原表/定义；仅所列范围
覆盖检查,CV01779,F4,B041,DIM-NAT,全国,已覆盖,商业银行法人口径合计,B_S09；B_S11,季度监管表与正文脚注,,已读原表/定义；仅所列范围
覆盖检查,CV01780,F4,B041,DIM-PROV,省级,无稳定公开数据,,B_S09；B_S10,全国表无省级分列,地方监管局样本不等于31省可比覆盖。,已读原表/定义；仅所列范围
覆盖检查,CV01781,F4,B041,DIM-PREF,地级,无稳定公开数据,,B_S09,已读来源未提供该维度的稳定全覆盖表；本轮未建立额外逐单元来源,这是本轮证据缺口，不断言其他官方资料不存在；后续需逐表核验,原来源已查；扩展来源待核验
覆盖检查,CV01782,F4,B041,DIM-IND,行业,无稳定公开数据,,B_S09,已读来源未提供该维度的稳定全覆盖表；本轮未建立额外逐单元来源,这是本轮证据缺口，不断言其他官方资料不存在；后续需逐表核验,原来源已查；扩展来源待核验
覆盖检查,CV01783,F4,B041,DIM-FIRM,企业类型,无稳定公开数据,,B_S09,已读来源未提供该维度的稳定全覆盖表；本轮未建立额外逐单元来源,这是本轮证据缺口，不断言其他官方资料不存在；后续需逐表核验,原来源已查；扩展来源待核验
覆盖检查,CV01784,F4,B041,DIM-HH,居民群体,不适用,,B_S09,本指标定义不直接接受该维度拆分,不得借用同名但不同范围指标填补,适用性判断
覆盖检查,CV01785,F4,B041,DIM-SEC,机构部门,部分覆盖,商业银行合计,B_S09,该指标未在已读分机构表全部列示,不能把同表其他指标的分组覆盖套给本项。,已读原表/定义；仅所列范围
覆盖检查,CV01786,F4,B042,DIM-NAT,全国,已覆盖,商业银行法人口径合计,B_S09；B_S11,季度监管表与正文脚注,,已读原表/定义；仅所列范围
覆盖检查,CV01787,F4,B042,DIM-PROV,省级,无稳定公开数据,,B_S09；B_S10,全国表无省级分列,地方监管局样本不等于31省可比覆盖。,已读原表/定义；仅所列范围
覆盖检查,CV01788,F4,B042,DIM-PREF,地级,无稳定公开数据,,B_S09,已读来源未提供该维度的稳定全覆盖表；本轮未建立额外逐单元来源,这是本轮证据缺口，不断言其他官方资料不存在；后续需逐表核验,原来源已查；扩展来源待核验
覆盖检查,CV01789,F4,B042,DIM-IND,行业,无稳定公开数据,,B_S09,已读来源未提供该维度的稳定全覆盖表；本轮未建立额外逐单元来源,这是本轮证据缺口，不断言其他官方资料不存在；后续需逐表核验,原来源已查；扩展来源待核验
覆盖检查,CV01790,F4,B042,DIM-FIRM,企业类型,无稳定公开数据,,B_S09,已读来源未提供该维度的稳定全覆盖表；本轮未建立额外逐单元来源,这是本轮证据缺口，不断言其他官方资料不存在；后续需逐表核验,原来源已查；扩展来源待核验
覆盖检查,CV01791,F4,B042,DIM-HH,居民群体,不适用,,B_S09,本指标定义不直接接受该维度拆分,不得借用同名但不同范围指标填补,适用性判断
覆盖检查,CV01792,F4,B042,DIM-SEC,机构部门,部分覆盖,商业银行合计,B_S09,该指标未在已读分机构表全部列示,不能把同表其他指标的分组覆盖套给本项。,已读原表/定义；仅所列范围
覆盖检查,CV01793,F4,B043,DIM-NAT,全国,已覆盖,商业银行法人口径合计,B_S09；B_S11,季度监管表与正文脚注,,已读原表/定义；仅所列范围
覆盖检查,CV01794,F4,B043,DIM-PROV,省级,无稳定公开数据,,B_S09；B_S10,全国表无省级分列,地方监管局样本不等于31省可比覆盖。,已读原表/定义；仅所列范围
覆盖检查,CV01795,F4,B043,DIM-PREF,地级,无稳定公开数据,,B_S09,已读来源未提供该维度的稳定全覆盖表；本轮未建立额外逐单元来源,这是本轮证据缺口，不断言其他官方资料不存在；后续需逐表核验,原来源已查；扩展来源待核验
覆盖检查,CV01796,F4,B043,DIM-IND,行业,无稳定公开数据,,B_S09,已读来源未提供该维度的稳定全覆盖表；本轮未建立额外逐单元来源,这是本轮证据缺口，不断言其他官方资料不存在；后续需逐表核验,原来源已查；扩展来源待核验
覆盖检查,CV01797,F4,B043,DIM-FIRM,企业类型,无稳定公开数据,,B_S09,已读来源未提供该维度的稳定全覆盖表；本轮未建立额外逐单元来源,这是本轮证据缺口，不断言其他官方资料不存在；后续需逐表核验,原来源已查；扩展来源待核验
覆盖检查,CV01798,F4,B043,DIM-HH,居民群体,不适用,,B_S09,本指标定义不直接接受该维度拆分,不得借用同名但不同范围指标填补,适用性判断
覆盖检查,CV01799,F4,B043,DIM-SEC,机构部门,部分覆盖,大型商业银行；股份制商业银行；城市商业银行；民营银行；农村商业银行；外资银行,B_S10,分机构类情况表,仅相应已列示指标；不能推广至所有机构或省级。,已读原表/定义；仅所列范围
覆盖检查,CV01800,F4,B044,DIM-NAT,全国,已覆盖,商业银行法人口径合计,B_S09；B_S11,季度监管表与正文脚注,,已读原表/定义；仅所列范围
覆盖检查,CV01801,F4,B044,DIM-PROV,省级,无稳定公开数据,,B_S09；B_S10,全国表无省级分列,地方监管局样本不等于31省可比覆盖。,已读原表/定义；仅所列范围
覆盖检查,CV01802,F4,B044,DIM-PREF,地级,无稳定公开数据,,B_S09,已读来源未提供该维度的稳定全覆盖表；本轮未建立额外逐单元来源,这是本轮证据缺口，不断言其他官方资料不存在；后续需逐表核验,原来源已查；扩展来源待核验
覆盖检查,CV01803,F4,B044,DIM-IND,行业,无稳定公开数据,,B_S09,已读来源未提供该维度的稳定全覆盖表；本轮未建立额外逐单元来源,这是本轮证据缺口，不断言其他官方资料不存在；后续需逐表核验,原来源已查；扩展来源待核验
覆盖检查,CV01804,F4,B044,DIM-FIRM,企业类型,无稳定公开数据,,B_S09,已读来源未提供该维度的稳定全覆盖表；本轮未建立额外逐单元来源,这是本轮证据缺口，不断言其他官方资料不存在；后续需逐表核验,原来源已查；扩展来源待核验
覆盖检查,CV01805,F4,B044,DIM-HH,居民群体,不适用,,B_S09,本指标定义不直接接受该维度拆分,不得借用同名但不同范围指标填补,适用性判断
覆盖检查,CV01806,F4,B044,DIM-SEC,机构部门,部分覆盖,商业银行合计,B_S09,该指标未在已读分机构表全部列示,不能把同表其他指标的分组覆盖套给本项。,已读原表/定义；仅所列范围
覆盖检查,CV01807,F4,B045,DIM-NAT,全国,已覆盖,商业银行法人口径合计,B_S09；B_S11,季度监管表与正文脚注,,已读原表/定义；仅所列范围
覆盖检查,CV01808,F4,B045,DIM-PROV,省级,无稳定公开数据,,B_S09；B_S10,全国表无省级分列,地方监管局样本不等于31省可比覆盖。,已读原表/定义；仅所列范围
覆盖检查,CV01809,F4,B045,DIM-PREF,地级,无稳定公开数据,,B_S09,已读来源未提供该维度的稳定全覆盖表；本轮未建立额外逐单元来源,这是本轮证据缺口，不断言其他官方资料不存在；后续需逐表核验,原来源已查；扩展来源待核验
覆盖检查,CV01810,F4,B045,DIM-IND,行业,无稳定公开数据,,B_S09,已读来源未提供该维度的稳定全覆盖表；本轮未建立额外逐单元来源,这是本轮证据缺口，不断言其他官方资料不存在；后续需逐表核验,原来源已查；扩展来源待核验
覆盖检查,CV01811,F4,B045,DIM-FIRM,企业类型,无稳定公开数据,,B_S09,已读来源未提供该维度的稳定全覆盖表；本轮未建立额外逐单元来源,这是本轮证据缺口，不断言其他官方资料不存在；后续需逐表核验,原来源已查；扩展来源待核验
覆盖检查,CV01812,F4,B045,DIM-HH,居民群体,不适用,,B_S09,本指标定义不直接接受该维度拆分,不得借用同名但不同范围指标填补,适用性判断
覆盖检查,CV01813,F4,B045,DIM-SEC,机构部门,部分覆盖,商业银行合计,B_S09,该指标未在已读分机构表全部列示,不能把同表其他指标的分组覆盖套给本项。,已读原表/定义；仅所列范围
覆盖检查,CV01814,F4,B046,DIM-NAT,全国,已覆盖,商业银行法人口径合计,B_S09；B_S11,季度监管表与正文脚注,,已读原表/定义；仅所列范围
覆盖检查,CV01815,F4,B046,DIM-PROV,省级,无稳定公开数据,,B_S09；B_S10,全国表无省级分列,地方监管局样本不等于31省可比覆盖。,已读原表/定义；仅所列范围
覆盖检查,CV01816,F4,B046,DIM-PREF,地级,无稳定公开数据,,B_S09,已读来源未提供该维度的稳定全覆盖表；本轮未建立额外逐单元来源,这是本轮证据缺口，不断言其他官方资料不存在；后续需逐表核验,原来源已查；扩展来源待核验
覆盖检查,CV01817,F4,B046,DIM-IND,行业,无稳定公开数据,,B_S09,已读来源未提供该维度的稳定全覆盖表；本轮未建立额外逐单元来源,这是本轮证据缺口，不断言其他官方资料不存在；后续需逐表核验,原来源已查；扩展来源待核验
覆盖检查,CV01818,F4,B046,DIM-FIRM,企业类型,无稳定公开数据,,B_S09,已读来源未提供该维度的稳定全覆盖表；本轮未建立额外逐单元来源,这是本轮证据缺口，不断言其他官方资料不存在；后续需逐表核验,原来源已查；扩展来源待核验
覆盖检查,CV01819,F4,B046,DIM-HH,居民群体,不适用,,B_S09,本指标定义不直接接受该维度拆分,不得借用同名但不同范围指标填补,适用性判断
覆盖检查,CV01820,F4,B046,DIM-SEC,机构部门,部分覆盖,大型商业银行；股份制商业银行；城市商业银行；民营银行；农村商业银行；外资银行,B_S10,分机构类情况表,仅相应已列示指标；不能推广至所有机构或省级。,已读原表/定义；仅所列范围
覆盖检查,CV01821,F4,B047,DIM-NAT,全国,已覆盖,商业银行法人口径合计,B_S09；B_S11,季度监管表与正文脚注,,已读原表/定义；仅所列范围
覆盖检查,CV01822,F4,B047,DIM-PROV,省级,无稳定公开数据,,B_S09；B_S10,全国表无省级分列,地方监管局样本不等于31省可比覆盖。,已读原表/定义；仅所列范围
覆盖检查,CV01823,F4,B047,DIM-PREF,地级,无稳定公开数据,,B_S09,已读来源未提供该维度的稳定全覆盖表；本轮未建立额外逐单元来源,这是本轮证据缺口，不断言其他官方资料不存在；后续需逐表核验,原来源已查；扩展来源待核验
覆盖检查,CV01824,F4,B047,DIM-IND,行业,无稳定公开数据,,B_S09,已读来源未提供该维度的稳定全覆盖表；本轮未建立额外逐单元来源,这是本轮证据缺口，不断言其他官方资料不存在；后续需逐表核验,原来源已查；扩展来源待核验
覆盖检查,CV01825,F4,B047,DIM-FIRM,企业类型,无稳定公开数据,,B_S09,已读来源未提供该维度的稳定全覆盖表；本轮未建立额外逐单元来源,这是本轮证据缺口，不断言其他官方资料不存在；后续需逐表核验,原来源已查；扩展来源待核验
覆盖检查,CV01826,F4,B047,DIM-HH,居民群体,不适用,,B_S09,本指标定义不直接接受该维度拆分,不得借用同名但不同范围指标填补,适用性判断
覆盖检查,CV01827,F4,B047,DIM-SEC,机构部门,部分覆盖,商业银行合计,B_S09,该指标未在已读分机构表全部列示,不能把同表其他指标的分组覆盖套给本项。,已读原表/定义；仅所列范围
覆盖检查,CV01828,F4,B048,DIM-NAT,全国,部分覆盖,资产规模2000亿元以上商业银行,B_S09,表尾脚注2,不代表所有银行。,已读原表/定义；仅所列范围
覆盖检查,CV01829,F4,B048,DIM-PROV,省级,无稳定公开数据,,B_S09；B_S10,全国表无省级分列,地方监管局样本不等于31省可比覆盖。,已读原表/定义；仅所列范围
覆盖检查,CV01830,F4,B048,DIM-PREF,地级,无稳定公开数据,,B_S09,已读来源未提供该维度的稳定全覆盖表；本轮未建立额外逐单元来源,这是本轮证据缺口，不断言其他官方资料不存在；后续需逐表核验,原来源已查；扩展来源待核验
覆盖检查,CV01831,F4,B048,DIM-IND,行业,无稳定公开数据,,B_S09,已读来源未提供该维度的稳定全覆盖表；本轮未建立额外逐单元来源,这是本轮证据缺口，不断言其他官方资料不存在；后续需逐表核验,原来源已查；扩展来源待核验
覆盖检查,CV01832,F4,B048,DIM-FIRM,企业类型,无稳定公开数据,,B_S09,已读来源未提供该维度的稳定全覆盖表；本轮未建立额外逐单元来源,这是本轮证据缺口，不断言其他官方资料不存在；后续需逐表核验,原来源已查；扩展来源待核验
覆盖检查,CV01833,F4,B048,DIM-HH,居民群体,不适用,,B_S09,本指标定义不直接接受该维度拆分,不得借用同名但不同范围指标填补,适用性判断
覆盖检查,CV01834,F4,B048,DIM-SEC,机构部门,部分覆盖,商业银行合计,B_S09,该指标未在已读分机构表全部列示,不能把同表其他指标的分组覆盖套给本项。,已读原表/定义；仅所列范围
覆盖检查,CV01835,F4,B049,DIM-NAT,全国,部分覆盖,资产规模2000亿元以上商业银行,B_S09,表尾脚注2,不代表所有银行。,已读原表/定义；仅所列范围
覆盖检查,CV01836,F4,B049,DIM-PROV,省级,无稳定公开数据,,B_S09；B_S10,全国表无省级分列,地方监管局样本不等于31省可比覆盖。,已读原表/定义；仅所列范围
覆盖检查,CV01837,F4,B049,DIM-PREF,地级,无稳定公开数据,,B_S09,已读来源未提供该维度的稳定全覆盖表；本轮未建立额外逐单元来源,这是本轮证据缺口，不断言其他官方资料不存在；后续需逐表核验,原来源已查；扩展来源待核验
覆盖检查,CV01838,F4,B049,DIM-IND,行业,无稳定公开数据,,B_S09,已读来源未提供该维度的稳定全覆盖表；本轮未建立额外逐单元来源,这是本轮证据缺口，不断言其他官方资料不存在；后续需逐表核验,原来源已查；扩展来源待核验
覆盖检查,CV01839,F4,B049,DIM-FIRM,企业类型,无稳定公开数据,,B_S09,已读来源未提供该维度的稳定全覆盖表；本轮未建立额外逐单元来源,这是本轮证据缺口，不断言其他官方资料不存在；后续需逐表核验,原来源已查；扩展来源待核验
覆盖检查,CV01840,F4,B049,DIM-HH,居民群体,不适用,,B_S09,本指标定义不直接接受该维度拆分,不得借用同名但不同范围指标填补,适用性判断
覆盖检查,CV01841,F4,B049,DIM-SEC,机构部门,部分覆盖,商业银行合计,B_S09,该指标未在已读分机构表全部列示,不能把同表其他指标的分组覆盖套给本项。,已读原表/定义；仅所列范围
覆盖检查,CV01842,F4,B050,DIM-NAT,全国,已覆盖,商业银行法人口径合计,B_S09；B_S11,季度监管表与正文脚注,,已读原表/定义；仅所列范围
覆盖检查,CV01843,F4,B050,DIM-PROV,省级,无稳定公开数据,,B_S09；B_S10,全国表无省级分列,地方监管局样本不等于31省可比覆盖。,已读原表/定义；仅所列范围
覆盖检查,CV01844,F4,B050,DIM-PREF,地级,无稳定公开数据,,B_S09,已读来源未提供该维度的稳定全覆盖表；本轮未建立额外逐单元来源,这是本轮证据缺口，不断言其他官方资料不存在；后续需逐表核验,原来源已查；扩展来源待核验
覆盖检查,CV01845,F4,B050,DIM-IND,行业,无稳定公开数据,,B_S09,已读来源未提供该维度的稳定全覆盖表；本轮未建立额外逐单元来源,这是本轮证据缺口，不断言其他官方资料不存在；后续需逐表核验,原来源已查；扩展来源待核验
覆盖检查,CV01846,F4,B050,DIM-FIRM,企业类型,无稳定公开数据,,B_S09,已读来源未提供该维度的稳定全覆盖表；本轮未建立额外逐单元来源,这是本轮证据缺口，不断言其他官方资料不存在；后续需逐表核验,原来源已查；扩展来源待核验
覆盖检查,CV01847,F4,B050,DIM-HH,居民群体,不适用,,B_S09,本指标定义不直接接受该维度拆分,不得借用同名但不同范围指标填补,适用性判断
覆盖检查,CV01848,F4,B050,DIM-SEC,机构部门,部分覆盖,大型商业银行；股份制商业银行；城市商业银行；民营银行；农村商业银行；外资银行,B_S10,分机构类情况表,仅相应已列示指标；不能推广至所有机构或省级。,已读原表/定义；仅所列范围
覆盖检查,CV01849,K2,B051,DIM-NAT,全国,已覆盖,货物贸易全国,B_S19；B_S20,公报表10,,已读原表/定义；仅所列范围
覆盖检查,CV01850,S3,B051,DIM-NAT,全国,已覆盖,货物贸易全国,B_S19；B_S20,公报表10,,已读原表/定义；仅所列范围
覆盖检查,CV01851,K2,B051,DIM-PROV,省级,无稳定公开数据,,B_S19,本公报无31省货物贸易表,伙伴国表不是地区表。,已读原表/定义；仅所列范围
覆盖检查,CV01852,S3,B051,DIM-PROV,省级,无稳定公开数据,,B_S19,本公报无31省货物贸易表,伙伴国表不是地区表。,已读原表/定义；仅所列范围
覆盖检查,CV01853,K2,B051,DIM-PREF,地级,无稳定公开数据,,B_S19,已读来源未提供该维度的稳定全覆盖表；本轮未建立额外逐单元来源,这是本轮证据缺口，不断言其他官方资料不存在；后续需逐表核验,原来源已查；扩展来源待核验
覆盖检查,CV01854,S3,B051,DIM-PREF,地级,无稳定公开数据,,B_S19,已读来源未提供该维度的稳定全覆盖表；本轮未建立额外逐单元来源,这是本轮证据缺口，不断言其他官方资料不存在；后续需逐表核验,原来源已查；扩展来源待核验
覆盖检查,CV01855,K2,B051,DIM-IND,行业,部分覆盖,机电产品；高新技术产品；钢材；集成电路；手机,B_S19,表10—12商品分类,商品类别不是国民经济行业。,已读原表/定义；仅所列范围
覆盖检查,CV01856,S3,B051,DIM-IND,行业,部分覆盖,机电产品；高新技术产品；钢材；集成电路；手机,B_S19,表10—12商品分类,商品类别不是国民经济行业。,已读原表/定义；仅所列范围
覆盖检查,CV01857,K2,B051,DIM-FIRM,企业类型,部分覆盖,民营企业,B_S19,正文给进出口和出口金额,本次不推广为全部所有制×贸易方式交叉覆盖。,已读原表/定义；仅所列范围
覆盖检查,CV01858,S3,B051,DIM-FIRM,企业类型,部分覆盖,民营企业,B_S19,正文给进出口和出口金额,本次不推广为全部所有制×贸易方式交叉覆盖。,已读原表/定义；仅所列范围
覆盖检查,CV01859,K2,B051,DIM-HH,居民群体,不适用,,B_S19,本指标定义不直接接受该维度拆分,不得借用同名但不同范围指标填补,适用性判断
覆盖检查,CV01860,S3,B051,DIM-HH,居民群体,不适用,,B_S19,本指标定义不直接接受该维度拆分,不得借用同名但不同范围指标填补,适用性判断
覆盖检查,CV01861,K2,B051,DIM-SEC,机构部门,无稳定公开数据,,B_S19,已读来源未提供该维度的稳定全覆盖表；本轮未建立额外逐单元来源,这是本轮证据缺口，不断言其他官方资料不存在；后续需逐表核验,原来源已查；扩展来源待核验
覆盖检查,CV01862,S3,B051,DIM-SEC,机构部门,无稳定公开数据,,B_S19,已读来源未提供该维度的稳定全覆盖表；本轮未建立额外逐单元来源,这是本轮证据缺口，不断言其他官方资料不存在；后续需逐表核验,原来源已查；扩展来源待核验
覆盖检查,CV01863,K2,B052,DIM-NAT,全国,已覆盖,货物贸易全国,B_S19；B_S20,公报表10,,已读原表/定义；仅所列范围
覆盖检查,CV01864,S3,B052,DIM-NAT,全国,已覆盖,货物贸易全国,B_S19；B_S20,公报表10,,已读原表/定义；仅所列范围
覆盖检查,CV01865,K2,B052,DIM-PROV,省级,无稳定公开数据,,B_S19,本公报无31省货物贸易表,伙伴国表不是地区表。,已读原表/定义；仅所列范围
覆盖检查,CV01866,S3,B052,DIM-PROV,省级,无稳定公开数据,,B_S19,本公报无31省货物贸易表,伙伴国表不是地区表。,已读原表/定义；仅所列范围
覆盖检查,CV01867,K2,B052,DIM-PREF,地级,无稳定公开数据,,B_S19,已读来源未提供该维度的稳定全覆盖表；本轮未建立额外逐单元来源,这是本轮证据缺口，不断言其他官方资料不存在；后续需逐表核验,原来源已查；扩展来源待核验
覆盖检查,CV01868,S3,B052,DIM-PREF,地级,无稳定公开数据,,B_S19,已读来源未提供该维度的稳定全覆盖表；本轮未建立额外逐单元来源,这是本轮证据缺口，不断言其他官方资料不存在；后续需逐表核验,原来源已查；扩展来源待核验
覆盖检查,CV01869,K2,B052,DIM-IND,行业,部分覆盖,机电产品；高新技术产品；钢材；集成电路,B_S19,表10—12商品分类,商品类别不是国民经济行业。,已读原表/定义；仅所列范围
覆盖检查,CV01870,S3,B052,DIM-IND,行业,部分覆盖,机电产品；高新技术产品；钢材；集成电路,B_S19,表10—12商品分类,商品类别不是国民经济行业。,已读原表/定义；仅所列范围
覆盖检查,CV01871,K2,B052,DIM-FIRM,企业类型,无稳定公开数据,,B_S19,已读表仅给民营进出口合计与出口，进口分项未直接核得,不将二者差额伪记为已公开进口原值；待登记兼容输入的独立派生。,已读原表/定义；仅所列范围
覆盖检查,CV01872,S3,B052,DIM-FIRM,企业类型,无稳定公开数据,,B_S19,已读表仅给民营进出口合计与出口，进口分项未直接核得,不将二者差额伪记为已公开进口原值；待登记兼容输入的独立派生。,已读原表/定义；仅所列范围
覆盖检查,CV01873,K2,B052,DIM-HH,居民群体,不适用,,B_S19,本指标定义不直接接受该维度拆分,不得借用同名但不同范围指标填补,适用性判断
覆盖检查,CV01874,S3,B052,DIM-HH,居民群体,不适用,,B_S19,本指标定义不直接接受该维度拆分,不得借用同名但不同范围指标填补,适用性判断
覆盖检查,CV01875,K2,B052,DIM-SEC,机构部门,无稳定公开数据,,B_S19,已读来源未提供该维度的稳定全覆盖表；本轮未建立额外逐单元来源,这是本轮证据缺口，不断言其他官方资料不存在；后续需逐表核验,原来源已查；扩展来源待核验
覆盖检查,CV01876,S3,B052,DIM-SEC,机构部门,无稳定公开数据,,B_S19,已读来源未提供该维度的稳定全覆盖表；本轮未建立额外逐单元来源,这是本轮证据缺口，不断言其他官方资料不存在；后续需逐表核验,原来源已查；扩展来源待核验
覆盖检查,CV01877,F1,B053,DIM-NAT,全国,已覆盖,中国居民与非居民交易,B_S15,BPM6全年表,,已读原表/定义；仅所列范围
覆盖检查,CV01878,D4,B053,DIM-NAT,全国,已覆盖,中国居民与非居民交易,B_S15,BPM6全年表,,已读原表/定义；仅所列范围
覆盖检查,CV01879,F1,B053,DIM-PROV,省级,无稳定公开数据,,B_S15,该全国表无省际分列,本轮未取得可持续省级同口径公开平衡表。,已读原表/定义；仅所列范围
覆盖检查,CV01880,D4,B053,DIM-PROV,省级,无稳定公开数据,,B_S15,该全国表无省际分列,本轮未取得可持续省级同口径公开平衡表。,已读原表/定义；仅所列范围
覆盖检查,CV01881,F1,B053,DIM-PREF,地级,无稳定公开数据,,B_S15,已读来源未提供该维度的稳定全覆盖表；本轮未建立额外逐单元来源,这是本轮证据缺口，不断言其他官方资料不存在；后续需逐表核验,原来源已查；扩展来源待核验
覆盖检查,CV01882,D4,B053,DIM-PREF,地级,无稳定公开数据,,B_S15,已读来源未提供该维度的稳定全覆盖表；本轮未建立额外逐单元来源,这是本轮证据缺口，不断言其他官方资料不存在；后续需逐表核验,原来源已查；扩展来源待核验
覆盖检查,CV01883,F1,B053,DIM-IND,行业,无稳定公开数据,,B_S15,已读来源未提供该维度的稳定全覆盖表；本轮未建立额外逐单元来源,这是本轮证据缺口，不断言其他官方资料不存在；后续需逐表核验,原来源已查；扩展来源待核验
覆盖检查,CV01884,D4,B053,DIM-IND,行业,无稳定公开数据,,B_S15,已读来源未提供该维度的稳定全覆盖表；本轮未建立额外逐单元来源,这是本轮证据缺口，不断言其他官方资料不存在；后续需逐表核验,原来源已查；扩展来源待核验
覆盖检查,CV01885,F1,B053,DIM-FIRM,企业类型,无稳定公开数据,,B_S15,已读来源未提供该维度的稳定全覆盖表；本轮未建立额外逐单元来源,这是本轮证据缺口，不断言其他官方资料不存在；后续需逐表核验,原来源已查；扩展来源待核验
覆盖检查,CV01886,D4,B053,DIM-FIRM,企业类型,无稳定公开数据,,B_S15,已读来源未提供该维度的稳定全覆盖表；本轮未建立额外逐单元来源,这是本轮证据缺口，不断言其他官方资料不存在；后续需逐表核验,原来源已查；扩展来源待核验
覆盖检查,CV01887,F1,B053,DIM-HH,居民群体,不适用,,B_S15,本指标定义不直接接受该维度拆分,不得借用同名但不同范围指标填补,适用性判断
覆盖检查,CV01888,D4,B053,DIM-HH,居民群体,不适用,,B_S15,本指标定义不直接接受该维度拆分,不得借用同名但不同范围指标填补,适用性判断
覆盖检查,CV01889,F1,B053,DIM-SEC,机构部门,部分覆盖,居民合计,B_S15,本页概览；另述新增部门期限数据,未读取新增明细表，故不声称部门分值已验证。,已读原表/定义；仅所列范围
覆盖检查,CV01890,D4,B053,DIM-SEC,机构部门,部分覆盖,居民合计,B_S15,本页概览；另述新增部门期限数据,未读取新增明细表，故不声称部门分值已验证。,已读原表/定义；仅所列范围
覆盖检查,CV01891,K2,B054,DIM-NAT,全国,已覆盖,中国居民与非居民交易,B_S15,BPM6全年表,,已读原表/定义；仅所列范围
覆盖检查,CV01892,F1,B054,DIM-NAT,全国,已覆盖,中国居民与非居民交易,B_S15,BPM6全年表,,已读原表/定义；仅所列范围
覆盖检查,CV01893,D4,B054,DIM-NAT,全国,已覆盖,中国居民与非居民交易,B_S15,BPM6全年表,,已读原表/定义；仅所列范围
覆盖检查,CV01894,K2,B054,DIM-PROV,省级,无稳定公开数据,,B_S15,该全国表无省际分列,本轮未取得可持续省级同口径公开平衡表。,已读原表/定义；仅所列范围
覆盖检查,CV01895,F1,B054,DIM-PROV,省级,无稳定公开数据,,B_S15,该全国表无省际分列,本轮未取得可持续省级同口径公开平衡表。,已读原表/定义；仅所列范围
覆盖检查,CV01896,D4,B054,DIM-PROV,省级,无稳定公开数据,,B_S15,该全国表无省际分列,本轮未取得可持续省级同口径公开平衡表。,已读原表/定义；仅所列范围
覆盖检查,CV01897,K2,B054,DIM-PREF,地级,无稳定公开数据,,B_S15,已读来源未提供该维度的稳定全覆盖表；本轮未建立额外逐单元来源,这是本轮证据缺口，不断言其他官方资料不存在；后续需逐表核验,原来源已查；扩展来源待核验
覆盖检查,CV01898,F1,B054,DIM-PREF,地级,无稳定公开数据,,B_S15,已读来源未提供该维度的稳定全覆盖表；本轮未建立额外逐单元来源,这是本轮证据缺口，不断言其他官方资料不存在；后续需逐表核验,原来源已查；扩展来源待核验
覆盖检查,CV01899,D4,B054,DIM-PREF,地级,无稳定公开数据,,B_S15,已读来源未提供该维度的稳定全覆盖表；本轮未建立额外逐单元来源,这是本轮证据缺口，不断言其他官方资料不存在；后续需逐表核验,原来源已查；扩展来源待核验
覆盖检查,CV01900,K2,B054,DIM-IND,行业,无稳定公开数据,,B_S15,已读来源未提供该维度的稳定全覆盖表；本轮未建立额外逐单元来源,这是本轮证据缺口，不断言其他官方资料不存在；后续需逐表核验,原来源已查；扩展来源待核验
覆盖检查,CV01901,F1,B054,DIM-IND,行业,无稳定公开数据,,B_S15,已读来源未提供该维度的稳定全覆盖表；本轮未建立额外逐单元来源,这是本轮证据缺口，不断言其他官方资料不存在；后续需逐表核验,原来源已查；扩展来源待核验
覆盖检查,CV01902,D4,B054,DIM-IND,行业,无稳定公开数据,,B_S15,已读来源未提供该维度的稳定全覆盖表；本轮未建立额外逐单元来源,这是本轮证据缺口，不断言其他官方资料不存在；后续需逐表核验,原来源已查；扩展来源待核验
覆盖检查,CV01903,K2,B054,DIM-FIRM,企业类型,无稳定公开数据,,B_S15,已读来源未提供该维度的稳定全覆盖表；本轮未建立额外逐单元来源,这是本轮证据缺口，不断言其他官方资料不存在；后续需逐表核验,原来源已查；扩展来源待核验
覆盖检查,CV01904,F1,B054,DIM-FIRM,企业类型,无稳定公开数据,,B_S15,已读来源未提供该维度的稳定全覆盖表；本轮未建立额外逐单元来源,这是本轮证据缺口，不断言其他官方资料不存在；后续需逐表核验,原来源已查；扩展来源待核验
覆盖检查,CV01905,D4,B054,DIM-FIRM,企业类型,无稳定公开数据,,B_S15,已读来源未提供该维度的稳定全覆盖表；本轮未建立额外逐单元来源,这是本轮证据缺口，不断言其他官方资料不存在；后续需逐表核验,原来源已查；扩展来源待核验
覆盖检查,CV01906,K2,B054,DIM-HH,居民群体,不适用,,B_S15,本指标定义不直接接受该维度拆分,不得借用同名但不同范围指标填补,适用性判断
覆盖检查,CV01907,F1,B054,DIM-HH,居民群体,不适用,,B_S15,本指标定义不直接接受该维度拆分,不得借用同名但不同范围指标填补,适用性判断
覆盖检查,CV01908,D4,B054,DIM-HH,居民群体,不适用,,B_S15,本指标定义不直接接受该维度拆分,不得借用同名但不同范围指标填补,适用性判断
覆盖检查,CV01909,K2,B054,DIM-SEC,机构部门,部分覆盖,居民合计,B_S15,本页概览；另述新增部门期限数据,未读取新增明细表，故不声称部门分值已验证。,已读原表/定义；仅所列范围
覆盖检查,CV01910,F1,B054,DIM-SEC,机构部门,部分覆盖,居民合计,B_S15,本页概览；另述新增部门期限数据,未读取新增明细表，故不声称部门分值已验证。,已读原表/定义；仅所列范围
覆盖检查,CV01911,D4,B054,DIM-SEC,机构部门,部分覆盖,居民合计,B_S15,本页概览；另述新增部门期限数据,未读取新增明细表，故不声称部门分值已验证。,已读原表/定义；仅所列范围
覆盖检查,CV01912,K2,B055,DIM-NAT,全国,已覆盖,中国居民与非居民交易,B_S15,BPM6全年表,,已读原表/定义；仅所列范围
覆盖检查,CV01913,F1,B055,DIM-NAT,全国,已覆盖,中国居民与非居民交易,B_S15,BPM6全年表,,已读原表/定义；仅所列范围
覆盖检查,CV01914,D4,B055,DIM-NAT,全国,已覆盖,中国居民与非居民交易,B_S15,BPM6全年表,,已读原表/定义；仅所列范围
覆盖检查,CV01915,K2,B055,DIM-PROV,省级,无稳定公开数据,,B_S15,该全国表无省际分列,本轮未取得可持续省级同口径公开平衡表。,已读原表/定义；仅所列范围
覆盖检查,CV01916,F1,B055,DIM-PROV,省级,无稳定公开数据,,B_S15,该全国表无省际分列,本轮未取得可持续省级同口径公开平衡表。,已读原表/定义；仅所列范围
覆盖检查,CV01917,D4,B055,DIM-PROV,省级,无稳定公开数据,,B_S15,该全国表无省际分列,本轮未取得可持续省级同口径公开平衡表。,已读原表/定义；仅所列范围
覆盖检查,CV01918,K2,B055,DIM-PREF,地级,无稳定公开数据,,B_S15,已读来源未提供该维度的稳定全覆盖表；本轮未建立额外逐单元来源,这是本轮证据缺口，不断言其他官方资料不存在；后续需逐表核验,原来源已查；扩展来源待核验
覆盖检查,CV01919,F1,B055,DIM-PREF,地级,无稳定公开数据,,B_S15,已读来源未提供该维度的稳定全覆盖表；本轮未建立额外逐单元来源,这是本轮证据缺口，不断言其他官方资料不存在；后续需逐表核验,原来源已查；扩展来源待核验
覆盖检查,CV01920,D4,B055,DIM-PREF,地级,无稳定公开数据,,B_S15,已读来源未提供该维度的稳定全覆盖表；本轮未建立额外逐单元来源,这是本轮证据缺口，不断言其他官方资料不存在；后续需逐表核验,原来源已查；扩展来源待核验
覆盖检查,CV01921,K2,B055,DIM-IND,行业,无稳定公开数据,,B_S15,已读来源未提供该维度的稳定全覆盖表；本轮未建立额外逐单元来源,这是本轮证据缺口，不断言其他官方资料不存在；后续需逐表核验,原来源已查；扩展来源待核验
覆盖检查,CV01922,F1,B055,DIM-IND,行业,无稳定公开数据,,B_S15,已读来源未提供该维度的稳定全覆盖表；本轮未建立额外逐单元来源,这是本轮证据缺口，不断言其他官方资料不存在；后续需逐表核验,原来源已查；扩展来源待核验
覆盖检查,CV01923,D4,B055,DIM-IND,行业,无稳定公开数据,,B_S15,已读来源未提供该维度的稳定全覆盖表；本轮未建立额外逐单元来源,这是本轮证据缺口，不断言其他官方资料不存在；后续需逐表核验,原来源已查；扩展来源待核验
覆盖检查,CV01924,K2,B055,DIM-FIRM,企业类型,无稳定公开数据,,B_S15,已读来源未提供该维度的稳定全覆盖表；本轮未建立额外逐单元来源,这是本轮证据缺口，不断言其他官方资料不存在；后续需逐表核验,原来源已查；扩展来源待核验
覆盖检查,CV01925,F1,B055,DIM-FIRM,企业类型,无稳定公开数据,,B_S15,已读来源未提供该维度的稳定全覆盖表；本轮未建立额外逐单元来源,这是本轮证据缺口，不断言其他官方资料不存在；后续需逐表核验,原来源已查；扩展来源待核验
覆盖检查,CV01926,D4,B055,DIM-FIRM,企业类型,无稳定公开数据,,B_S15,已读来源未提供该维度的稳定全覆盖表；本轮未建立额外逐单元来源,这是本轮证据缺口，不断言其他官方资料不存在；后续需逐表核验,原来源已查；扩展来源待核验
覆盖检查,CV01927,K2,B055,DIM-HH,居民群体,不适用,,B_S15,本指标定义不直接接受该维度拆分,不得借用同名但不同范围指标填补,适用性判断
覆盖检查,CV01928,F1,B055,DIM-HH,居民群体,不适用,,B_S15,本指标定义不直接接受该维度拆分,不得借用同名但不同范围指标填补,适用性判断
覆盖检查,CV01929,D4,B055,DIM-HH,居民群体,不适用,,B_S15,本指标定义不直接接受该维度拆分,不得借用同名但不同范围指标填补,适用性判断
覆盖检查,CV01930,K2,B055,DIM-SEC,机构部门,部分覆盖,居民合计,B_S15,本页概览；另述新增部门期限数据,未读取新增明细表，故不声称部门分值已验证。,已读原表/定义；仅所列范围
覆盖检查,CV01931,F1,B055,DIM-SEC,机构部门,部分覆盖,居民合计,B_S15,本页概览；另述新增部门期限数据,未读取新增明细表，故不声称部门分值已验证。,已读原表/定义；仅所列范围
覆盖检查,CV01932,D4,B055,DIM-SEC,机构部门,部分覆盖,居民合计,B_S15,本页概览；另述新增部门期限数据,未读取新增明细表，故不声称部门分值已验证。,已读原表/定义；仅所列范围
覆盖检查,CV01933,F1,B056,DIM-NAT,全国,已覆盖,中国居民与非居民交易,B_S15,BPM6全年表,,已读原表/定义；仅所列范围
覆盖检查,CV01934,D4,B056,DIM-NAT,全国,已覆盖,中国居民与非居民交易,B_S15,BPM6全年表,,已读原表/定义；仅所列范围
覆盖检查,CV01935,F1,B056,DIM-PROV,省级,无稳定公开数据,,B_S15,该全国表无省际分列,本轮未取得可持续省级同口径公开平衡表。,已读原表/定义；仅所列范围
覆盖检查,CV01936,D4,B056,DIM-PROV,省级,无稳定公开数据,,B_S15,该全国表无省际分列,本轮未取得可持续省级同口径公开平衡表。,已读原表/定义；仅所列范围
覆盖检查,CV01937,F1,B056,DIM-PREF,地级,无稳定公开数据,,B_S15,已读来源未提供该维度的稳定全覆盖表；本轮未建立额外逐单元来源,这是本轮证据缺口，不断言其他官方资料不存在；后续需逐表核验,原来源已查；扩展来源待核验
覆盖检查,CV01938,D4,B056,DIM-PREF,地级,无稳定公开数据,,B_S15,已读来源未提供该维度的稳定全覆盖表；本轮未建立额外逐单元来源,这是本轮证据缺口，不断言其他官方资料不存在；后续需逐表核验,原来源已查；扩展来源待核验
覆盖检查,CV01939,F1,B056,DIM-IND,行业,无稳定公开数据,,B_S15,已读来源未提供该维度的稳定全覆盖表；本轮未建立额外逐单元来源,这是本轮证据缺口，不断言其他官方资料不存在；后续需逐表核验,原来源已查；扩展来源待核验
覆盖检查,CV01940,D4,B056,DIM-IND,行业,无稳定公开数据,,B_S15,已读来源未提供该维度的稳定全覆盖表；本轮未建立额外逐单元来源,这是本轮证据缺口，不断言其他官方资料不存在；后续需逐表核验,原来源已查；扩展来源待核验
覆盖检查,CV01941,F1,B056,DIM-FIRM,企业类型,无稳定公开数据,,B_S15,已读来源未提供该维度的稳定全覆盖表；本轮未建立额外逐单元来源,这是本轮证据缺口，不断言其他官方资料不存在；后续需逐表核验,原来源已查；扩展来源待核验
覆盖检查,CV01942,D4,B056,DIM-FIRM,企业类型,无稳定公开数据,,B_S15,已读来源未提供该维度的稳定全覆盖表；本轮未建立额外逐单元来源,这是本轮证据缺口，不断言其他官方资料不存在；后续需逐表核验,原来源已查；扩展来源待核验
覆盖检查,CV01943,F1,B056,DIM-HH,居民群体,不适用,,B_S15,本指标定义不直接接受该维度拆分,不得借用同名但不同范围指标填补,适用性判断
覆盖检查,CV01944,D4,B056,DIM-HH,居民群体,不适用,,B_S15,本指标定义不直接接受该维度拆分,不得借用同名但不同范围指标填补,适用性判断
覆盖检查,CV01945,F1,B056,DIM-SEC,机构部门,部分覆盖,居民合计,B_S15,本页概览；另述新增部门期限数据,未读取新增明细表，故不声称部门分值已验证。,已读原表/定义；仅所列范围
覆盖检查,CV01946,D4,B056,DIM-SEC,机构部门,部分覆盖,居民合计,B_S15,本页概览；另述新增部门期限数据,未读取新增明细表，故不声称部门分值已验证。,已读原表/定义；仅所列范围
覆盖检查,CV01947,F1,B057,DIM-NAT,全国,已覆盖,中国居民与非居民交易,B_S15,BPM6全年表,,已读原表/定义；仅所列范围
覆盖检查,CV01948,F1,B057,DIM-PROV,省级,无稳定公开数据,,B_S15,该全国表无省际分列,本轮未取得可持续省级同口径公开平衡表。,已读原表/定义；仅所列范围
覆盖检查,CV01949,F1,B057,DIM-PREF,地级,无稳定公开数据,,B_S15,已读来源未提供该维度的稳定全覆盖表；本轮未建立额外逐单元来源,这是本轮证据缺口，不断言其他官方资料不存在；后续需逐表核验,原来源已查；扩展来源待核验
覆盖检查,CV01950,F1,B057,DIM-IND,行业,无稳定公开数据,,B_S15,已读来源未提供该维度的稳定全覆盖表；本轮未建立额外逐单元来源,这是本轮证据缺口，不断言其他官方资料不存在；后续需逐表核验,原来源已查；扩展来源待核验
覆盖检查,CV01951,F1,B057,DIM-FIRM,企业类型,无稳定公开数据,,B_S15,已读来源未提供该维度的稳定全覆盖表；本轮未建立额外逐单元来源,这是本轮证据缺口，不断言其他官方资料不存在；后续需逐表核验,原来源已查；扩展来源待核验
覆盖检查,CV01952,F1,B057,DIM-HH,居民群体,不适用,,B_S15,本指标定义不直接接受该维度拆分,不得借用同名但不同范围指标填补,适用性判断
覆盖检查,CV01953,F1,B057,DIM-SEC,机构部门,部分覆盖,居民合计,B_S15,本页概览；另述新增部门期限数据,未读取新增明细表，故不声称部门分值已验证。,已读原表/定义；仅所列范围
覆盖检查,CV01954,F1,B058,DIM-NAT,全国,已覆盖,中国居民与非居民交易,B_S15,BPM6全年表,,已读原表/定义；仅所列范围
覆盖检查,CV01955,F1,B058,DIM-PROV,省级,无稳定公开数据,,B_S15,该全国表无省际分列,本轮未取得可持续省级同口径公开平衡表。,已读原表/定义；仅所列范围
覆盖检查,CV01956,F1,B058,DIM-PREF,地级,无稳定公开数据,,B_S15,已读来源未提供该维度的稳定全覆盖表；本轮未建立额外逐单元来源,这是本轮证据缺口，不断言其他官方资料不存在；后续需逐表核验,原来源已查；扩展来源待核验
覆盖检查,CV01957,F1,B058,DIM-IND,行业,无稳定公开数据,,B_S15,已读来源未提供该维度的稳定全覆盖表；本轮未建立额外逐单元来源,这是本轮证据缺口，不断言其他官方资料不存在；后续需逐表核验,原来源已查；扩展来源待核验
覆盖检查,CV01958,F1,B058,DIM-FIRM,企业类型,无稳定公开数据,,B_S15,已读来源未提供该维度的稳定全覆盖表；本轮未建立额外逐单元来源,这是本轮证据缺口，不断言其他官方资料不存在；后续需逐表核验,原来源已查；扩展来源待核验
覆盖检查,CV01959,F1,B058,DIM-HH,居民群体,不适用,,B_S15,本指标定义不直接接受该维度拆分,不得借用同名但不同范围指标填补,适用性判断
覆盖检查,CV01960,F1,B058,DIM-SEC,机构部门,部分覆盖,居民合计,B_S15,本页概览；另述新增部门期限数据,未读取新增明细表，故不声称部门分值已验证。,已读原表/定义；仅所列范围
覆盖检查,CV01961,F1,B059,DIM-NAT,全国,已覆盖,中国对外金融头寸,B_S16,期末概览表,,已读原表/定义；仅所列范围
覆盖检查,CV01962,F1,B059,DIM-PROV,省级,无稳定公开数据,,B_S16,未列省级,本轮未取得省级同口径连续头寸表。,已读原表/定义；仅所列范围
覆盖检查,CV01963,F1,B059,DIM-PREF,地级,无稳定公开数据,,B_S16,已读来源未提供该维度的稳定全覆盖表；本轮未建立额外逐单元来源,这是本轮证据缺口，不断言其他官方资料不存在；后续需逐表核验,原来源已查；扩展来源待核验
覆盖检查,CV01964,F1,B059,DIM-IND,行业,无稳定公开数据,,B_S16,已读来源未提供该维度的稳定全覆盖表；本轮未建立额外逐单元来源,这是本轮证据缺口，不断言其他官方资料不存在；后续需逐表核验,原来源已查；扩展来源待核验
覆盖检查,CV01965,F1,B059,DIM-FIRM,企业类型,无稳定公开数据,,B_S16,已读来源未提供该维度的稳定全覆盖表；本轮未建立额外逐单元来源,这是本轮证据缺口，不断言其他官方资料不存在；后续需逐表核验,原来源已查；扩展来源待核验
覆盖检查,CV01966,F1,B059,DIM-HH,居民群体,不适用,,B_S16,本指标定义不直接接受该维度拆分,不得借用同名但不同范围指标填补,适用性判断
覆盖检查,CV01967,F1,B059,DIM-SEC,机构部门,部分覆盖,直接投资：金融部门；直接投资：非金融部门,B_S16,直接投资项下明确列示,其余项目不能推广为同一部门分类。,已读原表/定义；仅所列范围
覆盖检查,CV01968,F1,B060,DIM-NAT,全国,已覆盖,中国对外金融头寸,B_S16,期末概览表,,已读原表/定义；仅所列范围
覆盖检查,CV01969,F1,B060,DIM-PROV,省级,无稳定公开数据,,B_S16,未列省级,本轮未取得省级同口径连续头寸表。,已读原表/定义；仅所列范围
覆盖检查,CV01970,F1,B060,DIM-PREF,地级,无稳定公开数据,,B_S16,已读来源未提供该维度的稳定全覆盖表；本轮未建立额外逐单元来源,这是本轮证据缺口，不断言其他官方资料不存在；后续需逐表核验,原来源已查；扩展来源待核验
覆盖检查,CV01971,F1,B060,DIM-IND,行业,无稳定公开数据,,B_S16,已读来源未提供该维度的稳定全覆盖表；本轮未建立额外逐单元来源,这是本轮证据缺口，不断言其他官方资料不存在；后续需逐表核验,原来源已查；扩展来源待核验
覆盖检查,CV01972,F1,B060,DIM-FIRM,企业类型,无稳定公开数据,,B_S16,已读来源未提供该维度的稳定全覆盖表；本轮未建立额外逐单元来源,这是本轮证据缺口，不断言其他官方资料不存在；后续需逐表核验,原来源已查；扩展来源待核验
覆盖检查,CV01973,F1,B060,DIM-HH,居民群体,不适用,,B_S16,本指标定义不直接接受该维度拆分,不得借用同名但不同范围指标填补,适用性判断
覆盖检查,CV01974,F1,B060,DIM-SEC,机构部门,部分覆盖,直接投资：金融部门；直接投资：非金融部门,B_S16,直接投资项下明确列示,其余项目不能推广为同一部门分类。,已读原表/定义；仅所列范围
覆盖检查,CV01975,F1,B061,DIM-NAT,全国,已覆盖,内地全口径外债,B_S17,含本外币、不含港澳台自身外债,,已读原表/定义；仅所列范围
覆盖检查,CV01976,F1,B061,DIM-PROV,省级,无稳定公开数据,,B_S17,本页无省级,本轮未取得31省连续同口径明细。,已读原表/定义；仅所列范围
覆盖检查,CV01977,F1,B061,DIM-PREF,地级,无稳定公开数据,,B_S17,已读来源未提供该维度的稳定全覆盖表；本轮未建立额外逐单元来源,这是本轮证据缺口，不断言其他官方资料不存在；后续需逐表核验,原来源已查；扩展来源待核验
覆盖检查,CV01978,F1,B061,DIM-IND,行业,无稳定公开数据,,B_S17,已读来源未提供该维度的稳定全覆盖表；本轮未建立额外逐单元来源,这是本轮证据缺口，不断言其他官方资料不存在；后续需逐表核验,原来源已查；扩展来源待核验
覆盖检查,CV01979,F1,B061,DIM-FIRM,企业类型,无稳定公开数据,,B_S17,已读来源未提供该维度的稳定全覆盖表；本轮未建立额外逐单元来源,这是本轮证据缺口，不断言其他官方资料不存在；后续需逐表核验,原来源已查；扩展来源待核验
覆盖检查,CV01980,F1,B061,DIM-HH,居民群体,不适用,,B_S17,本指标定义不直接接受该维度拆分,不得借用同名但不同范围指标填补,适用性判断
覆盖检查,CV01981,F1,B061,DIM-SEC,机构部门,已覆盖,广义政府；中央银行；其他接受存款公司；其他部门；直接投资公司间贷款,B_S17,附表按部门及债务工具分列,正文其他部门含公司间贷款，附表另列；不可重复加总。,已读原表/定义；仅所列范围
覆盖检查,CV01982,F1,B062,DIM-NAT,全国,已覆盖,内地全口径外债,B_S17,含本外币、不含港澳台自身外债,,已读原表/定义；仅所列范围
覆盖检查,CV01983,F1,B062,DIM-PROV,省级,无稳定公开数据,,B_S17,本页无省级,本轮未取得31省连续同口径明细。,已读原表/定义；仅所列范围
覆盖检查,CV01984,F1,B062,DIM-PREF,地级,无稳定公开数据,,B_S17,已读来源未提供该维度的稳定全覆盖表；本轮未建立额外逐单元来源,这是本轮证据缺口，不断言其他官方资料不存在；后续需逐表核验,原来源已查；扩展来源待核验
覆盖检查,CV01985,F1,B062,DIM-IND,行业,无稳定公开数据,,B_S17,已读来源未提供该维度的稳定全覆盖表；本轮未建立额外逐单元来源,这是本轮证据缺口，不断言其他官方资料不存在；后续需逐表核验,原来源已查；扩展来源待核验
覆盖检查,CV01986,F1,B062,DIM-FIRM,企业类型,无稳定公开数据,,B_S17,已读来源未提供该维度的稳定全覆盖表；本轮未建立额外逐单元来源,这是本轮证据缺口，不断言其他官方资料不存在；后续需逐表核验,原来源已查；扩展来源待核验
覆盖检查,CV01987,F1,B062,DIM-HH,居民群体,不适用,,B_S17,本指标定义不直接接受该维度拆分,不得借用同名但不同范围指标填补,适用性判断
覆盖检查,CV01988,F1,B062,DIM-SEC,机构部门,已覆盖,广义政府；中央银行；其他接受存款公司；其他部门,B_S17,附表按部门及债务工具分列,直接投资公司间贷款附表未按期限分拆，不能据此声称其短债部门值覆盖。,已读原表/定义；仅所列范围
覆盖检查,CV01989,F1,B063,DIM-NAT,全国,已覆盖,内地全口径外债,B_S17,含本外币、不含港澳台自身外债,,已读原表/定义；仅所列范围
覆盖检查,CV01990,F1,B063,DIM-PROV,省级,无稳定公开数据,,B_S17,本页无省级,本轮未取得31省连续同口径明细。,已读原表/定义；仅所列范围
覆盖检查,CV01991,F1,B063,DIM-PREF,地级,无稳定公开数据,,B_S17,已读来源未提供该维度的稳定全覆盖表；本轮未建立额外逐单元来源,这是本轮证据缺口，不断言其他官方资料不存在；后续需逐表核验,原来源已查；扩展来源待核验
覆盖检查,CV01992,F1,B063,DIM-IND,行业,无稳定公开数据,,B_S17,已读来源未提供该维度的稳定全覆盖表；本轮未建立额外逐单元来源,这是本轮证据缺口，不断言其他官方资料不存在；后续需逐表核验,原来源已查；扩展来源待核验
覆盖检查,CV01993,F1,B063,DIM-FIRM,企业类型,无稳定公开数据,,B_S17,已读来源未提供该维度的稳定全覆盖表；本轮未建立额外逐单元来源,这是本轮证据缺口，不断言其他官方资料不存在；后续需逐表核验,原来源已查；扩展来源待核验
覆盖检查,CV01994,F1,B063,DIM-HH,居民群体,不适用,,B_S17,本指标定义不直接接受该维度拆分,不得借用同名但不同范围指标填补,适用性判断
覆盖检查,CV01995,F1,B063,DIM-SEC,机构部门,部分覆盖,全口径外债合计,B_S17,签约短期外债合计/外债合计；同币种,无逐部门匹配的短期分子，不向公司间贷款等分组复制。,已读原表/定义；仅所列范围
覆盖检查,CV01996,I1,C001,DIM-NAT,全国,已覆盖,全国（具体统计边界见定义）,C_S01,第一部分：2024年36326.8亿元；C_S02第十部分2025初步39262亿元。,,已读原表/定义；仅所列范围
覆盖检查,CV01997,S1,C001,DIM-NAT,全国,已覆盖,全国（具体统计边界见定义）,C_S01,第一部分：2024年36326.8亿元；C_S02第十部分2025初步39262亿元。,,已读原表/定义；仅所列范围
覆盖检查,CV01998,I1,C001,DIM-PROV,省级,已覆盖,北京；天津；河北；山西；内蒙古；辽宁；吉林；黑龙江；上海；江苏；浙江；安徽；福建；江西；山东；河南；湖北；湖南；广东；广西；海南；重庆；四川；贵州；云南；西藏；陕西；甘肃；青海；宁夏；新疆,C_S01,附表2逐行列2024经费、强度及2023修订强度。,仅省级，不扩展为地级。,已读原表/定义；仅所列范围
覆盖检查,CV01999,S1,C001,DIM-PROV,省级,已覆盖,北京；天津；河北；山西；内蒙古；辽宁；吉林；黑龙江；上海；江苏；浙江；安徽；福建；江西；山东；河南；湖北；湖南；广东；广西；海南；重庆；四川；贵州；云南；西藏；陕西；甘肃；青海；宁夏；新疆,C_S01,附表2逐行列2024经费、强度及2023修订强度。,仅省级，不扩展为地级。,已读原表/定义；仅所列范围
覆盖检查,CV02000,I1,C001,DIM-PREF,地级,无稳定公开数据,,C_S01,已读来源未提供该维度的稳定全覆盖表；本轮未建立额外逐单元来源,这是本轮证据缺口，不断言其他官方资料不存在；后续需逐表核验,原来源已查；扩展来源待核验
覆盖检查,CV02001,S1,C001,DIM-PREF,地级,无稳定公开数据,,C_S01,已读来源未提供该维度的稳定全覆盖表；本轮未建立额外逐单元来源,这是本轮证据缺口，不断言其他官方资料不存在；后续需逐表核验,原来源已查；扩展来源待核验
覆盖检查,CV02002,I1,C001,DIM-IND,行业,已覆盖,采矿业；制造业；电热燃气水生产供应业；各工业行业大类（附表1）,C_S01,附表1列分行业经费和经费/营业收入。,仅规上工业，不能直接用行业比率代GDP强度。,已读原表/定义；仅所列范围
覆盖检查,CV02003,S1,C001,DIM-IND,行业,已覆盖,采矿业；制造业；电热燃气水生产供应业；各工业行业大类（附表1）,C_S01,附表1列分行业经费和经费/营业收入。,仅规上工业，不能直接用行业比率代GDP强度。,已读原表/定义；仅所列范围
覆盖检查,CV02004,I1,C001,DIM-FIRM,企业类型,无稳定公开数据,,C_S01,已读来源未提供该维度的稳定全覆盖表；本轮未建立额外逐单元来源,这是本轮证据缺口，不断言其他官方资料不存在；后续需逐表核验,原来源已查；扩展来源待核验
覆盖检查,CV02005,S1,C001,DIM-FIRM,企业类型,无稳定公开数据,,C_S01,已读来源未提供该维度的稳定全覆盖表；本轮未建立额外逐单元来源,这是本轮证据缺口，不断言其他官方资料不存在；后续需逐表核验,原来源已查；扩展来源待核验
覆盖检查,CV02006,I1,C001,DIM-HH,居民群体,不适用,,C_S01,本指标定义不直接接受该维度拆分,不得借用同名但不同范围指标填补,适用性判断
覆盖检查,CV02007,S1,C001,DIM-HH,居民群体,不适用,,C_S01,本指标定义不直接接受该维度拆分,不得借用同名但不同范围指标填补,适用性判断
覆盖检查,CV02008,I1,C001,DIM-SEC,机构部门,部分覆盖,企业；政府属研究机构；高等学校；其他主体,C_S01,正文分研发执行主体公布。,这是研发执行主体，非国民账户机构部门完整对应。,已读原表/定义；仅所列范围
覆盖检查,CV02009,S1,C001,DIM-SEC,机构部门,部分覆盖,企业；政府属研究机构；高等学校；其他主体,C_S01,正文分研发执行主体公布。,这是研发执行主体，非国民账户机构部门完整对应。,已读原表/定义；仅所列范围
覆盖检查,CV02010,I1,C002,DIM-NAT,全国,已覆盖,全国（具体统计边界见定义）,C_S01,2024年2.69%；附表2；注2—4。,,已读原表/定义；仅所列范围
覆盖检查,CV02011,I1,C002,DIM-PROV,省级,已覆盖,北京；天津；河北；山西；内蒙古；辽宁；吉林；黑龙江；上海；江苏；浙江；安徽；福建；江西；山东；河南；湖北；湖南；广东；广西；海南；重庆；四川；贵州；云南；西藏；陕西；甘肃；青海；宁夏；新疆,C_S01,附表2逐行列2024经费、强度及2023修订强度。,仅省级，不扩展为地级。,已读原表/定义；仅所列范围
覆盖检查,CV02012,I1,C002,DIM-PREF,地级,无稳定公开数据,,C_S01,已读来源未提供该维度的稳定全覆盖表；本轮未建立额外逐单元来源,这是本轮证据缺口，不断言其他官方资料不存在；后续需逐表核验,原来源已查；扩展来源待核验
覆盖检查,CV02013,I1,C002,DIM-IND,行业,无稳定公开数据,,C_S01,已读来源未提供该维度的稳定全覆盖表；本轮未建立额外逐单元来源,这是本轮证据缺口，不断言其他官方资料不存在；后续需逐表核验,原来源已查；扩展来源待核验
覆盖检查,CV02014,I1,C002,DIM-FIRM,企业类型,无稳定公开数据,,C_S01,已读来源未提供该维度的稳定全覆盖表；本轮未建立额外逐单元来源,这是本轮证据缺口，不断言其他官方资料不存在；后续需逐表核验,原来源已查；扩展来源待核验
覆盖检查,CV02015,I1,C002,DIM-HH,居民群体,不适用,,C_S01,本指标定义不直接接受该维度拆分,不得借用同名但不同范围指标填补,适用性判断
覆盖检查,CV02016,I1,C002,DIM-SEC,机构部门,无稳定公开数据,,C_S01,已读来源未提供该维度的稳定全覆盖表；本轮未建立额外逐单元来源,这是本轮证据缺口，不断言其他官方资料不存在；后续需逐表核验,原来源已查；扩展来源待核验
覆盖检查,CV02017,I1,C003,DIM-NAT,全国,已覆盖,全国（具体统计边界见定义）,C_S01,第一部分分活动类型：2024年2500.9亿元。,,已读原表/定义；仅所列范围
覆盖检查,CV02018,I1,C003,DIM-PROV,省级,无稳定公开数据,,C_S01,本轮未取得本指标31省同口径连续公开表。,这是本轮核验盲区，不表示绝对不存在。,已读原表/定义；仅所列范围
覆盖检查,CV02019,I1,C003,DIM-PREF,地级,无稳定公开数据,,C_S01,已读来源未提供该维度的稳定全覆盖表；本轮未建立额外逐单元来源,这是本轮证据缺口，不断言其他官方资料不存在；后续需逐表核验,原来源已查；扩展来源待核验
覆盖检查,CV02020,I1,C003,DIM-IND,行业,无稳定公开数据,,C_S01,已读来源未提供该维度的稳定全覆盖表；本轮未建立额外逐单元来源,这是本轮证据缺口，不断言其他官方资料不存在；后续需逐表核验,原来源已查；扩展来源待核验
覆盖检查,CV02021,I1,C003,DIM-FIRM,企业类型,无稳定公开数据,,C_S01,已读来源未提供该维度的稳定全覆盖表；本轮未建立额外逐单元来源,这是本轮证据缺口，不断言其他官方资料不存在；后续需逐表核验,原来源已查；扩展来源待核验
覆盖检查,CV02022,I1,C003,DIM-HH,居民群体,不适用,,C_S01,本指标定义不直接接受该维度拆分,不得借用同名但不同范围指标填补,适用性判断
覆盖检查,CV02023,I1,C003,DIM-SEC,机构部门,无稳定公开数据,,C_S01,已读来源未提供该维度的稳定全覆盖表；本轮未建立额外逐单元来源,这是本轮证据缺口，不断言其他官方资料不存在；后续需逐表核验,原来源已查；扩展来源待核验
覆盖检查,CV02024,I1,C004,DIM-NAT,全国,已覆盖,全国（具体统计边界见定义）,C_S01,第一部分分活动类型：2024年4305.5亿元。,,已读原表/定义；仅所列范围
覆盖检查,CV02025,I1,C004,DIM-PROV,省级,无稳定公开数据,,C_S01,本轮未取得本指标31省同口径连续公开表。,这是本轮核验盲区，不表示绝对不存在。,已读原表/定义；仅所列范围
覆盖检查,CV02026,I1,C004,DIM-PREF,地级,无稳定公开数据,,C_S01,已读来源未提供该维度的稳定全覆盖表；本轮未建立额外逐单元来源,这是本轮证据缺口，不断言其他官方资料不存在；后续需逐表核验,原来源已查；扩展来源待核验
覆盖检查,CV02027,I1,C004,DIM-IND,行业,无稳定公开数据,,C_S01,已读来源未提供该维度的稳定全覆盖表；本轮未建立额外逐单元来源,这是本轮证据缺口，不断言其他官方资料不存在；后续需逐表核验,原来源已查；扩展来源待核验
覆盖检查,CV02028,I1,C004,DIM-FIRM,企业类型,无稳定公开数据,,C_S01,已读来源未提供该维度的稳定全覆盖表；本轮未建立额外逐单元来源,这是本轮证据缺口，不断言其他官方资料不存在；后续需逐表核验,原来源已查；扩展来源待核验
覆盖检查,CV02029,I1,C004,DIM-HH,居民群体,不适用,,C_S01,本指标定义不直接接受该维度拆分,不得借用同名但不同范围指标填补,适用性判断
覆盖检查,CV02030,I1,C004,DIM-SEC,机构部门,无稳定公开数据,,C_S01,已读来源未提供该维度的稳定全覆盖表；本轮未建立额外逐单元来源,这是本轮证据缺口，不断言其他官方资料不存在；后续需逐表核验,原来源已查；扩展来源待核验
覆盖检查,CV02031,I1,C005,DIM-NAT,全国,已覆盖,全国（具体统计边界见定义）,C_S01,第一部分分活动类型：2024年29520.4亿元。,,已读原表/定义；仅所列范围
覆盖检查,CV02032,I1,C005,DIM-PROV,省级,无稳定公开数据,,C_S01,本轮未取得本指标31省同口径连续公开表。,这是本轮核验盲区，不表示绝对不存在。,已读原表/定义；仅所列范围
覆盖检查,CV02033,I1,C005,DIM-PREF,地级,无稳定公开数据,,C_S01,已读来源未提供该维度的稳定全覆盖表；本轮未建立额外逐单元来源,这是本轮证据缺口，不断言其他官方资料不存在；后续需逐表核验,原来源已查；扩展来源待核验
覆盖检查,CV02034,I1,C005,DIM-IND,行业,无稳定公开数据,,C_S01,已读来源未提供该维度的稳定全覆盖表；本轮未建立额外逐单元来源,这是本轮证据缺口，不断言其他官方资料不存在；后续需逐表核验,原来源已查；扩展来源待核验
覆盖检查,CV02035,I1,C005,DIM-FIRM,企业类型,无稳定公开数据,,C_S01,已读来源未提供该维度的稳定全覆盖表；本轮未建立额外逐单元来源,这是本轮证据缺口，不断言其他官方资料不存在；后续需逐表核验,原来源已查；扩展来源待核验
覆盖检查,CV02036,I1,C005,DIM-HH,居民群体,不适用,,C_S01,本指标定义不直接接受该维度拆分,不得借用同名但不同范围指标填补,适用性判断
覆盖检查,CV02037,I1,C005,DIM-SEC,机构部门,无稳定公开数据,,C_S01,已读来源未提供该维度的稳定全覆盖表；本轮未建立额外逐单元来源,这是本轮证据缺口，不断言其他官方资料不存在；后续需逐表核验,原来源已查；扩展来源待核验
覆盖检查,CV02038,I1,C006,DIM-NAT,全国,已覆盖,全国（具体统计边界见定义）,C_S11,表20-1：2024年756.9，基础59.7、应用89.2、试验发展607.9。,,已读原表/定义；仅所列范围
覆盖检查,CV02039,S1,C006,DIM-NAT,全国,已覆盖,全国（具体统计边界见定义）,C_S11,表20-1：2024年756.9，基础59.7、应用89.2、试验发展607.9。,,已读原表/定义；仅所列范围
覆盖检查,CV02040,I1,C006,DIM-PROV,省级,无稳定公开数据,,C_S11,已读来源未提供该维度的稳定全覆盖表；本轮未建立额外逐单元来源,这是本轮证据缺口，不断言其他官方资料不存在；后续需逐表核验,原来源已查；扩展来源待核验
覆盖检查,CV02041,S1,C006,DIM-PROV,省级,无稳定公开数据,,C_S11,已读来源未提供该维度的稳定全覆盖表；本轮未建立额外逐单元来源,这是本轮证据缺口，不断言其他官方资料不存在；后续需逐表核验,原来源已查；扩展来源待核验
覆盖检查,CV02042,I1,C006,DIM-PREF,地级,无稳定公开数据,,C_S11,已读来源未提供该维度的稳定全覆盖表；本轮未建立额外逐单元来源,这是本轮证据缺口，不断言其他官方资料不存在；后续需逐表核验,原来源已查；扩展来源待核验
覆盖检查,CV02043,S1,C006,DIM-PREF,地级,无稳定公开数据,,C_S11,已读来源未提供该维度的稳定全覆盖表；本轮未建立额外逐单元来源,这是本轮证据缺口，不断言其他官方资料不存在；后续需逐表核验,原来源已查；扩展来源待核验
覆盖检查,CV02044,I1,C006,DIM-IND,行业,不适用,,C_S11,此表分活动类型，不是行业分类。,,已读原表/定义；仅所列范围
覆盖检查,CV02045,S1,C006,DIM-IND,行业,不适用,,C_S11,此表分活动类型，不是行业分类。,,已读原表/定义；仅所列范围
覆盖检查,CV02046,I1,C006,DIM-FIRM,企业类型,部分覆盖,规模以上工业企业,C_S13,表20-4列2024年494.5万人年。,规上企业FTE是子集。,已读原表/定义；仅所列范围
覆盖检查,CV02047,S1,C006,DIM-FIRM,企业类型,部分覆盖,规模以上工业企业,C_S13,表20-4列2024年494.5万人年。,规上企业FTE是子集。,已读原表/定义；仅所列范围
覆盖检查,CV02048,I1,C006,DIM-HH,居民群体,不适用,,C_S11,本指标定义不直接接受该维度拆分,不得借用同名但不同范围指标填补,适用性判断
覆盖检查,CV02049,S1,C006,DIM-HH,居民群体,不适用,,C_S11,本指标定义不直接接受该维度拆分,不得借用同名但不同范围指标填补,适用性判断
覆盖检查,CV02050,I1,C006,DIM-SEC,机构部门,无稳定公开数据,,C_S11,已读来源未提供该维度的稳定全覆盖表；本轮未建立额外逐单元来源,这是本轮证据缺口，不断言其他官方资料不存在；后续需逐表核验,原来源已查；扩展来源待核验
覆盖检查,CV02051,S1,C006,DIM-SEC,机构部门,无稳定公开数据,,C_S11,已读来源未提供该维度的稳定全覆盖表；本轮未建立额外逐单元来源,这是本轮证据缺口，不断言其他官方资料不存在；后续需逐表核验,原来源已查；扩展来源待核验
覆盖检查,CV02052,G2,C007,DIM-NAT,全国,已覆盖,全国（具体统计边界见定义）,C_S01,第一部分：2024年48.0万元。,,已读原表/定义；仅所列范围
覆盖检查,CV02053,I1,C007,DIM-NAT,全国,已覆盖,全国（具体统计边界见定义）,C_S01,第一部分：2024年48.0万元。,,已读原表/定义；仅所列范围
覆盖检查,CV02054,G2,C007,DIM-PROV,省级,无稳定公开数据,,C_S01,本轮未取得本指标31省同口径连续公开表。,这是本轮核验盲区，不表示绝对不存在。,已读原表/定义；仅所列范围
覆盖检查,CV02055,I1,C007,DIM-PROV,省级,无稳定公开数据,,C_S01,本轮未取得本指标31省同口径连续公开表。,这是本轮核验盲区，不表示绝对不存在。,已读原表/定义；仅所列范围
覆盖检查,CV02056,G2,C007,DIM-PREF,地级,无稳定公开数据,,C_S01,已读来源未提供该维度的稳定全覆盖表；本轮未建立额外逐单元来源,这是本轮证据缺口，不断言其他官方资料不存在；后续需逐表核验,原来源已查；扩展来源待核验
覆盖检查,CV02057,I1,C007,DIM-PREF,地级,无稳定公开数据,,C_S01,已读来源未提供该维度的稳定全覆盖表；本轮未建立额外逐单元来源,这是本轮证据缺口，不断言其他官方资料不存在；后续需逐表核验,原来源已查；扩展来源待核验
覆盖检查,CV02058,G2,C007,DIM-IND,行业,无稳定公开数据,,C_S01,已读来源未提供该维度的稳定全覆盖表；本轮未建立额外逐单元来源,这是本轮证据缺口，不断言其他官方资料不存在；后续需逐表核验,原来源已查；扩展来源待核验
覆盖检查,CV02059,I1,C007,DIM-IND,行业,无稳定公开数据,,C_S01,已读来源未提供该维度的稳定全覆盖表；本轮未建立额外逐单元来源,这是本轮证据缺口，不断言其他官方资料不存在；后续需逐表核验,原来源已查；扩展来源待核验
覆盖检查,CV02060,G2,C007,DIM-FIRM,企业类型,无稳定公开数据,,C_S01,已读来源未提供该维度的稳定全覆盖表；本轮未建立额外逐单元来源,这是本轮证据缺口，不断言其他官方资料不存在；后续需逐表核验,原来源已查；扩展来源待核验
覆盖检查,CV02061,I1,C007,DIM-FIRM,企业类型,无稳定公开数据,,C_S01,已读来源未提供该维度的稳定全覆盖表；本轮未建立额外逐单元来源,这是本轮证据缺口，不断言其他官方资料不存在；后续需逐表核验,原来源已查；扩展来源待核验
覆盖检查,CV02062,G2,C007,DIM-HH,居民群体,不适用,,C_S01,本指标定义不直接接受该维度拆分,不得借用同名但不同范围指标填补,适用性判断
覆盖检查,CV02063,I1,C007,DIM-HH,居民群体,不适用,,C_S01,本指标定义不直接接受该维度拆分,不得借用同名但不同范围指标填补,适用性判断
覆盖检查,CV02064,G2,C007,DIM-SEC,机构部门,无稳定公开数据,,C_S01,已读来源未提供该维度的稳定全覆盖表；本轮未建立额外逐单元来源,这是本轮证据缺口，不断言其他官方资料不存在；后续需逐表核验,原来源已查；扩展来源待核验
覆盖检查,CV02065,I1,C007,DIM-SEC,机构部门,无稳定公开数据,,C_S01,已读来源未提供该维度的稳定全覆盖表；本轮未建立额外逐单元来源,这是本轮证据缺口，不断言其他官方资料不存在；后续需逐表核验,原来源已查；扩展来源待核验
覆盖检查,CV02066,I1,C008,DIM-NAT,全国,已覆盖,全国（具体统计边界见定义）,C_S01,正文：2024年28211.6亿元，占77.7%。,,已读原表/定义；仅所列范围
覆盖检查,CV02067,S3,C008,DIM-NAT,全国,已覆盖,全国（具体统计边界见定义）,C_S01,正文：2024年28211.6亿元，占77.7%。,,已读原表/定义；仅所列范围
覆盖检查,CV02068,I1,C008,DIM-PROV,省级,无稳定公开数据,,C_S01,已读来源未提供该维度的稳定全覆盖表；本轮未建立额外逐单元来源,这是本轮证据缺口，不断言其他官方资料不存在；后续需逐表核验,原来源已查；扩展来源待核验
覆盖检查,CV02069,S3,C008,DIM-PROV,省级,无稳定公开数据,,C_S01,已读来源未提供该维度的稳定全覆盖表；本轮未建立额外逐单元来源,这是本轮证据缺口，不断言其他官方资料不存在；后续需逐表核验,原来源已查；扩展来源待核验
覆盖检查,CV02070,I1,C008,DIM-PREF,地级,无稳定公开数据,,C_S01,已读来源未提供该维度的稳定全覆盖表；本轮未建立额外逐单元来源,这是本轮证据缺口，不断言其他官方资料不存在；后续需逐表核验,原来源已查；扩展来源待核验
覆盖检查,CV02071,S3,C008,DIM-PREF,地级,无稳定公开数据,,C_S01,已读来源未提供该维度的稳定全覆盖表；本轮未建立额外逐单元来源,这是本轮证据缺口，不断言其他官方资料不存在；后续需逐表核验,原来源已查；扩展来源待核验
覆盖检查,CV02072,I1,C008,DIM-IND,行业,无稳定公开数据,,C_S01,已读来源未提供该维度的稳定全覆盖表；本轮未建立额外逐单元来源,这是本轮证据缺口，不断言其他官方资料不存在；后续需逐表核验,原来源已查；扩展来源待核验
覆盖检查,CV02073,S3,C008,DIM-IND,行业,无稳定公开数据,,C_S01,已读来源未提供该维度的稳定全覆盖表；本轮未建立额外逐单元来源,这是本轮证据缺口，不断言其他官方资料不存在；后续需逐表核验,原来源已查；扩展来源待核验
覆盖检查,CV02074,I1,C008,DIM-FIRM,企业类型,无稳定公开数据,,C_S01,已读来源未提供该维度的稳定全覆盖表；本轮未建立额外逐单元来源,这是本轮证据缺口，不断言其他官方资料不存在；后续需逐表核验,原来源已查；扩展来源待核验
覆盖检查,CV02075,S3,C008,DIM-FIRM,企业类型,无稳定公开数据,,C_S01,已读来源未提供该维度的稳定全覆盖表；本轮未建立额外逐单元来源,这是本轮证据缺口，不断言其他官方资料不存在；后续需逐表核验,原来源已查；扩展来源待核验
覆盖检查,CV02076,I1,C008,DIM-HH,居民群体,不适用,,C_S01,本指标定义不直接接受该维度拆分,不得借用同名但不同范围指标填补,适用性判断
覆盖检查,CV02077,S3,C008,DIM-HH,居民群体,不适用,,C_S01,本指标定义不直接接受该维度拆分,不得借用同名但不同范围指标填补,适用性判断
覆盖检查,CV02078,I1,C008,DIM-SEC,机构部门,部分覆盖,企业；政府属研究机构；高等学校；其他主体,C_S01,正文分研发执行主体公布。,这是研发执行主体，非国民账户机构部门完整对应。,已读原表/定义；仅所列范围
覆盖检查,CV02079,S3,C008,DIM-SEC,机构部门,部分覆盖,企业；政府属研究机构；高等学校；其他主体,C_S01,正文分研发执行主体公布。,这是研发执行主体，非国民账户机构部门完整对应。,已读原表/定义；仅所列范围
覆盖检查,CV02080,I1,C009,DIM-NAT,全国,已覆盖,全国（具体统计边界见定义）,C_S01,分产业部门：2024经费7668.9亿元，强度3.35%。,,已读原表/定义；仅所列范围
覆盖检查,CV02081,I3,C009,DIM-NAT,全国,已覆盖,全国（具体统计边界见定义）,C_S01,分产业部门：2024经费7668.9亿元，强度3.35%。,,已读原表/定义；仅所列范围
覆盖检查,CV02082,S3,C009,DIM-NAT,全国,已覆盖,全国（具体统计边界见定义）,C_S01,分产业部门：2024经费7668.9亿元，强度3.35%。,,已读原表/定义；仅所列范围
覆盖检查,CV02083,I1,C009,DIM-PROV,省级,无稳定公开数据,,C_S01,已读来源未提供该维度的稳定全覆盖表；本轮未建立额外逐单元来源,这是本轮证据缺口，不断言其他官方资料不存在；后续需逐表核验,原来源已查；扩展来源待核验
覆盖检查,CV02084,I3,C009,DIM-PROV,省级,无稳定公开数据,,C_S01,已读来源未提供该维度的稳定全覆盖表；本轮未建立额外逐单元来源,这是本轮证据缺口，不断言其他官方资料不存在；后续需逐表核验,原来源已查；扩展来源待核验
覆盖检查,CV02085,S3,C009,DIM-PROV,省级,无稳定公开数据,,C_S01,已读来源未提供该维度的稳定全覆盖表；本轮未建立额外逐单元来源,这是本轮证据缺口，不断言其他官方资料不存在；后续需逐表核验,原来源已查；扩展来源待核验
覆盖检查,CV02086,I1,C009,DIM-PREF,地级,无稳定公开数据,,C_S01,已读来源未提供该维度的稳定全覆盖表；本轮未建立额外逐单元来源,这是本轮证据缺口，不断言其他官方资料不存在；后续需逐表核验,原来源已查；扩展来源待核验
覆盖检查,CV02087,I3,C009,DIM-PREF,地级,无稳定公开数据,,C_S01,已读来源未提供该维度的稳定全覆盖表；本轮未建立额外逐单元来源,这是本轮证据缺口，不断言其他官方资料不存在；后续需逐表核验,原来源已查；扩展来源待核验
覆盖检查,CV02088,S3,C009,DIM-PREF,地级,无稳定公开数据,,C_S01,已读来源未提供该维度的稳定全覆盖表；本轮未建立额外逐单元来源,这是本轮证据缺口，不断言其他官方资料不存在；后续需逐表核验,原来源已查；扩展来源待核验
覆盖检查,CV02089,I1,C009,DIM-IND,行业,部分覆盖,高技术制造业,C_S01,分产业部门正文。,本轮未核验高技术六类分表。,已读原表/定义；仅所列范围
覆盖检查,CV02090,I3,C009,DIM-IND,行业,部分覆盖,高技术制造业,C_S01,分产业部门正文。,本轮未核验高技术六类分表。,已读原表/定义；仅所列范围
覆盖检查,CV02091,S3,C009,DIM-IND,行业,部分覆盖,高技术制造业,C_S01,分产业部门正文。,本轮未核验高技术六类分表。,已读原表/定义；仅所列范围
覆盖检查,CV02092,I1,C009,DIM-FIRM,企业类型,无稳定公开数据,,C_S01,已读来源未提供该维度的稳定全覆盖表；本轮未建立额外逐单元来源,这是本轮证据缺口，不断言其他官方资料不存在；后续需逐表核验,原来源已查；扩展来源待核验
覆盖检查,CV02093,I3,C009,DIM-FIRM,企业类型,无稳定公开数据,,C_S01,已读来源未提供该维度的稳定全覆盖表；本轮未建立额外逐单元来源,这是本轮证据缺口，不断言其他官方资料不存在；后续需逐表核验,原来源已查；扩展来源待核验
覆盖检查,CV02094,S3,C009,DIM-FIRM,企业类型,无稳定公开数据,,C_S01,已读来源未提供该维度的稳定全覆盖表；本轮未建立额外逐单元来源,这是本轮证据缺口，不断言其他官方资料不存在；后续需逐表核验,原来源已查；扩展来源待核验
覆盖检查,CV02095,I1,C009,DIM-HH,居民群体,不适用,,C_S01,本指标定义不直接接受该维度拆分,不得借用同名但不同范围指标填补,适用性判断
覆盖检查,CV02096,I3,C009,DIM-HH,居民群体,不适用,,C_S01,本指标定义不直接接受该维度拆分,不得借用同名但不同范围指标填补,适用性判断
覆盖检查,CV02097,S3,C009,DIM-HH,居民群体,不适用,,C_S01,本指标定义不直接接受该维度拆分,不得借用同名但不同范围指标填补,适用性判断
覆盖检查,CV02098,I1,C009,DIM-SEC,机构部门,无稳定公开数据,,C_S01,已读来源未提供该维度的稳定全覆盖表；本轮未建立额外逐单元来源,这是本轮证据缺口，不断言其他官方资料不存在；后续需逐表核验,原来源已查；扩展来源待核验
覆盖检查,CV02099,I3,C009,DIM-SEC,机构部门,无稳定公开数据,,C_S01,已读来源未提供该维度的稳定全覆盖表；本轮未建立额外逐单元来源,这是本轮证据缺口，不断言其他官方资料不存在；后续需逐表核验,原来源已查；扩展来源待核验
覆盖检查,CV02100,S3,C009,DIM-SEC,机构部门,无稳定公开数据,,C_S01,已读来源未提供该维度的稳定全覆盖表；本轮未建立额外逐单元来源,这是本轮证据缺口，不断言其他官方资料不存在；后续需逐表核验,原来源已查；扩展来源待核验
覆盖检查,CV02101,K4,C010,DIM-NAT,全国,已覆盖,全国（具体统计边界见定义）,C_S01,第二部分及表：2024年12629.2，其中科学技术11510.3、其他1118.9。,,已读原表/定义；仅所列范围
覆盖检查,CV02102,I1,C010,DIM-NAT,全国,已覆盖,全国（具体统计边界见定义）,C_S01,第二部分及表：2024年12629.2，其中科学技术11510.3、其他1118.9。,,已读原表/定义；仅所列范围
覆盖检查,CV02103,S2,C010,DIM-NAT,全国,已覆盖,全国（具体统计边界见定义）,C_S01,第二部分及表：2024年12629.2，其中科学技术11510.3、其他1118.9。,,已读原表/定义；仅所列范围
覆盖检查,CV02104,K4,C010,DIM-PROV,省级,无稳定公开数据,,C_S01,已读来源未提供该维度的稳定全覆盖表；本轮未建立额外逐单元来源,这是本轮证据缺口，不断言其他官方资料不存在；后续需逐表核验,原来源已查；扩展来源待核验
覆盖检查,CV02105,I1,C010,DIM-PROV,省级,无稳定公开数据,,C_S01,已读来源未提供该维度的稳定全覆盖表；本轮未建立额外逐单元来源,这是本轮证据缺口，不断言其他官方资料不存在；后续需逐表核验,原来源已查；扩展来源待核验
覆盖检查,CV02106,S2,C010,DIM-PROV,省级,无稳定公开数据,,C_S01,已读来源未提供该维度的稳定全覆盖表；本轮未建立额外逐单元来源,这是本轮证据缺口，不断言其他官方资料不存在；后续需逐表核验,原来源已查；扩展来源待核验
覆盖检查,CV02107,K4,C010,DIM-PREF,地级,无稳定公开数据,,C_S01,已读来源未提供该维度的稳定全覆盖表；本轮未建立额外逐单元来源,这是本轮证据缺口，不断言其他官方资料不存在；后续需逐表核验,原来源已查；扩展来源待核验
覆盖检查,CV02108,I1,C010,DIM-PREF,地级,无稳定公开数据,,C_S01,已读来源未提供该维度的稳定全覆盖表；本轮未建立额外逐单元来源,这是本轮证据缺口，不断言其他官方资料不存在；后续需逐表核验,原来源已查；扩展来源待核验
覆盖检查,CV02109,S2,C010,DIM-PREF,地级,无稳定公开数据,,C_S01,已读来源未提供该维度的稳定全覆盖表；本轮未建立额外逐单元来源,这是本轮证据缺口，不断言其他官方资料不存在；后续需逐表核验,原来源已查；扩展来源待核验
覆盖检查,CV02110,K4,C010,DIM-IND,行业,无稳定公开数据,,C_S01,已读来源未提供该维度的稳定全覆盖表；本轮未建立额外逐单元来源,这是本轮证据缺口，不断言其他官方资料不存在；后续需逐表核验,原来源已查；扩展来源待核验
覆盖检查,CV02111,I1,C010,DIM-IND,行业,无稳定公开数据,,C_S01,已读来源未提供该维度的稳定全覆盖表；本轮未建立额外逐单元来源,这是本轮证据缺口，不断言其他官方资料不存在；后续需逐表核验,原来源已查；扩展来源待核验
覆盖检查,CV02112,S2,C010,DIM-IND,行业,无稳定公开数据,,C_S01,已读来源未提供该维度的稳定全覆盖表；本轮未建立额外逐单元来源,这是本轮证据缺口，不断言其他官方资料不存在；后续需逐表核验,原来源已查；扩展来源待核验
覆盖检查,CV02113,K4,C010,DIM-FIRM,企业类型,无稳定公开数据,,C_S01,已读来源未提供该维度的稳定全覆盖表；本轮未建立额外逐单元来源,这是本轮证据缺口，不断言其他官方资料不存在；后续需逐表核验,原来源已查；扩展来源待核验
覆盖检查,CV02114,I1,C010,DIM-FIRM,企业类型,无稳定公开数据,,C_S01,已读来源未提供该维度的稳定全覆盖表；本轮未建立额外逐单元来源,这是本轮证据缺口，不断言其他官方资料不存在；后续需逐表核验,原来源已查；扩展来源待核验
覆盖检查,CV02115,S2,C010,DIM-FIRM,企业类型,无稳定公开数据,,C_S01,已读来源未提供该维度的稳定全覆盖表；本轮未建立额外逐单元来源,这是本轮证据缺口，不断言其他官方资料不存在；后续需逐表核验,原来源已查；扩展来源待核验
覆盖检查,CV02116,K4,C010,DIM-HH,居民群体,不适用,,C_S01,本指标定义不直接接受该维度拆分,不得借用同名但不同范围指标填补,适用性判断
覆盖检查,CV02117,I1,C010,DIM-HH,居民群体,不适用,,C_S01,本指标定义不直接接受该维度拆分,不得借用同名但不同范围指标填补,适用性判断
覆盖检查,CV02118,S2,C010,DIM-HH,居民群体,不适用,,C_S01,本指标定义不直接接受该维度拆分,不得借用同名但不同范围指标填补,适用性判断
覆盖检查,CV02119,K4,C010,DIM-SEC,机构部门,部分覆盖,中央财政；地方财政,C_S01,中央4192.5、地方8436.7亿元。,不是31省分配明细。,已读原表/定义；仅所列范围
覆盖检查,CV02120,I1,C010,DIM-SEC,机构部门,部分覆盖,中央财政；地方财政,C_S01,中央4192.5、地方8436.7亿元。,不是31省分配明细。,已读原表/定义；仅所列范围
覆盖检查,CV02121,S2,C010,DIM-SEC,机构部门,部分覆盖,中央财政；地方财政,C_S01,中央4192.5、地方8436.7亿元。,不是31省分配明细。,已读原表/定义；仅所列范围
覆盖检查,CV02122,I1,C011,DIM-NAT,全国,已覆盖,中国授权的发明专利（含境外权利人）,C_S02,第十部分表17：2025年97.2万件（境内89.7）。,,已读发布指引/定义/目录；未逐表核验数值
覆盖检查,CV02123,I1,C011,DIM-PROV,省级,部分覆盖,北京；天津；河北；山西；内蒙古；辽宁；吉林；黑龙江；上海；江苏；浙江；安徽；福建；江西；山东；河南；湖北；湖南；广东；广西；海南；重庆；四川；贵州；云南；西藏；陕西；甘肃；青海；宁夏；新疆,C_S05,指引确认地区表与历史表存在。,只有发布目录证据，非2025逐省值已核验。,已读发布指引/定义/目录；未逐表核验数值
覆盖检查,CV02124,I1,C011,DIM-PREF,地级,无稳定公开数据,,C_S02,已读来源未提供该维度的稳定全覆盖表；本轮未建立额外逐单元来源,这是本轮证据缺口，不断言其他官方资料不存在；后续需逐表核验,原来源已查；扩展来源待核验
覆盖检查,CV02125,I1,C011,DIM-IND,行业,无稳定公开数据,,C_S02,已读来源未提供该维度的稳定全覆盖表；本轮未建立额外逐单元来源,这是本轮证据缺口，不断言其他官方资料不存在；后续需逐表核验,原来源已查；扩展来源待核验
覆盖检查,CV02126,I1,C011,DIM-FIRM,企业类型,部分覆盖,国内外；境内专利权人,C_S02,表17有境内授权/有效量；C_S05列更细目录。,未逐表核验全部申请人类型。,已读发布指引/定义/目录；未逐表核验数值
覆盖检查,CV02127,I1,C011,DIM-HH,居民群体,不适用,,C_S02,本指标定义不直接接受该维度拆分,不得借用同名但不同范围指标填补,适用性判断
覆盖检查,CV02128,I1,C011,DIM-SEC,机构部门,无稳定公开数据,,C_S02,已读来源未提供该维度的稳定全覆盖表；本轮未建立额外逐单元来源,这是本轮证据缺口，不断言其他官方资料不存在；后续需逐表核验,原来源已查；扩展来源待核验
覆盖检查,CV02129,I1,C012,DIM-NAT,全国,已覆盖,中国授权的发明专利（含境外权利人）,C_S02,第十部分表17：2025年631.8万件（境内532.0）。,,已读发布指引/定义/目录；未逐表核验数值
覆盖检查,CV02130,I1,C012,DIM-PROV,省级,部分覆盖,北京；天津；河北；山西；内蒙古；辽宁；吉林；黑龙江；上海；江苏；浙江；安徽；福建；江西；山东；河南；湖北；湖南；广东；广西；海南；重庆；四川；贵州；云南；西藏；陕西；甘肃；青海；宁夏；新疆,C_S05,指引确认地区表与历史表存在。,只有发布目录证据，非2025逐省值已核验。,已读发布指引/定义/目录；未逐表核验数值
覆盖检查,CV02131,I1,C012,DIM-PREF,地级,无稳定公开数据,,C_S02,已读来源未提供该维度的稳定全覆盖表；本轮未建立额外逐单元来源,这是本轮证据缺口，不断言其他官方资料不存在；后续需逐表核验,原来源已查；扩展来源待核验
覆盖检查,CV02132,I1,C012,DIM-IND,行业,无稳定公开数据,,C_S02,已读来源未提供该维度的稳定全覆盖表；本轮未建立额外逐单元来源,这是本轮证据缺口，不断言其他官方资料不存在；后续需逐表核验,原来源已查；扩展来源待核验
覆盖检查,CV02133,I1,C012,DIM-FIRM,企业类型,部分覆盖,国内外；境内专利权人,C_S02,表17有境内授权/有效量；C_S05列更细目录。,未逐表核验全部申请人类型。,已读发布指引/定义/目录；未逐表核验数值
覆盖检查,CV02134,I1,C012,DIM-HH,居民群体,不适用,,C_S02,本指标定义不直接接受该维度拆分,不得借用同名但不同范围指标填补,适用性判断
覆盖检查,CV02135,I1,C012,DIM-SEC,机构部门,无稳定公开数据,,C_S02,已读来源未提供该维度的稳定全覆盖表；本轮未建立额外逐单元来源,这是本轮证据缺口，不断言其他官方资料不存在；后续需逐表核验,原来源已查；扩展来源待核验
覆盖检查,CV02136,I1,C013,DIM-NAT,全国,已覆盖,全国（具体统计边界见定义）,C_S02,第十部分及注71：2025年16件。,,已读原表/定义；仅所列范围
覆盖检查,CV02137,S3,C013,DIM-NAT,全国,已覆盖,全国（具体统计边界见定义）,C_S02,第十部分及注71：2025年16件。,,已读原表/定义；仅所列范围
覆盖检查,CV02138,I1,C013,DIM-PROV,省级,无稳定公开数据,,C_S02,本轮未取得本指标31省同口径连续公开表。,这是本轮核验盲区，不表示绝对不存在。,已读原表/定义；仅所列范围
覆盖检查,CV02139,S3,C013,DIM-PROV,省级,无稳定公开数据,,C_S02,本轮未取得本指标31省同口径连续公开表。,这是本轮核验盲区，不表示绝对不存在。,已读原表/定义；仅所列范围
覆盖检查,CV02140,I1,C013,DIM-PREF,地级,无稳定公开数据,,C_S02,已读来源未提供该维度的稳定全覆盖表；本轮未建立额外逐单元来源,这是本轮证据缺口，不断言其他官方资料不存在；后续需逐表核验,原来源已查；扩展来源待核验
覆盖检查,CV02141,S3,C013,DIM-PREF,地级,无稳定公开数据,,C_S02,已读来源未提供该维度的稳定全覆盖表；本轮未建立额外逐单元来源,这是本轮证据缺口，不断言其他官方资料不存在；后续需逐表核验,原来源已查；扩展来源待核验
覆盖检查,CV02142,I1,C013,DIM-IND,行业,无稳定公开数据,,C_S02,已读来源未提供该维度的稳定全覆盖表；本轮未建立额外逐单元来源,这是本轮证据缺口，不断言其他官方资料不存在；后续需逐表核验,原来源已查；扩展来源待核验
覆盖检查,CV02143,S3,C013,DIM-IND,行业,无稳定公开数据,,C_S02,已读来源未提供该维度的稳定全覆盖表；本轮未建立额外逐单元来源,这是本轮证据缺口，不断言其他官方资料不存在；后续需逐表核验,原来源已查；扩展来源待核验
覆盖检查,CV02144,I1,C013,DIM-FIRM,企业类型,无稳定公开数据,,C_S02,已读来源未提供该维度的稳定全覆盖表；本轮未建立额外逐单元来源,这是本轮证据缺口，不断言其他官方资料不存在；后续需逐表核验,原来源已查；扩展来源待核验
覆盖检查,CV02145,S3,C013,DIM-FIRM,企业类型,无稳定公开数据,,C_S02,已读来源未提供该维度的稳定全覆盖表；本轮未建立额外逐单元来源,这是本轮证据缺口，不断言其他官方资料不存在；后续需逐表核验,原来源已查；扩展来源待核验
覆盖检查,CV02146,I1,C013,DIM-HH,居民群体,不适用,,C_S02,本指标定义不直接接受该维度拆分,不得借用同名但不同范围指标填补,适用性判断
覆盖检查,CV02147,S3,C013,DIM-HH,居民群体,不适用,,C_S02,本指标定义不直接接受该维度拆分,不得借用同名但不同范围指标填补,适用性判断
覆盖检查,CV02148,I1,C013,DIM-SEC,机构部门,无稳定公开数据,,C_S02,已读来源未提供该维度的稳定全覆盖表；本轮未建立额外逐单元来源,这是本轮证据缺口，不断言其他官方资料不存在；后续需逐表核验,原来源已查；扩展来源待核验
覆盖检查,CV02149,S3,C013,DIM-SEC,机构部门,无稳定公开数据,,C_S02,已读来源未提供该维度的稳定全覆盖表；本轮未建立额外逐单元来源,这是本轮证据缺口，不断言其他官方资料不存在；后续需逐表核验,原来源已查；扩展来源待核验
覆盖检查,CV02150,I1,C014,DIM-NAT,全国,已覆盖,全国（具体统计边界见定义）,C_S02,第十部分及注70：2025年7.8万件。,,已读发布指引/定义/目录；未逐表核验数值
覆盖检查,CV02151,S3,C014,DIM-NAT,全国,已覆盖,全国（具体统计边界见定义）,C_S02,第十部分及注70：2025年7.8万件。,,已读发布指引/定义/目录；未逐表核验数值
覆盖检查,CV02152,I1,C014,DIM-PROV,省级,部分覆盖,北京；天津；河北；山西；内蒙古；辽宁；吉林；黑龙江；上海；江苏；浙江；安徽；福建；江西；山东；河南；湖北；湖南；广东；广西；海南；重庆；四川；贵州；云南；西藏；陕西；甘肃；青海；宁夏；新疆,C_S05,目录有2011—2023分地区PCT表。,未逐省读取2025数据。,已读发布指引/定义/目录；未逐表核验数值
覆盖检查,CV02153,S3,C014,DIM-PROV,省级,部分覆盖,北京；天津；河北；山西；内蒙古；辽宁；吉林；黑龙江；上海；江苏；浙江；安徽；福建；江西；山东；河南；湖北；湖南；广东；广西；海南；重庆；四川；贵州；云南；西藏；陕西；甘肃；青海；宁夏；新疆,C_S05,目录有2011—2023分地区PCT表。,未逐省读取2025数据。,已读发布指引/定义/目录；未逐表核验数值
覆盖检查,CV02154,I1,C014,DIM-PREF,地级,无稳定公开数据,,C_S02,已读来源未提供该维度的稳定全覆盖表；本轮未建立额外逐单元来源,这是本轮证据缺口，不断言其他官方资料不存在；后续需逐表核验,原来源已查；扩展来源待核验
覆盖检查,CV02155,S3,C014,DIM-PREF,地级,无稳定公开数据,,C_S02,已读来源未提供该维度的稳定全覆盖表；本轮未建立额外逐单元来源,这是本轮证据缺口，不断言其他官方资料不存在；后续需逐表核验,原来源已查；扩展来源待核验
覆盖检查,CV02156,I1,C014,DIM-IND,行业,无稳定公开数据,,C_S02,已读来源未提供该维度的稳定全覆盖表；本轮未建立额外逐单元来源,这是本轮证据缺口，不断言其他官方资料不存在；后续需逐表核验,原来源已查；扩展来源待核验
覆盖检查,CV02157,S3,C014,DIM-IND,行业,无稳定公开数据,,C_S02,已读来源未提供该维度的稳定全覆盖表；本轮未建立额外逐单元来源,这是本轮证据缺口，不断言其他官方资料不存在；后续需逐表核验,原来源已查；扩展来源待核验
覆盖检查,CV02158,I1,C014,DIM-FIRM,企业类型,无稳定公开数据,,C_S02,已读来源未提供该维度的稳定全覆盖表；本轮未建立额外逐单元来源,这是本轮证据缺口，不断言其他官方资料不存在；后续需逐表核验,原来源已查；扩展来源待核验
覆盖检查,CV02159,S3,C014,DIM-FIRM,企业类型,无稳定公开数据,,C_S02,已读来源未提供该维度的稳定全覆盖表；本轮未建立额外逐单元来源,这是本轮证据缺口，不断言其他官方资料不存在；后续需逐表核验,原来源已查；扩展来源待核验
覆盖检查,CV02160,I1,C014,DIM-HH,居民群体,不适用,,C_S02,本指标定义不直接接受该维度拆分,不得借用同名但不同范围指标填补,适用性判断
覆盖检查,CV02161,S3,C014,DIM-HH,居民群体,不适用,,C_S02,本指标定义不直接接受该维度拆分,不得借用同名但不同范围指标填补,适用性判断
覆盖检查,CV02162,I1,C014,DIM-SEC,机构部门,无稳定公开数据,,C_S02,已读来源未提供该维度的稳定全覆盖表；本轮未建立额外逐单元来源,这是本轮证据缺口，不断言其他官方资料不存在；后续需逐表核验,原来源已查；扩展来源待核验
覆盖检查,CV02163,S3,C014,DIM-SEC,机构部门,无稳定公开数据,,C_S02,已读来源未提供该维度的稳定全覆盖表；本轮未建立额外逐单元来源,这是本轮证据缺口，不断言其他官方资料不存在；后续需逐表核验,原来源已查；扩展来源待核验
覆盖检查,CV02164,I2,C015,DIM-NAT,全国,已覆盖,27省抽样框内拥有2024年末有效专利的国内企业及其专利,C_S06,印刷页22、84、164：2025年54.0%，2024年53.3%。,,已读原表/定义；仅所列范围
覆盖检查,CV02165,I3,C015,DIM-NAT,全国,已覆盖,27省抽样框内拥有2024年末有效专利的国内企业及其专利,C_S06,印刷页22、84、164：2025年54.0%，2024年53.3%。,,已读原表/定义；仅所列范围
覆盖检查,CV02166,S3,C015,DIM-NAT,全国,已覆盖,27省抽样框内拥有2024年末有效专利的国内企业及其专利,C_S06,印刷页22、84、164：2025年54.0%，2024年53.3%。,,已读原表/定义；仅所列范围
覆盖检查,CV02167,I2,C015,DIM-PROV,省级,无稳定公开数据,,C_S06,调查覆盖27省与四大区域聚合，不证明逐省产业化率已公开,本轮未核验逐省结果；不由区域结果分摊。,已读原表/定义；仅所列范围
覆盖检查,CV02168,I3,C015,DIM-PROV,省级,无稳定公开数据,,C_S06,调查覆盖27省与四大区域聚合，不证明逐省产业化率已公开,本轮未核验逐省结果；不由区域结果分摊。,已读原表/定义；仅所列范围
覆盖检查,CV02169,S3,C015,DIM-PROV,省级,无稳定公开数据,,C_S06,调查覆盖27省与四大区域聚合，不证明逐省产业化率已公开,本轮未核验逐省结果；不由区域结果分摊。,已读原表/定义；仅所列范围
覆盖检查,CV02170,I2,C015,DIM-PREF,地级,无稳定公开数据,,C_S06,已读来源未提供该维度的稳定全覆盖表；本轮未建立额外逐单元来源,这是本轮证据缺口，不断言其他官方资料不存在；后续需逐表核验,原来源已查；扩展来源待核验
覆盖检查,CV02171,I3,C015,DIM-PREF,地级,无稳定公开数据,,C_S06,已读来源未提供该维度的稳定全覆盖表；本轮未建立额外逐单元来源,这是本轮证据缺口，不断言其他官方资料不存在；后续需逐表核验,原来源已查；扩展来源待核验
覆盖检查,CV02172,S3,C015,DIM-PREF,地级,无稳定公开数据,,C_S06,已读来源未提供该维度的稳定全覆盖表；本轮未建立额外逐单元来源,这是本轮证据缺口，不断言其他官方资料不存在；后续需逐表核验,原来源已查；扩展来源待核验
覆盖检查,CV02173,I2,C015,DIM-IND,行业,部分覆盖,金属制品；通用设备；专用设备；医药制造；专业技术服务；研究和试验发展,C_S06,印刷页23图21正文列明确数值。,未宣称所有行业均有可靠估计。,已读原表/定义；仅所列范围
覆盖检查,CV02174,I3,C015,DIM-IND,行业,部分覆盖,金属制品；通用设备；专用设备；医药制造；专业技术服务；研究和试验发展,C_S06,印刷页23图21正文列明确数值。,未宣称所有行业均有可靠估计。,已读原表/定义；仅所列范围
覆盖检查,CV02175,S3,C015,DIM-IND,行业,部分覆盖,金属制品；通用设备；专用设备；医药制造；专业技术服务；研究和试验发展,C_S06,印刷页23图21正文列明确数值。,未宣称所有行业均有可靠估计。,已读原表/定义；仅所列范围
覆盖检查,CV02176,I2,C015,DIM-FIRM,企业类型,已覆盖,大型；中型；小型；微型,C_S06,印刷页22—23图19—20逐项列值。,仅拥有有效专利企业，非所有企业。,已读原表/定义；仅所列范围
覆盖检查,CV02177,I3,C015,DIM-FIRM,企业类型,已覆盖,大型；中型；小型；微型,C_S06,印刷页22—23图19—20逐项列值。,仅拥有有效专利企业，非所有企业。,已读原表/定义；仅所列范围
覆盖检查,CV02178,S3,C015,DIM-FIRM,企业类型,已覆盖,大型；中型；小型；微型,C_S06,印刷页22—23图19—20逐项列值。,仅拥有有效专利企业，非所有企业。,已读原表/定义；仅所列范围
覆盖检查,CV02179,I2,C015,DIM-HH,居民群体,不适用,,C_S06,本指标定义不直接接受该维度拆分,不得借用同名但不同范围指标填补,适用性判断
覆盖检查,CV02180,I3,C015,DIM-HH,居民群体,不适用,,C_S06,本指标定义不直接接受该维度拆分,不得借用同名但不同范围指标填补,适用性判断
覆盖检查,CV02181,S3,C015,DIM-HH,居民群体,不适用,,C_S06,本指标定义不直接接受该维度拆分,不得借用同名但不同范围指标填补,适用性判断
覆盖检查,CV02182,I2,C015,DIM-SEC,机构部门,无稳定公开数据,,C_S06,已读来源未提供该维度的稳定全覆盖表；本轮未建立额外逐单元来源,这是本轮证据缺口，不断言其他官方资料不存在；后续需逐表核验,原来源已查；扩展来源待核验
覆盖检查,CV02183,I3,C015,DIM-SEC,机构部门,无稳定公开数据,,C_S06,已读来源未提供该维度的稳定全覆盖表；本轮未建立额外逐单元来源,这是本轮证据缺口，不断言其他官方资料不存在；后续需逐表核验,原来源已查；扩展来源待核验
覆盖检查,CV02184,S3,C015,DIM-SEC,机构部门,无稳定公开数据,,C_S06,已读来源未提供该维度的稳定全覆盖表；本轮未建立额外逐单元来源,这是本轮证据缺口，不断言其他官方资料不存在；后续需逐表核验,原来源已查；扩展来源待核验
覆盖检查,CV02185,I2,C016,DIM-NAT,全国,已覆盖,受调查国内企业的已产业化发明专利,C_S06,印刷页27图27、164定义：2025调查872.0，2024调查869.5。,,已读原表/定义；仅所列范围
覆盖检查,CV02186,I3,C016,DIM-NAT,全国,已覆盖,受调查国内企业的已产业化发明专利,C_S06,印刷页27图27、164定义：2025调查872.0，2024调查869.5。,,已读原表/定义；仅所列范围
覆盖检查,CV02187,S3,C016,DIM-NAT,全国,已覆盖,受调查国内企业的已产业化发明专利,C_S06,印刷页27图27、164定义：2025调查872.0，2024调查869.5。,,已读原表/定义；仅所列范围
覆盖检查,CV02188,I2,C016,DIM-PROV,省级,无稳定公开数据,,C_S06,已读来源未提供该维度的稳定全覆盖表；本轮未建立额外逐单元来源,这是本轮证据缺口，不断言其他官方资料不存在；后续需逐表核验,原来源已查；扩展来源待核验
覆盖检查,CV02189,I3,C016,DIM-PROV,省级,无稳定公开数据,,C_S06,已读来源未提供该维度的稳定全覆盖表；本轮未建立额外逐单元来源,这是本轮证据缺口，不断言其他官方资料不存在；后续需逐表核验,原来源已查；扩展来源待核验
覆盖检查,CV02190,S3,C016,DIM-PROV,省级,无稳定公开数据,,C_S06,已读来源未提供该维度的稳定全覆盖表；本轮未建立额外逐单元来源,这是本轮证据缺口，不断言其他官方资料不存在；后续需逐表核验,原来源已查；扩展来源待核验
覆盖检查,CV02191,I2,C016,DIM-PREF,地级,无稳定公开数据,,C_S06,已读来源未提供该维度的稳定全覆盖表；本轮未建立额外逐单元来源,这是本轮证据缺口，不断言其他官方资料不存在；后续需逐表核验,原来源已查；扩展来源待核验
覆盖检查,CV02192,I3,C016,DIM-PREF,地级,无稳定公开数据,,C_S06,已读来源未提供该维度的稳定全覆盖表；本轮未建立额外逐单元来源,这是本轮证据缺口，不断言其他官方资料不存在；后续需逐表核验,原来源已查；扩展来源待核验
覆盖检查,CV02193,S3,C016,DIM-PREF,地级,无稳定公开数据,,C_S06,已读来源未提供该维度的稳定全覆盖表；本轮未建立额外逐单元来源,这是本轮证据缺口，不断言其他官方资料不存在；后续需逐表核验,原来源已查；扩展来源待核验
覆盖检查,CV02194,I2,C016,DIM-IND,行业,无稳定公开数据,,C_S06,已读来源未提供该维度的稳定全覆盖表；本轮未建立额外逐单元来源,这是本轮证据缺口，不断言其他官方资料不存在；后续需逐表核验,原来源已查；扩展来源待核验
覆盖检查,CV02195,I3,C016,DIM-IND,行业,无稳定公开数据,,C_S06,已读来源未提供该维度的稳定全覆盖表；本轮未建立额外逐单元来源,这是本轮证据缺口，不断言其他官方资料不存在；后续需逐表核验,原来源已查；扩展来源待核验
覆盖检查,CV02196,S3,C016,DIM-IND,行业,无稳定公开数据,,C_S06,已读来源未提供该维度的稳定全覆盖表；本轮未建立额外逐单元来源,这是本轮证据缺口，不断言其他官方资料不存在；后续需逐表核验,原来源已查；扩展来源待核验
覆盖检查,CV02197,I2,C016,DIM-FIRM,企业类型,已覆盖,大型；中型；小型；微型,C_S06,2025专利调查印刷页27 / PDF第34页图27：大型1084.8、中型1081.1、小型724.2、微型337.2万元/件；累计收益定义见印刷页164。,仅拥有有效专利企业，非所有企业。,已读原表/定义；仅所列范围
覆盖检查,CV02198,I3,C016,DIM-FIRM,企业类型,已覆盖,大型；中型；小型；微型,C_S06,2025专利调查印刷页27 / PDF第34页图27：大型1084.8、中型1081.1、小型724.2、微型337.2万元/件；累计收益定义见印刷页164。,仅拥有有效专利企业，非所有企业。,已读原表/定义；仅所列范围
覆盖检查,CV02199,S3,C016,DIM-FIRM,企业类型,已覆盖,大型；中型；小型；微型,C_S06,2025专利调查印刷页27 / PDF第34页图27：大型1084.8、中型1081.1、小型724.2、微型337.2万元/件；累计收益定义见印刷页164。,仅拥有有效专利企业，非所有企业。,已读原表/定义；仅所列范围
覆盖检查,CV02200,I2,C016,DIM-HH,居民群体,不适用,,C_S06,本指标定义不直接接受该维度拆分,不得借用同名但不同范围指标填补,适用性判断
覆盖检查,CV02201,I3,C016,DIM-HH,居民群体,不适用,,C_S06,本指标定义不直接接受该维度拆分,不得借用同名但不同范围指标填补,适用性判断
覆盖检查,CV02202,S3,C016,DIM-HH,居民群体,不适用,,C_S06,本指标定义不直接接受该维度拆分,不得借用同名但不同范围指标填补,适用性判断
覆盖检查,CV02203,I2,C016,DIM-SEC,机构部门,无稳定公开数据,,C_S06,已读来源未提供该维度的稳定全覆盖表；本轮未建立额外逐单元来源,这是本轮证据缺口，不断言其他官方资料不存在；后续需逐表核验,原来源已查；扩展来源待核验
覆盖检查,CV02204,I3,C016,DIM-SEC,机构部门,无稳定公开数据,,C_S06,已读来源未提供该维度的稳定全覆盖表；本轮未建立额外逐单元来源,这是本轮证据缺口，不断言其他官方资料不存在；后续需逐表核验,原来源已查；扩展来源待核验
覆盖检查,CV02205,S3,C016,DIM-SEC,机构部门,无稳定公开数据,,C_S06,已读来源未提供该维度的稳定全覆盖表；本轮未建立额外逐单元来源,这是本轮证据缺口，不断言其他官方资料不存在；后续需逐表核验,原来源已查；扩展来源待核验
覆盖检查,CV02206,I2,C017,DIM-NAT,全国,已覆盖,国内企业拥有的有效发明专利,C_S06,印刷页1、9、82：2025年87.4%，2024年86.6%。,,已读原表/定义；仅所列范围
覆盖检查,CV02207,S3,C017,DIM-NAT,全国,已覆盖,国内企业拥有的有效发明专利,C_S06,印刷页1、9、82：2025年87.4%，2024年86.6%。,,已读原表/定义；仅所列范围
覆盖检查,CV02208,I2,C017,DIM-PROV,省级,无稳定公开数据,,C_S06,本轮未取得本指标31省同口径连续公开表。,这是本轮核验盲区，不表示绝对不存在。,已读原表/定义；仅所列范围
覆盖检查,CV02209,S3,C017,DIM-PROV,省级,无稳定公开数据,,C_S06,本轮未取得本指标31省同口径连续公开表。,这是本轮核验盲区，不表示绝对不存在。,已读原表/定义；仅所列范围
覆盖检查,CV02210,I2,C017,DIM-PREF,地级,无稳定公开数据,,C_S06,已读来源未提供该维度的稳定全覆盖表；本轮未建立额外逐单元来源,这是本轮证据缺口，不断言其他官方资料不存在；后续需逐表核验,原来源已查；扩展来源待核验
覆盖检查,CV02211,S3,C017,DIM-PREF,地级,无稳定公开数据,,C_S06,已读来源未提供该维度的稳定全覆盖表；本轮未建立额外逐单元来源,这是本轮证据缺口，不断言其他官方资料不存在；后续需逐表核验,原来源已查；扩展来源待核验
覆盖检查,CV02212,I2,C017,DIM-IND,行业,无稳定公开数据,,C_S06,已读来源未提供该维度的稳定全覆盖表；本轮未建立额外逐单元来源,这是本轮证据缺口，不断言其他官方资料不存在；后续需逐表核验,原来源已查；扩展来源待核验
覆盖检查,CV02213,S3,C017,DIM-IND,行业,无稳定公开数据,,C_S06,已读来源未提供该维度的稳定全覆盖表；本轮未建立额外逐单元来源,这是本轮证据缺口，不断言其他官方资料不存在；后续需逐表核验,原来源已查；扩展来源待核验
覆盖检查,CV02214,I2,C017,DIM-FIRM,企业类型,无稳定公开数据,,C_S06,已读来源未提供该维度的稳定全覆盖表；本轮未建立额外逐单元来源,这是本轮证据缺口，不断言其他官方资料不存在；后续需逐表核验,原来源已查；扩展来源待核验
覆盖检查,CV02215,S3,C017,DIM-FIRM,企业类型,无稳定公开数据,,C_S06,已读来源未提供该维度的稳定全覆盖表；本轮未建立额外逐单元来源,这是本轮证据缺口，不断言其他官方资料不存在；后续需逐表核验,原来源已查；扩展来源待核验
覆盖检查,CV02216,I2,C017,DIM-HH,居民群体,不适用,,C_S06,本指标定义不直接接受该维度拆分,不得借用同名但不同范围指标填补,适用性判断
覆盖检查,CV02217,S3,C017,DIM-HH,居民群体,不适用,,C_S06,本指标定义不直接接受该维度拆分,不得借用同名但不同范围指标填补,适用性判断
覆盖检查,CV02218,I2,C017,DIM-SEC,机构部门,无稳定公开数据,,C_S06,已读来源未提供该维度的稳定全覆盖表；本轮未建立额外逐单元来源,这是本轮证据缺口，不断言其他官方资料不存在；后续需逐表核验,原来源已查；扩展来源待核验
覆盖检查,CV02219,S3,C017,DIM-SEC,机构部门,无稳定公开数据,,C_S06,已读来源未提供该维度的稳定全覆盖表；本轮未建立额外逐单元来源,这是本轮证据缺口，不断言其他官方资料不存在；后续需逐表核验,原来源已查；扩展来源待核验
覆盖检查,CV02220,I2,C018,DIM-NAT,全国,已覆盖,规模以上工业企业,C_S13,表20-4：2024年354694.3亿元；定义p651。,,已读原表/定义；仅所列范围
覆盖检查,CV02221,I3,C018,DIM-NAT,全国,已覆盖,规模以上工业企业,C_S13,表20-4：2024年354694.3亿元；定义p651。,,已读原表/定义；仅所列范围
覆盖检查,CV02222,S3,C018,DIM-NAT,全国,已覆盖,规模以上工业企业,C_S13,表20-4：2024年354694.3亿元；定义p651。,,已读原表/定义；仅所列范围
覆盖检查,CV02223,I2,C018,DIM-PROV,省级,无稳定公开数据,,C_S13,本轮未取得本指标31省同口径连续公开表。,这是本轮核验盲区，不表示绝对不存在。,已读原表/定义；仅所列范围
覆盖检查,CV02224,I3,C018,DIM-PROV,省级,无稳定公开数据,,C_S13,本轮未取得本指标31省同口径连续公开表。,这是本轮核验盲区，不表示绝对不存在。,已读原表/定义；仅所列范围
覆盖检查,CV02225,S3,C018,DIM-PROV,省级,无稳定公开数据,,C_S13,本轮未取得本指标31省同口径连续公开表。,这是本轮核验盲区，不表示绝对不存在。,已读原表/定义；仅所列范围
覆盖检查,CV02226,I2,C018,DIM-PREF,地级,无稳定公开数据,,C_S13,已读来源未提供该维度的稳定全覆盖表；本轮未建立额外逐单元来源,这是本轮证据缺口，不断言其他官方资料不存在；后续需逐表核验,原来源已查；扩展来源待核验
覆盖检查,CV02227,I3,C018,DIM-PREF,地级,无稳定公开数据,,C_S13,已读来源未提供该维度的稳定全覆盖表；本轮未建立额外逐单元来源,这是本轮证据缺口，不断言其他官方资料不存在；后续需逐表核验,原来源已查；扩展来源待核验
覆盖检查,CV02228,S3,C018,DIM-PREF,地级,无稳定公开数据,,C_S13,已读来源未提供该维度的稳定全覆盖表；本轮未建立额外逐单元来源,这是本轮证据缺口，不断言其他官方资料不存在；后续需逐表核验,原来源已查；扩展来源待核验
覆盖检查,CV02229,I2,C018,DIM-IND,行业,无稳定公开数据,,C_S13,已读来源未提供该维度的稳定全覆盖表；本轮未建立额外逐单元来源,这是本轮证据缺口，不断言其他官方资料不存在；后续需逐表核验,原来源已查；扩展来源待核验
覆盖检查,CV02230,I3,C018,DIM-IND,行业,无稳定公开数据,,C_S13,已读来源未提供该维度的稳定全覆盖表；本轮未建立额外逐单元来源,这是本轮证据缺口，不断言其他官方资料不存在；后续需逐表核验,原来源已查；扩展来源待核验
覆盖检查,CV02231,S3,C018,DIM-IND,行业,无稳定公开数据,,C_S13,已读来源未提供该维度的稳定全覆盖表；本轮未建立额外逐单元来源,这是本轮证据缺口，不断言其他官方资料不存在；后续需逐表核验,原来源已查；扩展来源待核验
覆盖检查,CV02232,I2,C018,DIM-FIRM,企业类型,无稳定公开数据,,C_S13,已读来源未提供该维度的稳定全覆盖表；本轮未建立额外逐单元来源,这是本轮证据缺口，不断言其他官方资料不存在；后续需逐表核验,原来源已查；扩展来源待核验
覆盖检查,CV02233,I3,C018,DIM-FIRM,企业类型,无稳定公开数据,,C_S13,已读来源未提供该维度的稳定全覆盖表；本轮未建立额外逐单元来源,这是本轮证据缺口，不断言其他官方资料不存在；后续需逐表核验,原来源已查；扩展来源待核验
覆盖检查,CV02234,S3,C018,DIM-FIRM,企业类型,无稳定公开数据,,C_S13,已读来源未提供该维度的稳定全覆盖表；本轮未建立额外逐单元来源,这是本轮证据缺口，不断言其他官方资料不存在；后续需逐表核验,原来源已查；扩展来源待核验
覆盖检查,CV02235,I2,C018,DIM-HH,居民群体,不适用,,C_S13,本指标定义不直接接受该维度拆分,不得借用同名但不同范围指标填补,适用性判断
覆盖检查,CV02236,I3,C018,DIM-HH,居民群体,不适用,,C_S13,本指标定义不直接接受该维度拆分,不得借用同名但不同范围指标填补,适用性判断
覆盖检查,CV02237,S3,C018,DIM-HH,居民群体,不适用,,C_S13,本指标定义不直接接受该维度拆分,不得借用同名但不同范围指标填补,适用性判断
覆盖检查,CV02238,I2,C018,DIM-SEC,机构部门,无稳定公开数据,,C_S13,已读来源未提供该维度的稳定全覆盖表；本轮未建立额外逐单元来源,这是本轮证据缺口，不断言其他官方资料不存在；后续需逐表核验,原来源已查；扩展来源待核验
覆盖检查,CV02239,I3,C018,DIM-SEC,机构部门,无稳定公开数据,,C_S13,已读来源未提供该维度的稳定全覆盖表；本轮未建立额外逐单元来源,这是本轮证据缺口，不断言其他官方资料不存在；后续需逐表核验,原来源已查；扩展来源待核验
覆盖检查,CV02240,S3,C018,DIM-SEC,机构部门,无稳定公开数据,,C_S13,已读来源未提供该维度的稳定全覆盖表；本轮未建立额外逐单元来源,这是本轮证据缺口，不断言其他官方资料不存在；后续需逐表核验,原来源已查；扩展来源待核验
覆盖检查,CV02241,I2,C019,DIM-NAT,全国,已覆盖,规模以上工业企业,C_S13,表20-4：2024年161928个、31.3%；2023年30.7%。,,已读原表/定义；仅所列范围
覆盖检查,CV02242,S3,C019,DIM-NAT,全国,已覆盖,规模以上工业企业,C_S13,表20-4：2024年161928个、31.3%；2023年30.7%。,,已读原表/定义；仅所列范围
覆盖检查,CV02243,I2,C019,DIM-PROV,省级,无稳定公开数据,,C_S13,本轮未取得本指标31省同口径连续公开表。,这是本轮核验盲区，不表示绝对不存在。,已读原表/定义；仅所列范围
覆盖检查,CV02244,S3,C019,DIM-PROV,省级,无稳定公开数据,,C_S13,本轮未取得本指标31省同口径连续公开表。,这是本轮核验盲区，不表示绝对不存在。,已读原表/定义；仅所列范围
覆盖检查,CV02245,I2,C019,DIM-PREF,地级,无稳定公开数据,,C_S13,已读来源未提供该维度的稳定全覆盖表；本轮未建立额外逐单元来源,这是本轮证据缺口，不断言其他官方资料不存在；后续需逐表核验,原来源已查；扩展来源待核验
覆盖检查,CV02246,S3,C019,DIM-PREF,地级,无稳定公开数据,,C_S13,已读来源未提供该维度的稳定全覆盖表；本轮未建立额外逐单元来源,这是本轮证据缺口，不断言其他官方资料不存在；后续需逐表核验,原来源已查；扩展来源待核验
覆盖检查,CV02247,I2,C019,DIM-IND,行业,无稳定公开数据,,C_S13,已读来源未提供该维度的稳定全覆盖表；本轮未建立额外逐单元来源,这是本轮证据缺口，不断言其他官方资料不存在；后续需逐表核验,原来源已查；扩展来源待核验
覆盖检查,CV02248,S3,C019,DIM-IND,行业,无稳定公开数据,,C_S13,已读来源未提供该维度的稳定全覆盖表；本轮未建立额外逐单元来源,这是本轮证据缺口，不断言其他官方资料不存在；后续需逐表核验,原来源已查；扩展来源待核验
覆盖检查,CV02249,I2,C019,DIM-FIRM,企业类型,无稳定公开数据,,C_S13,已读来源未提供该维度的稳定全覆盖表；本轮未建立额外逐单元来源,这是本轮证据缺口，不断言其他官方资料不存在；后续需逐表核验,原来源已查；扩展来源待核验
覆盖检查,CV02250,S3,C019,DIM-FIRM,企业类型,无稳定公开数据,,C_S13,已读来源未提供该维度的稳定全覆盖表；本轮未建立额外逐单元来源,这是本轮证据缺口，不断言其他官方资料不存在；后续需逐表核验,原来源已查；扩展来源待核验
覆盖检查,CV02251,I2,C019,DIM-HH,居民群体,不适用,,C_S13,本指标定义不直接接受该维度拆分,不得借用同名但不同范围指标填补,适用性判断
覆盖检查,CV02252,S3,C019,DIM-HH,居民群体,不适用,,C_S13,本指标定义不直接接受该维度拆分,不得借用同名但不同范围指标填补,适用性判断
覆盖检查,CV02253,I2,C019,DIM-SEC,机构部门,无稳定公开数据,,C_S13,已读来源未提供该维度的稳定全覆盖表；本轮未建立额外逐单元来源,这是本轮证据缺口，不断言其他官方资料不存在；后续需逐表核验,原来源已查；扩展来源待核验
覆盖检查,CV02254,S3,C019,DIM-SEC,机构部门,无稳定公开数据,,C_S13,已读来源未提供该维度的稳定全覆盖表；本轮未建立额外逐单元来源,这是本轮证据缺口，不断言其他官方资料不存在；后续需逐表核验,原来源已查；扩展来源待核验
覆盖检查,CV02255,G1,C021,DIM-NAT,全国,已覆盖,全国（具体统计边界见定义）,C_S02,第一部分与注5：2025年140489万人。,,已读原表/定义；仅所列范围
覆盖检查,CV02256,D3,C021,DIM-NAT,全国,已覆盖,全国（具体统计边界见定义）,C_S02,第一部分与注5：2025年140489万人。,,已读原表/定义；仅所列范围
覆盖检查,CV02257,G1,C021,DIM-PROV,省级,无稳定公开数据,,C_S02,已读来源未提供该维度的稳定全覆盖表；本轮未建立额外逐单元来源,这是本轮证据缺口，不断言其他官方资料不存在；后续需逐表核验,原来源已查；扩展来源待核验
覆盖检查,CV02258,D3,C021,DIM-PROV,省级,无稳定公开数据,,C_S02,已读来源未提供该维度的稳定全覆盖表；本轮未建立额外逐单元来源,这是本轮证据缺口，不断言其他官方资料不存在；后续需逐表核验,原来源已查；扩展来源待核验
覆盖检查,CV02259,G1,C021,DIM-PREF,地级,无稳定公开数据,,C_S02,已读来源未提供该维度的稳定全覆盖表；本轮未建立额外逐单元来源,这是本轮证据缺口，不断言其他官方资料不存在；后续需逐表核验,原来源已查；扩展来源待核验
覆盖检查,CV02260,D3,C021,DIM-PREF,地级,无稳定公开数据,,C_S02,已读来源未提供该维度的稳定全覆盖表；本轮未建立额外逐单元来源,这是本轮证据缺口，不断言其他官方资料不存在；后续需逐表核验,原来源已查；扩展来源待核验
覆盖检查,CV02261,G1,C021,DIM-IND,行业,无稳定公开数据,,C_S02,已读来源未提供该维度的稳定全覆盖表；本轮未建立额外逐单元来源,这是本轮证据缺口，不断言其他官方资料不存在；后续需逐表核验,原来源已查；扩展来源待核验
覆盖检查,CV02262,D3,C021,DIM-IND,行业,无稳定公开数据,,C_S02,已读来源未提供该维度的稳定全覆盖表；本轮未建立额外逐单元来源,这是本轮证据缺口，不断言其他官方资料不存在；后续需逐表核验,原来源已查；扩展来源待核验
覆盖检查,CV02263,G1,C021,DIM-FIRM,企业类型,不适用,,C_S02,本指标定义不直接接受该维度拆分,不得借用同名但不同范围指标填补,适用性判断
覆盖检查,CV02264,D3,C021,DIM-FIRM,企业类型,不适用,,C_S02,本指标定义不直接接受该维度拆分,不得借用同名但不同范围指标填补,适用性判断
覆盖检查,CV02265,G1,C021,DIM-HH,居民群体,已覆盖,城镇；乡村；男性；女性,C_S02,表1列城乡、性别。,不能声称市县均有同年全量数据。,已读原表/定义；仅所列范围
覆盖检查,CV02266,D3,C021,DIM-HH,居民群体,已覆盖,城镇；乡村；男性；女性,C_S02,表1列城乡、性别。,不能声称市县均有同年全量数据。,已读原表/定义；仅所列范围
覆盖检查,CV02267,G1,C021,DIM-SEC,机构部门,无稳定公开数据,,C_S02,已读来源未提供该维度的稳定全覆盖表；本轮未建立额外逐单元来源,这是本轮证据缺口，不断言其他官方资料不存在；后续需逐表核验,原来源已查；扩展来源待核验
覆盖检查,CV02268,D3,C021,DIM-SEC,机构部门,无稳定公开数据,,C_S02,已读来源未提供该维度的稳定全覆盖表；本轮未建立额外逐单元来源,这是本轮证据缺口，不断言其他官方资料不存在；后续需逐表核验,原来源已查；扩展来源待核验
覆盖检查,CV02269,G1,C022,DIM-NAT,全国,已覆盖,全国（具体统计边界见定义）,C_S02,表1：2025年23015、85136、32338、22365；注6另列0—14为21276，15—59为86875。,,已读原表/定义；仅所列范围
覆盖检查,CV02270,D3,C022,DIM-NAT,全国,已覆盖,全国（具体统计边界见定义）,C_S02,表1：2025年23015、85136、32338、22365；注6另列0—14为21276，15—59为86875。,,已读原表/定义；仅所列范围
覆盖检查,CV02271,G1,C022,DIM-PROV,省级,无稳定公开数据,,C_S02,已读来源未提供该维度的稳定全覆盖表；本轮未建立额外逐单元来源,这是本轮证据缺口，不断言其他官方资料不存在；后续需逐表核验,原来源已查；扩展来源待核验
覆盖检查,CV02272,D3,C022,DIM-PROV,省级,无稳定公开数据,,C_S02,已读来源未提供该维度的稳定全覆盖表；本轮未建立额外逐单元来源,这是本轮证据缺口，不断言其他官方资料不存在；后续需逐表核验,原来源已查；扩展来源待核验
覆盖检查,CV02273,G1,C022,DIM-PREF,地级,无稳定公开数据,,C_S02,已读来源未提供该维度的稳定全覆盖表；本轮未建立额外逐单元来源,这是本轮证据缺口，不断言其他官方资料不存在；后续需逐表核验,原来源已查；扩展来源待核验
覆盖检查,CV02274,D3,C022,DIM-PREF,地级,无稳定公开数据,,C_S02,已读来源未提供该维度的稳定全覆盖表；本轮未建立额外逐单元来源,这是本轮证据缺口，不断言其他官方资料不存在；后续需逐表核验,原来源已查；扩展来源待核验
覆盖检查,CV02275,G1,C022,DIM-IND,行业,无稳定公开数据,,C_S02,已读来源未提供该维度的稳定全覆盖表；本轮未建立额外逐单元来源,这是本轮证据缺口，不断言其他官方资料不存在；后续需逐表核验,原来源已查；扩展来源待核验
覆盖检查,CV02276,D3,C022,DIM-IND,行业,无稳定公开数据,,C_S02,已读来源未提供该维度的稳定全覆盖表；本轮未建立额外逐单元来源,这是本轮证据缺口，不断言其他官方资料不存在；后续需逐表核验,原来源已查；扩展来源待核验
覆盖检查,CV02277,G1,C022,DIM-FIRM,企业类型,不适用,,C_S02,本指标定义不直接接受该维度拆分,不得借用同名但不同范围指标填补,适用性判断
覆盖检查,CV02278,D3,C022,DIM-FIRM,企业类型,不适用,,C_S02,本指标定义不直接接受该维度拆分,不得借用同名但不同范围指标填补,适用性判断
覆盖检查,CV02279,G1,C022,DIM-HH,居民群体,已覆盖,0—15；16—59；60+；65+（包含于60+）,C_S02,表1及注6。,31省年龄样本另见C_S10，不能直接视为此总体估计。,已读原表/定义；仅所列范围
覆盖检查,CV02280,D3,C022,DIM-HH,居民群体,已覆盖,0—15；16—59；60+；65+（包含于60+）,C_S02,表1及注6。,31省年龄样本另见C_S10，不能直接视为此总体估计。,已读原表/定义；仅所列范围
覆盖检查,CV02281,G1,C022,DIM-SEC,机构部门,无稳定公开数据,,C_S02,已读来源未提供该维度的稳定全覆盖表；本轮未建立额外逐单元来源,这是本轮证据缺口，不断言其他官方资料不存在；后续需逐表核验,原来源已查；扩展来源待核验
覆盖检查,CV02282,D3,C022,DIM-SEC,机构部门,无稳定公开数据,,C_S02,已读来源未提供该维度的稳定全覆盖表；本轮未建立额外逐单元来源,这是本轮证据缺口，不断言其他官方资料不存在；后续需逐表核验,原来源已查；扩展来源待核验
覆盖检查,CV02283,G1,C023,DIM-NAT,全国,已覆盖,全国（具体统计边界见定义）,C_S02,第一部分：2025年5.63‰；定义C_S10附人口指标解释。,,已读原表/定义；仅所列范围
覆盖检查,CV02284,D3,C023,DIM-NAT,全国,已覆盖,全国（具体统计边界见定义）,C_S02,第一部分：2025年5.63‰；定义C_S10附人口指标解释。,,已读原表/定义；仅所列范围
覆盖检查,CV02285,G1,C023,DIM-PROV,省级,无稳定公开数据,,C_S02,本轮未取得本指标31省同口径连续公开表。,这是本轮核验盲区，不表示绝对不存在。,已读原表/定义；仅所列范围
覆盖检查,CV02286,D3,C023,DIM-PROV,省级,无稳定公开数据,,C_S02,本轮未取得本指标31省同口径连续公开表。,这是本轮核验盲区，不表示绝对不存在。,已读原表/定义；仅所列范围
覆盖检查,CV02287,G1,C023,DIM-PREF,地级,无稳定公开数据,,C_S02,已读来源未提供该维度的稳定全覆盖表；本轮未建立额外逐单元来源,这是本轮证据缺口，不断言其他官方资料不存在；后续需逐表核验,原来源已查；扩展来源待核验
覆盖检查,CV02288,D3,C023,DIM-PREF,地级,无稳定公开数据,,C_S02,已读来源未提供该维度的稳定全覆盖表；本轮未建立额外逐单元来源,这是本轮证据缺口，不断言其他官方资料不存在；后续需逐表核验,原来源已查；扩展来源待核验
覆盖检查,CV02289,G1,C023,DIM-IND,行业,无稳定公开数据,,C_S02,已读来源未提供该维度的稳定全覆盖表；本轮未建立额外逐单元来源,这是本轮证据缺口，不断言其他官方资料不存在；后续需逐表核验,原来源已查；扩展来源待核验
覆盖检查,CV02290,D3,C023,DIM-IND,行业,无稳定公开数据,,C_S02,已读来源未提供该维度的稳定全覆盖表；本轮未建立额外逐单元来源,这是本轮证据缺口，不断言其他官方资料不存在；后续需逐表核验,原来源已查；扩展来源待核验
覆盖检查,CV02291,G1,C023,DIM-FIRM,企业类型,不适用,,C_S02,本指标定义不直接接受该维度拆分,不得借用同名但不同范围指标填补,适用性判断
覆盖检查,CV02292,D3,C023,DIM-FIRM,企业类型,不适用,,C_S02,本指标定义不直接接受该维度拆分,不得借用同名但不同范围指标填补,适用性判断
覆盖检查,CV02293,G1,C023,DIM-HH,居民群体,无稳定公开数据,,C_S02,已读来源未提供该维度的稳定全覆盖表；本轮未建立额外逐单元来源,这是本轮证据缺口，不断言其他官方资料不存在；后续需逐表核验,原来源已查；扩展来源待核验
覆盖检查,CV02294,D3,C023,DIM-HH,居民群体,无稳定公开数据,,C_S02,已读来源未提供该维度的稳定全覆盖表；本轮未建立额外逐单元来源,这是本轮证据缺口，不断言其他官方资料不存在；后续需逐表核验,原来源已查；扩展来源待核验
覆盖检查,CV02295,G1,C023,DIM-SEC,机构部门,无稳定公开数据,,C_S02,已读来源未提供该维度的稳定全覆盖表；本轮未建立额外逐单元来源,这是本轮证据缺口，不断言其他官方资料不存在；后续需逐表核验,原来源已查；扩展来源待核验
覆盖检查,CV02296,D3,C023,DIM-SEC,机构部门,无稳定公开数据,,C_S02,已读来源未提供该维度的稳定全覆盖表；本轮未建立额外逐单元来源,这是本轮证据缺口，不断言其他官方资料不存在；后续需逐表核验,原来源已查；扩展来源待核验
覆盖检查,CV02297,G1,C024,DIM-NAT,全国,已覆盖,全国（具体统计边界见定义）,C_S02,第一部分：2025年-2.41‰；定义C_S10附人口指标解释。,,已读原表/定义；仅所列范围
覆盖检查,CV02298,D3,C024,DIM-NAT,全国,已覆盖,全国（具体统计边界见定义）,C_S02,第一部分：2025年-2.41‰；定义C_S10附人口指标解释。,,已读原表/定义；仅所列范围
覆盖检查,CV02299,G1,C024,DIM-PROV,省级,无稳定公开数据,,C_S02,本轮未取得本指标31省同口径连续公开表。,这是本轮核验盲区，不表示绝对不存在。,已读原表/定义；仅所列范围
覆盖检查,CV02300,D3,C024,DIM-PROV,省级,无稳定公开数据,,C_S02,本轮未取得本指标31省同口径连续公开表。,这是本轮核验盲区，不表示绝对不存在。,已读原表/定义；仅所列范围
覆盖检查,CV02301,G1,C024,DIM-PREF,地级,无稳定公开数据,,C_S02,已读来源未提供该维度的稳定全覆盖表；本轮未建立额外逐单元来源,这是本轮证据缺口，不断言其他官方资料不存在；后续需逐表核验,原来源已查；扩展来源待核验
覆盖检查,CV02302,D3,C024,DIM-PREF,地级,无稳定公开数据,,C_S02,已读来源未提供该维度的稳定全覆盖表；本轮未建立额外逐单元来源,这是本轮证据缺口，不断言其他官方资料不存在；后续需逐表核验,原来源已查；扩展来源待核验
覆盖检查,CV02303,G1,C024,DIM-IND,行业,无稳定公开数据,,C_S02,已读来源未提供该维度的稳定全覆盖表；本轮未建立额外逐单元来源,这是本轮证据缺口，不断言其他官方资料不存在；后续需逐表核验,原来源已查；扩展来源待核验
覆盖检查,CV02304,D3,C024,DIM-IND,行业,无稳定公开数据,,C_S02,已读来源未提供该维度的稳定全覆盖表；本轮未建立额外逐单元来源,这是本轮证据缺口，不断言其他官方资料不存在；后续需逐表核验,原来源已查；扩展来源待核验
覆盖检查,CV02305,G1,C024,DIM-FIRM,企业类型,不适用,,C_S02,本指标定义不直接接受该维度拆分,不得借用同名但不同范围指标填补,适用性判断
覆盖检查,CV02306,D3,C024,DIM-FIRM,企业类型,不适用,,C_S02,本指标定义不直接接受该维度拆分,不得借用同名但不同范围指标填补,适用性判断
覆盖检查,CV02307,G1,C024,DIM-HH,居民群体,无稳定公开数据,,C_S02,已读来源未提供该维度的稳定全覆盖表；本轮未建立额外逐单元来源,这是本轮证据缺口，不断言其他官方资料不存在；后续需逐表核验,原来源已查；扩展来源待核验
覆盖检查,CV02308,D3,C024,DIM-HH,居民群体,无稳定公开数据,,C_S02,已读来源未提供该维度的稳定全覆盖表；本轮未建立额外逐单元来源,这是本轮证据缺口，不断言其他官方资料不存在；后续需逐表核验,原来源已查；扩展来源待核验
覆盖检查,CV02309,G1,C024,DIM-SEC,机构部门,无稳定公开数据,,C_S02,已读来源未提供该维度的稳定全覆盖表；本轮未建立额外逐单元来源,这是本轮证据缺口，不断言其他官方资料不存在；后续需逐表核验,原来源已查；扩展来源待核验
覆盖检查,CV02310,D3,C024,DIM-SEC,机构部门,无稳定公开数据,,C_S02,已读来源未提供该维度的稳定全覆盖表；本轮未建立额外逐单元来源,这是本轮证据缺口，不断言其他官方资料不存在；后续需逐表核验,原来源已查；扩展来源待核验
覆盖检查,CV02311,G1,C025,DIM-NAT,全国,已覆盖,2024人口变动抽样调查入样人口,C_S10,全国行：228905、991861、226671，合计1447437。,,已读原表/定义；仅所列范围
覆盖检查,CV02312,G1,C025,DIM-PROV,省级,已覆盖,北京；天津；河北；山西；内蒙古；辽宁；吉林；黑龙江；上海；江苏；浙江；安徽；福建；江西；山东；河南；湖北；湖南；广东；广西；海南；重庆；四川；贵州；云南；西藏；陕西；甘肃；青海；宁夏；新疆,C_S10,31省逐行样本人数及抚养比。,省级人口数是样本数。,已读原表/定义；仅所列范围
覆盖检查,CV02313,G1,C025,DIM-PREF,地级,无稳定公开数据,,C_S10,已读来源未提供该维度的稳定全覆盖表；本轮未建立额外逐单元来源,这是本轮证据缺口，不断言其他官方资料不存在；后续需逐表核验,原来源已查；扩展来源待核验
覆盖检查,CV02314,G1,C025,DIM-IND,行业,无稳定公开数据,,C_S10,已读来源未提供该维度的稳定全覆盖表；本轮未建立额外逐单元来源,这是本轮证据缺口，不断言其他官方资料不存在；后续需逐表核验,原来源已查；扩展来源待核验
覆盖检查,CV02315,G1,C025,DIM-FIRM,企业类型,不适用,,C_S10,本指标定义不直接接受该维度拆分,不得借用同名但不同范围指标填补,适用性判断
覆盖检查,CV02316,G1,C025,DIM-HH,居民群体,已覆盖,0—14；15—64；65+,C_S10,列标题。,,已读原表/定义；仅所列范围
覆盖检查,CV02317,G1,C025,DIM-SEC,机构部门,无稳定公开数据,,C_S10,已读来源未提供该维度的稳定全覆盖表；本轮未建立额外逐单元来源,这是本轮证据缺口，不断言其他官方资料不存在；后续需逐表核验,原来源已查；扩展来源待核验
覆盖检查,CV02318,G1,C026,DIM-NAT,全国,已覆盖,2024人口变动抽样调查口径,C_S10,全国行2024年45.93%；人口定义p46。,,已读原表/定义；仅所列范围
覆盖检查,CV02319,G1,C026,DIM-PROV,省级,已覆盖,北京；天津；河北；山西；内蒙古；辽宁；吉林；黑龙江；上海；江苏；浙江；安徽；福建；江西；山东；河南；湖北；湖南；广东；广西；海南；重庆；四川；贵州；云南；西藏；陕西；甘肃；青海；宁夏；新疆,C_S10,31省总、少儿、老年抚养比均列。,本轮只验证2024样本表。,已读原表/定义；仅所列范围
覆盖检查,CV02320,G1,C026,DIM-PREF,地级,无稳定公开数据,,C_S10,已读来源未提供该维度的稳定全覆盖表；本轮未建立额外逐单元来源,这是本轮证据缺口，不断言其他官方资料不存在；后续需逐表核验,原来源已查；扩展来源待核验
覆盖检查,CV02321,G1,C026,DIM-IND,行业,无稳定公开数据,,C_S10,已读来源未提供该维度的稳定全覆盖表；本轮未建立额外逐单元来源,这是本轮证据缺口，不断言其他官方资料不存在；后续需逐表核验,原来源已查；扩展来源待核验
覆盖检查,CV02322,G1,C026,DIM-FIRM,企业类型,不适用,,C_S10,本指标定义不直接接受该维度拆分,不得借用同名但不同范围指标填补,适用性判断
覆盖检查,CV02323,G1,C026,DIM-HH,居民群体,无稳定公开数据,,C_S10,已读来源未提供该维度的稳定全覆盖表；本轮未建立额外逐单元来源,这是本轮证据缺口，不断言其他官方资料不存在；后续需逐表核验,原来源已查；扩展来源待核验
覆盖检查,CV02324,G1,C026,DIM-SEC,机构部门,无稳定公开数据,,C_S10,已读来源未提供该维度的稳定全覆盖表；本轮未建立额外逐单元来源,这是本轮证据缺口，不断言其他官方资料不存在；后续需逐表核验,原来源已查；扩展来源待核验
覆盖检查,CV02325,G1,C027,DIM-NAT,全国,已覆盖,全国16—59岁人口,C_S02,第十部分：2025年11.3年，上年提高0.1年。,,已读原表/定义；仅所列范围
覆盖检查,CV02326,G4,C027,DIM-NAT,全国,已覆盖,全国16—59岁人口,C_S02,第十部分：2025年11.3年，上年提高0.1年。,,已读原表/定义；仅所列范围
覆盖检查,CV02327,I4,C027,DIM-NAT,全国,已覆盖,全国16—59岁人口,C_S02,第十部分：2025年11.3年，上年提高0.1年。,,已读原表/定义；仅所列范围
覆盖检查,CV02328,S1,C027,DIM-NAT,全国,已覆盖,全国16—59岁人口,C_S02,第十部分：2025年11.3年，上年提高0.1年。,,已读原表/定义；仅所列范围
覆盖检查,CV02329,S2,C027,DIM-NAT,全国,已覆盖,全国16—59岁人口,C_S02,第十部分：2025年11.3年，上年提高0.1年。,,已读原表/定义；仅所列范围
覆盖检查,CV02330,G1,C027,DIM-PROV,省级,无稳定公开数据,,C_S02,本轮未取得本指标31省同口径连续公开表。,这是本轮核验盲区，不表示绝对不存在。,已读原表/定义；仅所列范围
覆盖检查,CV02331,G4,C027,DIM-PROV,省级,无稳定公开数据,,C_S02,本轮未取得本指标31省同口径连续公开表。,这是本轮核验盲区，不表示绝对不存在。,已读原表/定义；仅所列范围
覆盖检查,CV02332,I4,C027,DIM-PROV,省级,无稳定公开数据,,C_S02,本轮未取得本指标31省同口径连续公开表。,这是本轮核验盲区，不表示绝对不存在。,已读原表/定义；仅所列范围
覆盖检查,CV02333,S1,C027,DIM-PROV,省级,无稳定公开数据,,C_S02,本轮未取得本指标31省同口径连续公开表。,这是本轮核验盲区，不表示绝对不存在。,已读原表/定义；仅所列范围
覆盖检查,CV02334,S2,C027,DIM-PROV,省级,无稳定公开数据,,C_S02,本轮未取得本指标31省同口径连续公开表。,这是本轮核验盲区，不表示绝对不存在。,已读原表/定义；仅所列范围
覆盖检查,CV02335,G1,C027,DIM-PREF,地级,无稳定公开数据,,C_S02,已读来源未提供该维度的稳定全覆盖表；本轮未建立额外逐单元来源,这是本轮证据缺口，不断言其他官方资料不存在；后续需逐表核验,原来源已查；扩展来源待核验
覆盖检查,CV02336,G4,C027,DIM-PREF,地级,无稳定公开数据,,C_S02,已读来源未提供该维度的稳定全覆盖表；本轮未建立额外逐单元来源,这是本轮证据缺口，不断言其他官方资料不存在；后续需逐表核验,原来源已查；扩展来源待核验
覆盖检查,CV02337,I4,C027,DIM-PREF,地级,无稳定公开数据,,C_S02,已读来源未提供该维度的稳定全覆盖表；本轮未建立额外逐单元来源,这是本轮证据缺口，不断言其他官方资料不存在；后续需逐表核验,原来源已查；扩展来源待核验
覆盖检查,CV02338,S1,C027,DIM-PREF,地级,无稳定公开数据,,C_S02,已读来源未提供该维度的稳定全覆盖表；本轮未建立额外逐单元来源,这是本轮证据缺口，不断言其他官方资料不存在；后续需逐表核验,原来源已查；扩展来源待核验
覆盖检查,CV02339,S2,C027,DIM-PREF,地级,无稳定公开数据,,C_S02,已读来源未提供该维度的稳定全覆盖表；本轮未建立额外逐单元来源,这是本轮证据缺口，不断言其他官方资料不存在；后续需逐表核验,原来源已查；扩展来源待核验
覆盖检查,CV02340,G1,C027,DIM-IND,行业,无稳定公开数据,,C_S02,已读来源未提供该维度的稳定全覆盖表；本轮未建立额外逐单元来源,这是本轮证据缺口，不断言其他官方资料不存在；后续需逐表核验,原来源已查；扩展来源待核验
覆盖检查,CV02341,G4,C027,DIM-IND,行业,无稳定公开数据,,C_S02,已读来源未提供该维度的稳定全覆盖表；本轮未建立额外逐单元来源,这是本轮证据缺口，不断言其他官方资料不存在；后续需逐表核验,原来源已查；扩展来源待核验
覆盖检查,CV02342,I4,C027,DIM-IND,行业,无稳定公开数据,,C_S02,已读来源未提供该维度的稳定全覆盖表；本轮未建立额外逐单元来源,这是本轮证据缺口，不断言其他官方资料不存在；后续需逐表核验,原来源已查；扩展来源待核验
覆盖检查,CV02343,S1,C027,DIM-IND,行业,无稳定公开数据,,C_S02,已读来源未提供该维度的稳定全覆盖表；本轮未建立额外逐单元来源,这是本轮证据缺口，不断言其他官方资料不存在；后续需逐表核验,原来源已查；扩展来源待核验
覆盖检查,CV02344,S2,C027,DIM-IND,行业,无稳定公开数据,,C_S02,已读来源未提供该维度的稳定全覆盖表；本轮未建立额外逐单元来源,这是本轮证据缺口，不断言其他官方资料不存在；后续需逐表核验,原来源已查；扩展来源待核验
覆盖检查,CV02345,G1,C027,DIM-FIRM,企业类型,不适用,,C_S02,本指标定义不直接接受该维度拆分,不得借用同名但不同范围指标填补,适用性判断
覆盖检查,CV02346,G4,C027,DIM-FIRM,企业类型,不适用,,C_S02,本指标定义不直接接受该维度拆分,不得借用同名但不同范围指标填补,适用性判断
覆盖检查,CV02347,I4,C027,DIM-FIRM,企业类型,不适用,,C_S02,本指标定义不直接接受该维度拆分,不得借用同名但不同范围指标填补,适用性判断
覆盖检查,CV02348,S1,C027,DIM-FIRM,企业类型,不适用,,C_S02,本指标定义不直接接受该维度拆分,不得借用同名但不同范围指标填补,适用性判断
覆盖检查,CV02349,S2,C027,DIM-FIRM,企业类型,不适用,,C_S02,本指标定义不直接接受该维度拆分,不得借用同名但不同范围指标填补,适用性判断
覆盖检查,CV02350,G1,C027,DIM-HH,居民群体,无稳定公开数据,,C_S02,已读来源未提供该维度的稳定全覆盖表；本轮未建立额外逐单元来源,这是本轮证据缺口，不断言其他官方资料不存在；后续需逐表核验,原来源已查；扩展来源待核验
覆盖检查,CV02351,G4,C027,DIM-HH,居民群体,无稳定公开数据,,C_S02,已读来源未提供该维度的稳定全覆盖表；本轮未建立额外逐单元来源,这是本轮证据缺口，不断言其他官方资料不存在；后续需逐表核验,原来源已查；扩展来源待核验
覆盖检查,CV02352,I4,C027,DIM-HH,居民群体,无稳定公开数据,,C_S02,已读来源未提供该维度的稳定全覆盖表；本轮未建立额外逐单元来源,这是本轮证据缺口，不断言其他官方资料不存在；后续需逐表核验,原来源已查；扩展来源待核验
覆盖检查,CV02353,S1,C027,DIM-HH,居民群体,无稳定公开数据,,C_S02,已读来源未提供该维度的稳定全覆盖表；本轮未建立额外逐单元来源,这是本轮证据缺口，不断言其他官方资料不存在；后续需逐表核验,原来源已查；扩展来源待核验
覆盖检查,CV02354,S2,C027,DIM-HH,居民群体,无稳定公开数据,,C_S02,已读来源未提供该维度的稳定全覆盖表；本轮未建立额外逐单元来源,这是本轮证据缺口，不断言其他官方资料不存在；后续需逐表核验,原来源已查；扩展来源待核验
覆盖检查,CV02355,G1,C027,DIM-SEC,机构部门,无稳定公开数据,,C_S02,已读来源未提供该维度的稳定全覆盖表；本轮未建立额外逐单元来源,这是本轮证据缺口，不断言其他官方资料不存在；后续需逐表核验,原来源已查；扩展来源待核验
覆盖检查,CV02356,G4,C027,DIM-SEC,机构部门,无稳定公开数据,,C_S02,已读来源未提供该维度的稳定全覆盖表；本轮未建立额外逐单元来源,这是本轮证据缺口，不断言其他官方资料不存在；后续需逐表核验,原来源已查；扩展来源待核验
覆盖检查,CV02357,I4,C027,DIM-SEC,机构部门,无稳定公开数据,,C_S02,已读来源未提供该维度的稳定全覆盖表；本轮未建立额外逐单元来源,这是本轮证据缺口，不断言其他官方资料不存在；后续需逐表核验,原来源已查；扩展来源待核验
覆盖检查,CV02358,S1,C027,DIM-SEC,机构部门,无稳定公开数据,,C_S02,已读来源未提供该维度的稳定全覆盖表；本轮未建立额外逐单元来源,这是本轮证据缺口，不断言其他官方资料不存在；后续需逐表核验,原来源已查；扩展来源待核验
覆盖检查,CV02359,S2,C027,DIM-SEC,机构部门,无稳定公开数据,,C_S02,已读来源未提供该维度的稳定全覆盖表；本轮未建立额外逐单元来源,这是本轮证据缺口，不断言其他官方资料不存在；后续需逐表核验,原来源已查；扩展来源待核验
覆盖检查,CV02360,G1,C028,DIM-NAT,全国,已覆盖,教育部教育事业统计范围,C_S03；C_S18,综合：2025年61.30%,完整定义含军事院校本专科及其他学历折合学生。,已读原表/定义；仅所列范围
覆盖检查,CV02361,S2,C028,DIM-NAT,全国,已覆盖,教育部教育事业统计范围,C_S03；C_S18,综合：2025年61.30%,完整定义含军事院校本专科及其他学历折合学生。,已读原表/定义；仅所列范围
覆盖检查,CV02362,G1,C028,DIM-PROV,省级,不适用,,C_S18,C_S18第13项明确高等教育毛入学率只适用于国家级。,省级自定义毛率不得直接并入此国家级口径。,已读原表/定义；仅所列范围
覆盖检查,CV02363,S2,C028,DIM-PROV,省级,不适用,,C_S18,C_S18第13项明确高等教育毛入学率只适用于国家级。,省级自定义毛率不得直接并入此国家级口径。,已读原表/定义；仅所列范围
覆盖检查,CV02364,G1,C028,DIM-PREF,地级,无稳定公开数据,,C_S03,已读来源未提供该维度的稳定全覆盖表；本轮未建立额外逐单元来源,这是本轮证据缺口，不断言其他官方资料不存在；后续需逐表核验,原来源已查；扩展来源待核验
覆盖检查,CV02365,S2,C028,DIM-PREF,地级,无稳定公开数据,,C_S03,已读来源未提供该维度的稳定全覆盖表；本轮未建立额外逐单元来源,这是本轮证据缺口，不断言其他官方资料不存在；后续需逐表核验,原来源已查；扩展来源待核验
覆盖检查,CV02366,G1,C028,DIM-IND,行业,无稳定公开数据,,C_S03,已读来源未提供该维度的稳定全覆盖表；本轮未建立额外逐单元来源,这是本轮证据缺口，不断言其他官方资料不存在；后续需逐表核验,原来源已查；扩展来源待核验
覆盖检查,CV02367,S2,C028,DIM-IND,行业,无稳定公开数据,,C_S03,已读来源未提供该维度的稳定全覆盖表；本轮未建立额外逐单元来源,这是本轮证据缺口，不断言其他官方资料不存在；后续需逐表核验,原来源已查；扩展来源待核验
覆盖检查,CV02368,G1,C028,DIM-FIRM,企业类型,不适用,,C_S03,本指标定义不直接接受该维度拆分,不得借用同名但不同范围指标填补,适用性判断
覆盖检查,CV02369,S2,C028,DIM-FIRM,企业类型,不适用,,C_S03,本指标定义不直接接受该维度拆分,不得借用同名但不同范围指标填补,适用性判断
覆盖检查,CV02370,G1,C028,DIM-HH,居民群体,无稳定公开数据,,C_S03,已读来源未提供该维度的稳定全覆盖表；本轮未建立额外逐单元来源,这是本轮证据缺口，不断言其他官方资料不存在；后续需逐表核验,原来源已查；扩展来源待核验
覆盖检查,CV02371,S2,C028,DIM-HH,居民群体,无稳定公开数据,,C_S03,已读来源未提供该维度的稳定全覆盖表；本轮未建立额外逐单元来源,这是本轮证据缺口，不断言其他官方资料不存在；后续需逐表核验,原来源已查；扩展来源待核验
覆盖检查,CV02372,G1,C028,DIM-SEC,机构部门,无稳定公开数据,,C_S03,已读来源未提供该维度的稳定全覆盖表；本轮未建立额外逐单元来源,这是本轮证据缺口，不断言其他官方资料不存在；后续需逐表核验,原来源已查；扩展来源待核验
覆盖检查,CV02373,S2,C028,DIM-SEC,机构部门,无稳定公开数据,,C_S03,已读来源未提供该维度的稳定全覆盖表；本轮未建立额外逐单元来源,这是本轮证据缺口，不断言其他官方资料不存在；后续需逐表核验,原来源已查；扩展来源待核验
覆盖检查,CV02374,G1,C029,DIM-NAT,全国,已覆盖,教育部教育事业统计范围,C_S03,综合及注4：2025年96.10%,,已读原表/定义；仅所列范围
覆盖检查,CV02375,S2,C029,DIM-NAT,全国,已覆盖,教育部教育事业统计范围,C_S03,综合及注4：2025年96.10%,,已读原表/定义；仅所列范围
覆盖检查,CV02376,G1,C029,DIM-PROV,省级,无稳定公开数据,,C_S03,本轮未取得本指标31省同口径连续公开表。,这是本轮核验盲区，不表示绝对不存在。,已读原表/定义；仅所列范围
覆盖检查,CV02377,S2,C029,DIM-PROV,省级,无稳定公开数据,,C_S03,本轮未取得本指标31省同口径连续公开表。,这是本轮核验盲区，不表示绝对不存在。,已读原表/定义；仅所列范围
覆盖检查,CV02378,G1,C029,DIM-PREF,地级,无稳定公开数据,,C_S03,已读来源未提供该维度的稳定全覆盖表；本轮未建立额外逐单元来源,这是本轮证据缺口，不断言其他官方资料不存在；后续需逐表核验,原来源已查；扩展来源待核验
覆盖检查,CV02379,S2,C029,DIM-PREF,地级,无稳定公开数据,,C_S03,已读来源未提供该维度的稳定全覆盖表；本轮未建立额外逐单元来源,这是本轮证据缺口，不断言其他官方资料不存在；后续需逐表核验,原来源已查；扩展来源待核验
覆盖检查,CV02380,G1,C029,DIM-IND,行业,无稳定公开数据,,C_S03,已读来源未提供该维度的稳定全覆盖表；本轮未建立额外逐单元来源,这是本轮证据缺口，不断言其他官方资料不存在；后续需逐表核验,原来源已查；扩展来源待核验
覆盖检查,CV02381,S2,C029,DIM-IND,行业,无稳定公开数据,,C_S03,已读来源未提供该维度的稳定全覆盖表；本轮未建立额外逐单元来源,这是本轮证据缺口，不断言其他官方资料不存在；后续需逐表核验,原来源已查；扩展来源待核验
覆盖检查,CV02382,G1,C029,DIM-FIRM,企业类型,不适用,,C_S03,本指标定义不直接接受该维度拆分,不得借用同名但不同范围指标填补,适用性判断
覆盖检查,CV02383,S2,C029,DIM-FIRM,企业类型,不适用,,C_S03,本指标定义不直接接受该维度拆分,不得借用同名但不同范围指标填补,适用性判断
覆盖检查,CV02384,G1,C029,DIM-HH,居民群体,无稳定公开数据,,C_S03,已读来源未提供该维度的稳定全覆盖表；本轮未建立额外逐单元来源,这是本轮证据缺口，不断言其他官方资料不存在；后续需逐表核验,原来源已查；扩展来源待核验
覆盖检查,CV02385,S2,C029,DIM-HH,居民群体,无稳定公开数据,,C_S03,已读来源未提供该维度的稳定全覆盖表；本轮未建立额外逐单元来源,这是本轮证据缺口，不断言其他官方资料不存在；后续需逐表核验,原来源已查；扩展来源待核验
覆盖检查,CV02386,G1,C029,DIM-SEC,机构部门,无稳定公开数据,,C_S03,已读来源未提供该维度的稳定全覆盖表；本轮未建立额外逐单元来源,这是本轮证据缺口，不断言其他官方资料不存在；后续需逐表核验,原来源已查；扩展来源待核验
覆盖检查,CV02387,S2,C029,DIM-SEC,机构部门,无稳定公开数据,,C_S03,已读来源未提供该维度的稳定全覆盖表；本轮未建立额外逐单元来源,这是本轮证据缺口，不断言其他官方资料不存在；后续需逐表核验,原来源已查；扩展来源待核验
覆盖检查,CV02388,G1,C030,DIM-NAT,全国,已覆盖,教育部教育统计口径,C_S03,高等教育：2025年1105.10万人,,已读原表/定义；仅所列范围
覆盖检查,CV02389,I4,C030,DIM-NAT,全国,已覆盖,教育部教育统计口径,C_S03,高等教育：2025年1105.10万人,,已读原表/定义；仅所列范围
覆盖检查,CV02390,S1,C030,DIM-NAT,全国,已覆盖,教育部教育统计口径,C_S03,高等教育：2025年1105.10万人,,已读原表/定义；仅所列范围
覆盖检查,CV02391,S2,C030,DIM-NAT,全国,已覆盖,教育部教育统计口径,C_S03,高等教育：2025年1105.10万人,,已读原表/定义；仅所列范围
覆盖检查,CV02392,G1,C030,DIM-PROV,省级,无稳定公开数据,,C_S03,已读来源未提供该维度的稳定全覆盖表；本轮未建立额外逐单元来源,这是本轮证据缺口，不断言其他官方资料不存在；后续需逐表核验,原来源已查；扩展来源待核验
覆盖检查,CV02393,I4,C030,DIM-PROV,省级,无稳定公开数据,,C_S03,已读来源未提供该维度的稳定全覆盖表；本轮未建立额外逐单元来源,这是本轮证据缺口，不断言其他官方资料不存在；后续需逐表核验,原来源已查；扩展来源待核验
覆盖检查,CV02394,S1,C030,DIM-PROV,省级,无稳定公开数据,,C_S03,已读来源未提供该维度的稳定全覆盖表；本轮未建立额外逐单元来源,这是本轮证据缺口，不断言其他官方资料不存在；后续需逐表核验,原来源已查；扩展来源待核验
覆盖检查,CV02395,S2,C030,DIM-PROV,省级,无稳定公开数据,,C_S03,已读来源未提供该维度的稳定全覆盖表；本轮未建立额外逐单元来源,这是本轮证据缺口，不断言其他官方资料不存在；后续需逐表核验,原来源已查；扩展来源待核验
覆盖检查,CV02396,G1,C030,DIM-PREF,地级,无稳定公开数据,,C_S03,已读来源未提供该维度的稳定全覆盖表；本轮未建立额外逐单元来源,这是本轮证据缺口，不断言其他官方资料不存在；后续需逐表核验,原来源已查；扩展来源待核验
覆盖检查,CV02397,I4,C030,DIM-PREF,地级,无稳定公开数据,,C_S03,已读来源未提供该维度的稳定全覆盖表；本轮未建立额外逐单元来源,这是本轮证据缺口，不断言其他官方资料不存在；后续需逐表核验,原来源已查；扩展来源待核验
覆盖检查,CV02398,S1,C030,DIM-PREF,地级,无稳定公开数据,,C_S03,已读来源未提供该维度的稳定全覆盖表；本轮未建立额外逐单元来源,这是本轮证据缺口，不断言其他官方资料不存在；后续需逐表核验,原来源已查；扩展来源待核验
覆盖检查,CV02399,S2,C030,DIM-PREF,地级,无稳定公开数据,,C_S03,已读来源未提供该维度的稳定全覆盖表；本轮未建立额外逐单元来源,这是本轮证据缺口，不断言其他官方资料不存在；后续需逐表核验,原来源已查；扩展来源待核验
覆盖检查,CV02400,G1,C030,DIM-IND,行业,无稳定公开数据,,C_S03,已读来源未提供该维度的稳定全覆盖表；本轮未建立额外逐单元来源,这是本轮证据缺口，不断言其他官方资料不存在；后续需逐表核验,原来源已查；扩展来源待核验
覆盖检查,CV02401,I4,C030,DIM-IND,行业,无稳定公开数据,,C_S03,已读来源未提供该维度的稳定全覆盖表；本轮未建立额外逐单元来源,这是本轮证据缺口，不断言其他官方资料不存在；后续需逐表核验,原来源已查；扩展来源待核验
覆盖检查,CV02402,S1,C030,DIM-IND,行业,无稳定公开数据,,C_S03,已读来源未提供该维度的稳定全覆盖表；本轮未建立额外逐单元来源,这是本轮证据缺口，不断言其他官方资料不存在；后续需逐表核验,原来源已查；扩展来源待核验
覆盖检查,CV02403,S2,C030,DIM-IND,行业,无稳定公开数据,,C_S03,已读来源未提供该维度的稳定全覆盖表；本轮未建立额外逐单元来源,这是本轮证据缺口，不断言其他官方资料不存在；后续需逐表核验,原来源已查；扩展来源待核验
覆盖检查,CV02404,G1,C030,DIM-FIRM,企业类型,不适用,,C_S03,本指标定义不直接接受该维度拆分,不得借用同名但不同范围指标填补,适用性判断
覆盖检查,CV02405,I4,C030,DIM-FIRM,企业类型,不适用,,C_S03,本指标定义不直接接受该维度拆分,不得借用同名但不同范围指标填补,适用性判断
覆盖检查,CV02406,S1,C030,DIM-FIRM,企业类型,不适用,,C_S03,本指标定义不直接接受该维度拆分,不得借用同名但不同范围指标填补,适用性判断
覆盖检查,CV02407,S2,C030,DIM-FIRM,企业类型,不适用,,C_S03,本指标定义不直接接受该维度拆分,不得借用同名但不同范围指标填补,适用性判断
覆盖检查,CV02408,G1,C030,DIM-HH,居民群体,已覆盖,普通本科；职业本科；高职专科,C_S03,高等教育正文。,无本轮已核验省份或专业完整分表。,已读原表/定义；仅所列范围
覆盖检查,CV02409,I4,C030,DIM-HH,居民群体,已覆盖,普通本科；职业本科；高职专科,C_S03,高等教育正文。,无本轮已核验省份或专业完整分表。,已读原表/定义；仅所列范围
覆盖检查,CV02410,S1,C030,DIM-HH,居民群体,已覆盖,普通本科；职业本科；高职专科,C_S03,高等教育正文。,无本轮已核验省份或专业完整分表。,已读原表/定义；仅所列范围
覆盖检查,CV02411,S2,C030,DIM-HH,居民群体,已覆盖,普通本科；职业本科；高职专科,C_S03,高等教育正文。,无本轮已核验省份或专业完整分表。,已读原表/定义；仅所列范围
覆盖检查,CV02412,G1,C030,DIM-SEC,机构部门,无稳定公开数据,,C_S03,已读来源未提供该维度的稳定全覆盖表；本轮未建立额外逐单元来源,这是本轮证据缺口，不断言其他官方资料不存在；后续需逐表核验,原来源已查；扩展来源待核验
覆盖检查,CV02413,I4,C030,DIM-SEC,机构部门,无稳定公开数据,,C_S03,已读来源未提供该维度的稳定全覆盖表；本轮未建立额外逐单元来源,这是本轮证据缺口，不断言其他官方资料不存在；后续需逐表核验,原来源已查；扩展来源待核验
覆盖检查,CV02414,S1,C030,DIM-SEC,机构部门,无稳定公开数据,,C_S03,已读来源未提供该维度的稳定全覆盖表；本轮未建立额外逐单元来源,这是本轮证据缺口，不断言其他官方资料不存在；后续需逐表核验,原来源已查；扩展来源待核验
覆盖检查,CV02415,S2,C030,DIM-SEC,机构部门,无稳定公开数据,,C_S03,已读来源未提供该维度的稳定全覆盖表；本轮未建立额外逐单元来源,这是本轮证据缺口，不断言其他官方资料不存在；后续需逐表核验,原来源已查；扩展来源待核验
覆盖检查,CV02416,G1,C031,DIM-NAT,全国,已覆盖,教育部教育统计口径,C_S03,高等教育：2025年116.65万人，博士11.29、硕士105.36,,已读原表/定义；仅所列范围
覆盖检查,CV02417,I4,C031,DIM-NAT,全国,已覆盖,教育部教育统计口径,C_S03,高等教育：2025年116.65万人，博士11.29、硕士105.36,,已读原表/定义；仅所列范围
覆盖检查,CV02418,S2,C031,DIM-NAT,全国,已覆盖,教育部教育统计口径,C_S03,高等教育：2025年116.65万人，博士11.29、硕士105.36,,已读原表/定义；仅所列范围
覆盖检查,CV02419,G1,C031,DIM-PROV,省级,无稳定公开数据,,C_S03,已读来源未提供该维度的稳定全覆盖表；本轮未建立额外逐单元来源,这是本轮证据缺口，不断言其他官方资料不存在；后续需逐表核验,原来源已查；扩展来源待核验
覆盖检查,CV02420,I4,C031,DIM-PROV,省级,无稳定公开数据,,C_S03,已读来源未提供该维度的稳定全覆盖表；本轮未建立额外逐单元来源,这是本轮证据缺口，不断言其他官方资料不存在；后续需逐表核验,原来源已查；扩展来源待核验
覆盖检查,CV02421,S2,C031,DIM-PROV,省级,无稳定公开数据,,C_S03,已读来源未提供该维度的稳定全覆盖表；本轮未建立额外逐单元来源,这是本轮证据缺口，不断言其他官方资料不存在；后续需逐表核验,原来源已查；扩展来源待核验
覆盖检查,CV02422,G1,C031,DIM-PREF,地级,无稳定公开数据,,C_S03,已读来源未提供该维度的稳定全覆盖表；本轮未建立额外逐单元来源,这是本轮证据缺口，不断言其他官方资料不存在；后续需逐表核验,原来源已查；扩展来源待核验
覆盖检查,CV02423,I4,C031,DIM-PREF,地级,无稳定公开数据,,C_S03,已读来源未提供该维度的稳定全覆盖表；本轮未建立额外逐单元来源,这是本轮证据缺口，不断言其他官方资料不存在；后续需逐表核验,原来源已查；扩展来源待核验
覆盖检查,CV02424,S2,C031,DIM-PREF,地级,无稳定公开数据,,C_S03,已读来源未提供该维度的稳定全覆盖表；本轮未建立额外逐单元来源,这是本轮证据缺口，不断言其他官方资料不存在；后续需逐表核验,原来源已查；扩展来源待核验
覆盖检查,CV02425,G1,C031,DIM-IND,行业,无稳定公开数据,,C_S03,已读来源未提供该维度的稳定全覆盖表；本轮未建立额外逐单元来源,这是本轮证据缺口，不断言其他官方资料不存在；后续需逐表核验,原来源已查；扩展来源待核验
覆盖检查,CV02426,I4,C031,DIM-IND,行业,无稳定公开数据,,C_S03,已读来源未提供该维度的稳定全覆盖表；本轮未建立额外逐单元来源,这是本轮证据缺口，不断言其他官方资料不存在；后续需逐表核验,原来源已查；扩展来源待核验
覆盖检查,CV02427,S2,C031,DIM-IND,行业,无稳定公开数据,,C_S03,已读来源未提供该维度的稳定全覆盖表；本轮未建立额外逐单元来源,这是本轮证据缺口，不断言其他官方资料不存在；后续需逐表核验,原来源已查；扩展来源待核验
覆盖检查,CV02428,G1,C031,DIM-FIRM,企业类型,不适用,,C_S03,本指标定义不直接接受该维度拆分,不得借用同名但不同范围指标填补,适用性判断
覆盖检查,CV02429,I4,C031,DIM-FIRM,企业类型,不适用,,C_S03,本指标定义不直接接受该维度拆分,不得借用同名但不同范围指标填补,适用性判断
覆盖检查,CV02430,S2,C031,DIM-FIRM,企业类型,不适用,,C_S03,本指标定义不直接接受该维度拆分,不得借用同名但不同范围指标填补,适用性判断
覆盖检查,CV02431,G1,C031,DIM-HH,居民群体,已覆盖,博士；硕士,C_S03,高等教育正文。,无本轮已核验省份或专业完整分表。,已读原表/定义；仅所列范围
覆盖检查,CV02432,I4,C031,DIM-HH,居民群体,已覆盖,博士；硕士,C_S03,高等教育正文。,无本轮已核验省份或专业完整分表。,已读原表/定义；仅所列范围
覆盖检查,CV02433,S2,C031,DIM-HH,居民群体,已覆盖,博士；硕士,C_S03,高等教育正文。,无本轮已核验省份或专业完整分表。,已读原表/定义；仅所列范围
覆盖检查,CV02434,G1,C031,DIM-SEC,机构部门,无稳定公开数据,,C_S03,已读来源未提供该维度的稳定全覆盖表；本轮未建立额外逐单元来源,这是本轮证据缺口，不断言其他官方资料不存在；后续需逐表核验,原来源已查；扩展来源待核验
覆盖检查,CV02435,I4,C031,DIM-SEC,机构部门,无稳定公开数据,,C_S03,已读来源未提供该维度的稳定全覆盖表；本轮未建立额外逐单元来源,这是本轮证据缺口，不断言其他官方资料不存在；后续需逐表核验,原来源已查；扩展来源待核验
覆盖检查,CV02436,S2,C031,DIM-SEC,机构部门,无稳定公开数据,,C_S03,已读来源未提供该维度的稳定全覆盖表；本轮未建立额外逐单元来源,这是本轮证据缺口，不断言其他官方资料不存在；后续需逐表核验,原来源已查；扩展来源待核验
覆盖检查,CV02437,G1,C032,DIM-NAT,全国,已覆盖,教育部教育统计口径,C_S03,高等教育：2025年429.95万人，博士75.36、硕士354.60,,已读原表/定义；仅所列范围
覆盖检查,CV02438,S2,C032,DIM-NAT,全国,已覆盖,教育部教育统计口径,C_S03,高等教育：2025年429.95万人，博士75.36、硕士354.60,,已读原表/定义；仅所列范围
覆盖检查,CV02439,G1,C032,DIM-PROV,省级,无稳定公开数据,,C_S03,已读来源未提供该维度的稳定全覆盖表；本轮未建立额外逐单元来源,这是本轮证据缺口，不断言其他官方资料不存在；后续需逐表核验,原来源已查；扩展来源待核验
覆盖检查,CV02440,S2,C032,DIM-PROV,省级,无稳定公开数据,,C_S03,已读来源未提供该维度的稳定全覆盖表；本轮未建立额外逐单元来源,这是本轮证据缺口，不断言其他官方资料不存在；后续需逐表核验,原来源已查；扩展来源待核验
覆盖检查,CV02441,G1,C032,DIM-PREF,地级,无稳定公开数据,,C_S03,已读来源未提供该维度的稳定全覆盖表；本轮未建立额外逐单元来源,这是本轮证据缺口，不断言其他官方资料不存在；后续需逐表核验,原来源已查；扩展来源待核验
覆盖检查,CV02442,S2,C032,DIM-PREF,地级,无稳定公开数据,,C_S03,已读来源未提供该维度的稳定全覆盖表；本轮未建立额外逐单元来源,这是本轮证据缺口，不断言其他官方资料不存在；后续需逐表核验,原来源已查；扩展来源待核验
覆盖检查,CV02443,G1,C032,DIM-IND,行业,无稳定公开数据,,C_S03,已读来源未提供该维度的稳定全覆盖表；本轮未建立额外逐单元来源,这是本轮证据缺口，不断言其他官方资料不存在；后续需逐表核验,原来源已查；扩展来源待核验
覆盖检查,CV02444,S2,C032,DIM-IND,行业,无稳定公开数据,,C_S03,已读来源未提供该维度的稳定全覆盖表；本轮未建立额外逐单元来源,这是本轮证据缺口，不断言其他官方资料不存在；后续需逐表核验,原来源已查；扩展来源待核验
覆盖检查,CV02445,G1,C032,DIM-FIRM,企业类型,不适用,,C_S03,本指标定义不直接接受该维度拆分,不得借用同名但不同范围指标填补,适用性判断
覆盖检查,CV02446,S2,C032,DIM-FIRM,企业类型,不适用,,C_S03,本指标定义不直接接受该维度拆分,不得借用同名但不同范围指标填补,适用性判断
覆盖检查,CV02447,G1,C032,DIM-HH,居民群体,已覆盖,博士；硕士,C_S03,高等教育正文。,无本轮已核验省份或专业完整分表。,已读原表/定义；仅所列范围
覆盖检查,CV02448,S2,C032,DIM-HH,居民群体,已覆盖,博士；硕士,C_S03,高等教育正文。,无本轮已核验省份或专业完整分表。,已读原表/定义；仅所列范围
覆盖检查,CV02449,G1,C032,DIM-SEC,机构部门,无稳定公开数据,,C_S03,已读来源未提供该维度的稳定全覆盖表；本轮未建立额外逐单元来源,这是本轮证据缺口，不断言其他官方资料不存在；后续需逐表核验,原来源已查；扩展来源待核验
覆盖检查,CV02450,S2,C032,DIM-SEC,机构部门,无稳定公开数据,,C_S03,已读来源未提供该维度的稳定全覆盖表；本轮未建立额外逐单元来源,这是本轮证据缺口，不断言其他官方资料不存在；后续需逐表核验,原来源已查；扩展来源待核验
覆盖检查,CV02451,G1,C033,DIM-NAT,全国,已覆盖,全国（具体统计边界见定义）,C_S03,高等教育及注27：2025年222.36万人。,,已读原表/定义；仅所列范围
覆盖检查,CV02452,G4,C033,DIM-NAT,全国,已覆盖,全国（具体统计边界见定义）,C_S03,高等教育及注27：2025年222.36万人。,,已读原表/定义；仅所列范围
覆盖检查,CV02453,S1,C033,DIM-NAT,全国,已覆盖,全国（具体统计边界见定义）,C_S03,高等教育及注27：2025年222.36万人。,,已读原表/定义；仅所列范围
覆盖检查,CV02454,S2,C033,DIM-NAT,全国,已覆盖,全国（具体统计边界见定义）,C_S03,高等教育及注27：2025年222.36万人。,,已读原表/定义；仅所列范围
覆盖检查,CV02455,G1,C033,DIM-PROV,省级,无稳定公开数据,,C_S03,已读来源未提供该维度的稳定全覆盖表；本轮未建立额外逐单元来源,这是本轮证据缺口，不断言其他官方资料不存在；后续需逐表核验,原来源已查；扩展来源待核验
覆盖检查,CV02456,G4,C033,DIM-PROV,省级,无稳定公开数据,,C_S03,已读来源未提供该维度的稳定全覆盖表；本轮未建立额外逐单元来源,这是本轮证据缺口，不断言其他官方资料不存在；后续需逐表核验,原来源已查；扩展来源待核验
覆盖检查,CV02457,S1,C033,DIM-PROV,省级,无稳定公开数据,,C_S03,已读来源未提供该维度的稳定全覆盖表；本轮未建立额外逐单元来源,这是本轮证据缺口，不断言其他官方资料不存在；后续需逐表核验,原来源已查；扩展来源待核验
覆盖检查,CV02458,S2,C033,DIM-PROV,省级,无稳定公开数据,,C_S03,已读来源未提供该维度的稳定全覆盖表；本轮未建立额外逐单元来源,这是本轮证据缺口，不断言其他官方资料不存在；后续需逐表核验,原来源已查；扩展来源待核验
覆盖检查,CV02459,G1,C033,DIM-PREF,地级,无稳定公开数据,,C_S03,已读来源未提供该维度的稳定全覆盖表；本轮未建立额外逐单元来源,这是本轮证据缺口，不断言其他官方资料不存在；后续需逐表核验,原来源已查；扩展来源待核验
覆盖检查,CV02460,G4,C033,DIM-PREF,地级,无稳定公开数据,,C_S03,已读来源未提供该维度的稳定全覆盖表；本轮未建立额外逐单元来源,这是本轮证据缺口，不断言其他官方资料不存在；后续需逐表核验,原来源已查；扩展来源待核验
覆盖检查,CV02461,S1,C033,DIM-PREF,地级,无稳定公开数据,,C_S03,已读来源未提供该维度的稳定全覆盖表；本轮未建立额外逐单元来源,这是本轮证据缺口，不断言其他官方资料不存在；后续需逐表核验,原来源已查；扩展来源待核验
覆盖检查,CV02462,S2,C033,DIM-PREF,地级,无稳定公开数据,,C_S03,已读来源未提供该维度的稳定全覆盖表；本轮未建立额外逐单元来源,这是本轮证据缺口，不断言其他官方资料不存在；后续需逐表核验,原来源已查；扩展来源待核验
覆盖检查,CV02463,G1,C033,DIM-IND,行业,无稳定公开数据,,C_S03,已读来源未提供该维度的稳定全覆盖表；本轮未建立额外逐单元来源,这是本轮证据缺口，不断言其他官方资料不存在；后续需逐表核验,原来源已查；扩展来源待核验
覆盖检查,CV02464,G4,C033,DIM-IND,行业,无稳定公开数据,,C_S03,已读来源未提供该维度的稳定全覆盖表；本轮未建立额外逐单元来源,这是本轮证据缺口，不断言其他官方资料不存在；后续需逐表核验,原来源已查；扩展来源待核验
覆盖检查,CV02465,S1,C033,DIM-IND,行业,无稳定公开数据,,C_S03,已读来源未提供该维度的稳定全覆盖表；本轮未建立额外逐单元来源,这是本轮证据缺口，不断言其他官方资料不存在；后续需逐表核验,原来源已查；扩展来源待核验
覆盖检查,CV02466,S2,C033,DIM-IND,行业,无稳定公开数据,,C_S03,已读来源未提供该维度的稳定全覆盖表；本轮未建立额外逐单元来源,这是本轮证据缺口，不断言其他官方资料不存在；后续需逐表核验,原来源已查；扩展来源待核验
覆盖检查,CV02467,G1,C033,DIM-FIRM,企业类型,不适用,,C_S03,本指标定义不直接接受该维度拆分,不得借用同名但不同范围指标填补,适用性判断
覆盖检查,CV02468,G4,C033,DIM-FIRM,企业类型,不适用,,C_S03,本指标定义不直接接受该维度拆分,不得借用同名但不同范围指标填补,适用性判断
覆盖检查,CV02469,S1,C033,DIM-FIRM,企业类型,不适用,,C_S03,本指标定义不直接接受该维度拆分,不得借用同名但不同范围指标填补,适用性判断
覆盖检查,CV02470,S2,C033,DIM-FIRM,企业类型,不适用,,C_S03,本指标定义不直接接受该维度拆分,不得借用同名但不同范围指标填补,适用性判断
覆盖检查,CV02471,G1,C033,DIM-HH,居民群体,无稳定公开数据,,C_S03,已读来源未提供该维度的稳定全覆盖表；本轮未建立额外逐单元来源,这是本轮证据缺口，不断言其他官方资料不存在；后续需逐表核验,原来源已查；扩展来源待核验
覆盖检查,CV02472,G4,C033,DIM-HH,居民群体,无稳定公开数据,,C_S03,已读来源未提供该维度的稳定全覆盖表；本轮未建立额外逐单元来源,这是本轮证据缺口，不断言其他官方资料不存在；后续需逐表核验,原来源已查；扩展来源待核验
覆盖检查,CV02473,S1,C033,DIM-HH,居民群体,无稳定公开数据,,C_S03,已读来源未提供该维度的稳定全覆盖表；本轮未建立额外逐单元来源,这是本轮证据缺口，不断言其他官方资料不存在；后续需逐表核验,原来源已查；扩展来源待核验
覆盖检查,CV02474,S2,C033,DIM-HH,居民群体,无稳定公开数据,,C_S03,已读来源未提供该维度的稳定全覆盖表；本轮未建立额外逐单元来源,这是本轮证据缺口，不断言其他官方资料不存在；后续需逐表核验,原来源已查；扩展来源待核验
覆盖检查,CV02475,G1,C033,DIM-SEC,机构部门,部分覆盖,普通本科高校；职业本科高校；高职专科高校；成人高校,C_S03,高等教育正文分项。,学校类别不是国民账户机构部门。,已读原表/定义；仅所列范围
覆盖检查,CV02476,G4,C033,DIM-SEC,机构部门,部分覆盖,普通本科高校；职业本科高校；高职专科高校；成人高校,C_S03,高等教育正文分项。,学校类别不是国民账户机构部门。,已读原表/定义；仅所列范围
覆盖检查,CV02477,S1,C033,DIM-SEC,机构部门,部分覆盖,普通本科高校；职业本科高校；高职专科高校；成人高校,C_S03,高等教育正文分项。,学校类别不是国民账户机构部门。,已读原表/定义；仅所列范围
覆盖检查,CV02478,S2,C033,DIM-SEC,机构部门,部分覆盖,普通本科高校；职业本科高校；高职专科高校；成人高校,C_S03,高等教育正文分项。,学校类别不是国民账户机构部门。,已读原表/定义；仅所列范围
覆盖检查,CV02479,K3,C034,DIM-NAT,全国,已覆盖,全国（具体统计边界见定义）,C_S04,2025年全国36231，城镇51115，农村20711。,,已读原表/定义；仅所列范围
覆盖检查,CV02480,D2,C034,DIM-NAT,全国,已覆盖,全国（具体统计边界见定义）,C_S04,2025年全国36231，城镇51115，农村20711。,,已读原表/定义；仅所列范围
覆盖检查,CV02481,D3,C034,DIM-NAT,全国,已覆盖,全国（具体统计边界见定义）,C_S04,2025年全国36231，城镇51115，农村20711。,,已读原表/定义；仅所列范围
覆盖检查,CV02482,K3,C034,DIM-PROV,省级,无稳定公开数据,,C_S04,已读来源未提供该维度的稳定全覆盖表；本轮未建立额外逐单元来源,这是本轮证据缺口，不断言其他官方资料不存在；后续需逐表核验,原来源已查；扩展来源待核验
覆盖检查,CV02483,D2,C034,DIM-PROV,省级,无稳定公开数据,,C_S04,已读来源未提供该维度的稳定全覆盖表；本轮未建立额外逐单元来源,这是本轮证据缺口，不断言其他官方资料不存在；后续需逐表核验,原来源已查；扩展来源待核验
覆盖检查,CV02484,D3,C034,DIM-PROV,省级,无稳定公开数据,,C_S04,已读来源未提供该维度的稳定全覆盖表；本轮未建立额外逐单元来源,这是本轮证据缺口，不断言其他官方资料不存在；后续需逐表核验,原来源已查；扩展来源待核验
覆盖检查,CV02485,K3,C034,DIM-PREF,地级,无稳定公开数据,,C_S04,已读来源未提供该维度的稳定全覆盖表；本轮未建立额外逐单元来源,这是本轮证据缺口，不断言其他官方资料不存在；后续需逐表核验,原来源已查；扩展来源待核验
覆盖检查,CV02486,D2,C034,DIM-PREF,地级,无稳定公开数据,,C_S04,已读来源未提供该维度的稳定全覆盖表；本轮未建立额外逐单元来源,这是本轮证据缺口，不断言其他官方资料不存在；后续需逐表核验,原来源已查；扩展来源待核验
覆盖检查,CV02487,D3,C034,DIM-PREF,地级,无稳定公开数据,,C_S04,已读来源未提供该维度的稳定全覆盖表；本轮未建立额外逐单元来源,这是本轮证据缺口，不断言其他官方资料不存在；后续需逐表核验,原来源已查；扩展来源待核验
覆盖检查,CV02488,K3,C034,DIM-IND,行业,无稳定公开数据,,C_S04,已读来源未提供该维度的稳定全覆盖表；本轮未建立额外逐单元来源,这是本轮证据缺口，不断言其他官方资料不存在；后续需逐表核验,原来源已查；扩展来源待核验
覆盖检查,CV02489,D2,C034,DIM-IND,行业,无稳定公开数据,,C_S04,已读来源未提供该维度的稳定全覆盖表；本轮未建立额外逐单元来源,这是本轮证据缺口，不断言其他官方资料不存在；后续需逐表核验,原来源已查；扩展来源待核验
覆盖检查,CV02490,D3,C034,DIM-IND,行业,无稳定公开数据,,C_S04,已读来源未提供该维度的稳定全覆盖表；本轮未建立额外逐单元来源,这是本轮证据缺口，不断言其他官方资料不存在；后续需逐表核验,原来源已查；扩展来源待核验
覆盖检查,CV02491,K3,C034,DIM-FIRM,企业类型,不适用,,C_S04,本指标定义不直接接受该维度拆分,不得借用同名但不同范围指标填补,适用性判断
覆盖检查,CV02492,D2,C034,DIM-FIRM,企业类型,不适用,,C_S04,本指标定义不直接接受该维度拆分,不得借用同名但不同范围指标填补,适用性判断
覆盖检查,CV02493,D3,C034,DIM-FIRM,企业类型,不适用,,C_S04,本指标定义不直接接受该维度拆分,不得借用同名但不同范围指标填补,适用性判断
覆盖检查,CV02494,K3,C034,DIM-HH,居民群体,已覆盖,全国居民；城镇常住居民；农村常住居民,C_S04,表1、2逐项发布。,非户籍分组；不能推断省级五等份覆盖。,已读原表/定义；仅所列范围
覆盖检查,CV02495,D2,C034,DIM-HH,居民群体,已覆盖,全国居民；城镇常住居民；农村常住居民,C_S04,表1、2逐项发布。,非户籍分组；不能推断省级五等份覆盖。,已读原表/定义；仅所列范围
覆盖检查,CV02496,D3,C034,DIM-HH,居民群体,已覆盖,全国居民；城镇常住居民；农村常住居民,C_S04,表1、2逐项发布。,非户籍分组；不能推断省级五等份覆盖。,已读原表/定义；仅所列范围
覆盖检查,CV02497,K3,C034,DIM-SEC,机构部门,无稳定公开数据,,C_S04,已读来源未提供该维度的稳定全覆盖表；本轮未建立额外逐单元来源,这是本轮证据缺口，不断言其他官方资料不存在；后续需逐表核验,原来源已查；扩展来源待核验
覆盖检查,CV02498,D2,C034,DIM-SEC,机构部门,无稳定公开数据,,C_S04,已读来源未提供该维度的稳定全覆盖表；本轮未建立额外逐单元来源,这是本轮证据缺口，不断言其他官方资料不存在；后续需逐表核验,原来源已查；扩展来源待核验
覆盖检查,CV02499,D3,C034,DIM-SEC,机构部门,无稳定公开数据,,C_S04,已读来源未提供该维度的稳定全覆盖表；本轮未建立额外逐单元来源,这是本轮证据缺口，不断言其他官方资料不存在；后续需逐表核验,原来源已查；扩展来源待核验
覆盖检查,CV02500,D3,C035,DIM-NAT,全国,已覆盖,全国（具体统计边界见定义）,C_S02,第九部分与注64：2025低10150、中偏下22702、中35536、中偏上55586、高103778。,,已读原表/定义；仅所列范围
覆盖检查,CV02501,D3,C035,DIM-PROV,省级,无稳定公开数据,,C_S02,已读来源未提供该维度的稳定全覆盖表；本轮未建立额外逐单元来源,这是本轮证据缺口，不断言其他官方资料不存在；后续需逐表核验,原来源已查；扩展来源待核验
覆盖检查,CV02502,D3,C035,DIM-PREF,地级,无稳定公开数据,,C_S02,本轮未取得稳定同口径地级五等份公开依据。,全国调查县区覆盖不是公开地级分布。,已读原表/定义；仅所列范围
覆盖检查,CV02503,D3,C035,DIM-IND,行业,无稳定公开数据,,C_S02,已读来源未提供该维度的稳定全覆盖表；本轮未建立额外逐单元来源,这是本轮证据缺口，不断言其他官方资料不存在；后续需逐表核验,原来源已查；扩展来源待核验
覆盖检查,CV02504,D3,C035,DIM-FIRM,企业类型,不适用,,C_S02,本指标定义不直接接受该维度拆分,不得借用同名但不同范围指标填补,适用性判断
覆盖检查,CV02505,D3,C035,DIM-HH,居民群体,已覆盖,低收入；中间偏下；中间；中间偏上；高收入,C_S02,正文与注64。,只核验全国分组，不外推31省或地级。,已读原表/定义；仅所列范围
覆盖检查,CV02506,D3,C035,DIM-SEC,机构部门,无稳定公开数据,,C_S02,已读来源未提供该维度的稳定全覆盖表；本轮未建立额外逐单元来源,这是本轮证据缺口，不断言其他官方资料不存在；后续需逐表核验,原来源已查；扩展来源待核验
覆盖检查,CV02507,D3,C036,DIM-NAT,全国,已覆盖,全国（具体统计边界见定义）,C_S02,第九部分两组原值：103778/10150=10.2244。,,已读原表/定义；仅所列范围
覆盖检查,CV02508,D3,C036,DIM-PROV,省级,无稳定公开数据,,C_S02,已读来源未提供该维度的稳定全覆盖表；本轮未建立额外逐单元来源,这是本轮证据缺口，不断言其他官方资料不存在；后续需逐表核验,原来源已查；扩展来源待核验
覆盖检查,CV02509,D3,C036,DIM-PREF,地级,无稳定公开数据,,C_S02,已读来源未提供该维度的稳定全覆盖表；本轮未建立额外逐单元来源,这是本轮证据缺口，不断言其他官方资料不存在；后续需逐表核验,原来源已查；扩展来源待核验
覆盖检查,CV02510,D3,C036,DIM-IND,行业,无稳定公开数据,,C_S02,已读来源未提供该维度的稳定全覆盖表；本轮未建立额外逐单元来源,这是本轮证据缺口，不断言其他官方资料不存在；后续需逐表核验,原来源已查；扩展来源待核验
覆盖检查,CV02511,D3,C036,DIM-FIRM,企业类型,不适用,,C_S02,本指标定义不直接接受该维度拆分,不得借用同名但不同范围指标填补,适用性判断
覆盖检查,CV02512,D3,C036,DIM-HH,居民群体,部分覆盖,全国五等份高低组之间的均值对比,C_S02,按公式指定两个组的均值进行一次对比,输入组不是该比率输出的独立分组；不能为高/低组或城/乡各造一个比率。,已读原表/定义；仅所列范围
覆盖检查,CV02513,D3,C036,DIM-SEC,机构部门,无稳定公开数据,,C_S02,已读来源未提供该维度的稳定全覆盖表；本轮未建立额外逐单元来源,这是本轮证据缺口，不断言其他官方资料不存在；后续需逐表核验,原来源已查；扩展来源待核验
覆盖检查,CV02514,D2,C037,DIM-NAT,全国,已覆盖,全国（具体统计边界见定义）,C_S04,第一部分：2025全国83.5%、城镇90.5%、农村84.7%。,,已读原表/定义；仅所列范围
覆盖检查,CV02515,D3,C037,DIM-NAT,全国,已覆盖,全国（具体统计边界见定义）,C_S04,第一部分：2025全国83.5%、城镇90.5%、农村84.7%。,,已读原表/定义；仅所列范围
覆盖检查,CV02516,D2,C037,DIM-PROV,省级,无稳定公开数据,,C_S04,已读来源未提供该维度的稳定全覆盖表；本轮未建立额外逐单元来源,这是本轮证据缺口，不断言其他官方资料不存在；后续需逐表核验,原来源已查；扩展来源待核验
覆盖检查,CV02517,D3,C037,DIM-PROV,省级,无稳定公开数据,,C_S04,已读来源未提供该维度的稳定全覆盖表；本轮未建立额外逐单元来源,这是本轮证据缺口，不断言其他官方资料不存在；后续需逐表核验,原来源已查；扩展来源待核验
覆盖检查,CV02518,D2,C037,DIM-PREF,地级,无稳定公开数据,,C_S04,已读来源未提供该维度的稳定全覆盖表；本轮未建立额外逐单元来源,这是本轮证据缺口，不断言其他官方资料不存在；后续需逐表核验,原来源已查；扩展来源待核验
覆盖检查,CV02519,D3,C037,DIM-PREF,地级,无稳定公开数据,,C_S04,已读来源未提供该维度的稳定全覆盖表；本轮未建立额外逐单元来源,这是本轮证据缺口，不断言其他官方资料不存在；后续需逐表核验,原来源已查；扩展来源待核验
覆盖检查,CV02520,D2,C037,DIM-IND,行业,无稳定公开数据,,C_S04,已读来源未提供该维度的稳定全覆盖表；本轮未建立额外逐单元来源,这是本轮证据缺口，不断言其他官方资料不存在；后续需逐表核验,原来源已查；扩展来源待核验
覆盖检查,CV02521,D3,C037,DIM-IND,行业,无稳定公开数据,,C_S04,已读来源未提供该维度的稳定全覆盖表；本轮未建立额外逐单元来源,这是本轮证据缺口，不断言其他官方资料不存在；后续需逐表核验,原来源已查；扩展来源待核验
覆盖检查,CV02522,D2,C037,DIM-FIRM,企业类型,不适用,,C_S04,本指标定义不直接接受该维度拆分,不得借用同名但不同范围指标填补,适用性判断
覆盖检查,CV02523,D3,C037,DIM-FIRM,企业类型,不适用,,C_S04,本指标定义不直接接受该维度拆分,不得借用同名但不同范围指标填补,适用性判断
覆盖检查,CV02524,D2,C037,DIM-HH,居民群体,已覆盖,全国居民；城镇常住居民；农村常住居民,C_S04,表1、2逐项发布。,非户籍分组；不能推断省级五等份覆盖。,已读原表/定义；仅所列范围
覆盖检查,CV02525,D3,C037,DIM-HH,居民群体,已覆盖,全国居民；城镇常住居民；农村常住居民,C_S04,表1、2逐项发布。,非户籍分组；不能推断省级五等份覆盖。,已读原表/定义；仅所列范围
覆盖检查,CV02526,D2,C037,DIM-SEC,机构部门,无稳定公开数据,,C_S04,已读来源未提供该维度的稳定全覆盖表；本轮未建立额外逐单元来源,这是本轮证据缺口，不断言其他官方资料不存在；后续需逐表核验,原来源已查；扩展来源待核验
覆盖检查,CV02527,D3,C037,DIM-SEC,机构部门,无稳定公开数据,,C_S04,已读来源未提供该维度的稳定全覆盖表；本轮未建立额外逐单元来源,这是本轮证据缺口，不断言其他官方资料不存在；后续需逐表核验,原来源已查；扩展来源待核验
覆盖检查,CV02528,D3,C038,DIM-NAT,全国,已覆盖,全国（具体统计边界见定义）,C_S04,表1：2025年56502/24456=2.31035。,,已读原表/定义；仅所列范围
覆盖检查,CV02529,D3,C038,DIM-PROV,省级,无稳定公开数据,,C_S04,已读来源未提供该维度的稳定全覆盖表；本轮未建立额外逐单元来源,这是本轮证据缺口，不断言其他官方资料不存在；后续需逐表核验,原来源已查；扩展来源待核验
覆盖检查,CV02530,D3,C038,DIM-PREF,地级,无稳定公开数据,,C_S04,已读来源未提供该维度的稳定全覆盖表；本轮未建立额外逐单元来源,这是本轮证据缺口，不断言其他官方资料不存在；后续需逐表核验,原来源已查；扩展来源待核验
覆盖检查,CV02531,D3,C038,DIM-IND,行业,无稳定公开数据,,C_S04,已读来源未提供该维度的稳定全覆盖表；本轮未建立额外逐单元来源,这是本轮证据缺口，不断言其他官方资料不存在；后续需逐表核验,原来源已查；扩展来源待核验
覆盖检查,CV02532,D3,C038,DIM-FIRM,企业类型,不适用,,C_S04,本指标定义不直接接受该维度拆分,不得借用同名但不同范围指标填补,适用性判断
覆盖检查,CV02533,D3,C038,DIM-HH,居民群体,部分覆盖,全国城镇与农村之间的均值对比,C_S04,按公式指定两个组的均值进行一次对比,输入组不是该比率输出的独立分组；不能为高/低组或城/乡各造一个比率。,已读原表/定义；仅所列范围
覆盖检查,CV02534,D3,C038,DIM-SEC,机构部门,无稳定公开数据,,C_S04,已读来源未提供该维度的稳定全覆盖表；本轮未建立额外逐单元来源,这是本轮证据缺口，不断言其他官方资料不存在；后续需逐表核验,原来源已查；扩展来源待核验
覆盖检查,CV02535,K3,C039,DIM-NAT,全国,已覆盖,全国（具体统计边界见定义）,C_S04,表1、2及C_S12定义：2025全国24555、城镇34373、农村10402元。,,已读原表/定义；仅所列范围
覆盖检查,CV02536,D2,C039,DIM-NAT,全国,已覆盖,全国（具体统计边界见定义）,C_S04,表1、2及C_S12定义：2025全国24555、城镇34373、农村10402元。,,已读原表/定义；仅所列范围
覆盖检查,CV02537,D3,C039,DIM-NAT,全国,已覆盖,全国（具体统计边界见定义）,C_S04,表1、2及C_S12定义：2025全国24555、城镇34373、农村10402元。,,已读原表/定义；仅所列范围
覆盖检查,CV02538,K3,C039,DIM-PROV,省级,无稳定公开数据,,C_S04,已读来源未提供该维度的稳定全覆盖表；本轮未建立额外逐单元来源,这是本轮证据缺口，不断言其他官方资料不存在；后续需逐表核验,原来源已查；扩展来源待核验
覆盖检查,CV02539,D2,C039,DIM-PROV,省级,无稳定公开数据,,C_S04,已读来源未提供该维度的稳定全覆盖表；本轮未建立额外逐单元来源,这是本轮证据缺口，不断言其他官方资料不存在；后续需逐表核验,原来源已查；扩展来源待核验
覆盖检查,CV02540,D3,C039,DIM-PROV,省级,无稳定公开数据,,C_S04,已读来源未提供该维度的稳定全覆盖表；本轮未建立额外逐单元来源,这是本轮证据缺口，不断言其他官方资料不存在；后续需逐表核验,原来源已查；扩展来源待核验
覆盖检查,CV02541,K3,C039,DIM-PREF,地级,无稳定公开数据,,C_S04,已读来源未提供该维度的稳定全覆盖表；本轮未建立额外逐单元来源,这是本轮证据缺口，不断言其他官方资料不存在；后续需逐表核验,原来源已查；扩展来源待核验
覆盖检查,CV02542,D2,C039,DIM-PREF,地级,无稳定公开数据,,C_S04,已读来源未提供该维度的稳定全覆盖表；本轮未建立额外逐单元来源,这是本轮证据缺口，不断言其他官方资料不存在；后续需逐表核验,原来源已查；扩展来源待核验
覆盖检查,CV02543,D3,C039,DIM-PREF,地级,无稳定公开数据,,C_S04,已读来源未提供该维度的稳定全覆盖表；本轮未建立额外逐单元来源,这是本轮证据缺口，不断言其他官方资料不存在；后续需逐表核验,原来源已查；扩展来源待核验
覆盖检查,CV02544,K3,C039,DIM-IND,行业,无稳定公开数据,,C_S04,已读来源未提供该维度的稳定全覆盖表；本轮未建立额外逐单元来源,这是本轮证据缺口，不断言其他官方资料不存在；后续需逐表核验,原来源已查；扩展来源待核验
覆盖检查,CV02545,D2,C039,DIM-IND,行业,无稳定公开数据,,C_S04,已读来源未提供该维度的稳定全覆盖表；本轮未建立额外逐单元来源,这是本轮证据缺口，不断言其他官方资料不存在；后续需逐表核验,原来源已查；扩展来源待核验
覆盖检查,CV02546,D3,C039,DIM-IND,行业,无稳定公开数据,,C_S04,已读来源未提供该维度的稳定全覆盖表；本轮未建立额外逐单元来源,这是本轮证据缺口，不断言其他官方资料不存在；后续需逐表核验,原来源已查；扩展来源待核验
覆盖检查,CV02547,K3,C039,DIM-FIRM,企业类型,不适用,,C_S04,本指标定义不直接接受该维度拆分,不得借用同名但不同范围指标填补,适用性判断
覆盖检查,CV02548,D2,C039,DIM-FIRM,企业类型,不适用,,C_S04,本指标定义不直接接受该维度拆分,不得借用同名但不同范围指标填补,适用性判断
覆盖检查,CV02549,D3,C039,DIM-FIRM,企业类型,不适用,,C_S04,本指标定义不直接接受该维度拆分,不得借用同名但不同范围指标填补,适用性判断
覆盖检查,CV02550,K3,C039,DIM-HH,居民群体,已覆盖,全国居民；城镇常住居民；农村常住居民,C_S04,表1、2逐项发布。,非户籍分组；不能推断省级五等份覆盖。,已读原表/定义；仅所列范围
覆盖检查,CV02551,D2,C039,DIM-HH,居民群体,已覆盖,全国居民；城镇常住居民；农村常住居民,C_S04,表1、2逐项发布。,非户籍分组；不能推断省级五等份覆盖。,已读原表/定义；仅所列范围
覆盖检查,CV02552,D3,C039,DIM-HH,居民群体,已覆盖,全国居民；城镇常住居民；农村常住居民,C_S04,表1、2逐项发布。,非户籍分组；不能推断省级五等份覆盖。,已读原表/定义；仅所列范围
覆盖检查,CV02553,K3,C039,DIM-SEC,机构部门,无稳定公开数据,,C_S04,已读来源未提供该维度的稳定全覆盖表；本轮未建立额外逐单元来源,这是本轮证据缺口，不断言其他官方资料不存在；后续需逐表核验,原来源已查；扩展来源待核验
覆盖检查,CV02554,D2,C039,DIM-SEC,机构部门,无稳定公开数据,,C_S04,已读来源未提供该维度的稳定全覆盖表；本轮未建立额外逐单元来源,这是本轮证据缺口，不断言其他官方资料不存在；后续需逐表核验,原来源已查；扩展来源待核验
覆盖检查,CV02555,D3,C039,DIM-SEC,机构部门,无稳定公开数据,,C_S04,已读来源未提供该维度的稳定全覆盖表；本轮未建立额外逐单元来源,这是本轮证据缺口，不断言其他官方资料不存在；后续需逐表核验,原来源已查；扩展来源待核验
覆盖检查,CV02556,K3,C040,DIM-NAT,全国,已覆盖,全国（具体统计边界见定义）,C_S04,表1、2及C_S12定义：2025全国7252、城镇6592、农村8204元。,,已读原表/定义；仅所列范围
覆盖检查,CV02557,D3,C040,DIM-NAT,全国,已覆盖,全国（具体统计边界见定义）,C_S04,表1、2及C_S12定义：2025全国7252、城镇6592、农村8204元。,,已读原表/定义；仅所列范围
覆盖检查,CV02558,K3,C040,DIM-PROV,省级,无稳定公开数据,,C_S04,已读来源未提供该维度的稳定全覆盖表；本轮未建立额外逐单元来源,这是本轮证据缺口，不断言其他官方资料不存在；后续需逐表核验,原来源已查；扩展来源待核验
覆盖检查,CV02559,D3,C040,DIM-PROV,省级,无稳定公开数据,,C_S04,已读来源未提供该维度的稳定全覆盖表；本轮未建立额外逐单元来源,这是本轮证据缺口，不断言其他官方资料不存在；后续需逐表核验,原来源已查；扩展来源待核验
覆盖检查,CV02560,K3,C040,DIM-PREF,地级,无稳定公开数据,,C_S04,已读来源未提供该维度的稳定全覆盖表；本轮未建立额外逐单元来源,这是本轮证据缺口，不断言其他官方资料不存在；后续需逐表核验,原来源已查；扩展来源待核验
覆盖检查,CV02561,D3,C040,DIM-PREF,地级,无稳定公开数据,,C_S04,已读来源未提供该维度的稳定全覆盖表；本轮未建立额外逐单元来源,这是本轮证据缺口，不断言其他官方资料不存在；后续需逐表核验,原来源已查；扩展来源待核验
覆盖检查,CV02562,K3,C040,DIM-IND,行业,无稳定公开数据,,C_S04,已读来源未提供该维度的稳定全覆盖表；本轮未建立额外逐单元来源,这是本轮证据缺口，不断言其他官方资料不存在；后续需逐表核验,原来源已查；扩展来源待核验
覆盖检查,CV02563,D3,C040,DIM-IND,行业,无稳定公开数据,,C_S04,已读来源未提供该维度的稳定全覆盖表；本轮未建立额外逐单元来源,这是本轮证据缺口，不断言其他官方资料不存在；后续需逐表核验,原来源已查；扩展来源待核验
覆盖检查,CV02564,K3,C040,DIM-FIRM,企业类型,不适用,,C_S04,本指标定义不直接接受该维度拆分,不得借用同名但不同范围指标填补,适用性判断
覆盖检查,CV02565,D3,C040,DIM-FIRM,企业类型,不适用,,C_S04,本指标定义不直接接受该维度拆分,不得借用同名但不同范围指标填补,适用性判断
覆盖检查,CV02566,K3,C040,DIM-HH,居民群体,已覆盖,全国居民；城镇常住居民；农村常住居民,C_S04,表1、2逐项发布。,非户籍分组；不能推断省级五等份覆盖。,已读原表/定义；仅所列范围
覆盖检查,CV02567,D3,C040,DIM-HH,居民群体,已覆盖,全国居民；城镇常住居民；农村常住居民,C_S04,表1、2逐项发布。,非户籍分组；不能推断省级五等份覆盖。,已读原表/定义；仅所列范围
覆盖检查,CV02568,K3,C040,DIM-SEC,机构部门,无稳定公开数据,,C_S04,已读来源未提供该维度的稳定全覆盖表；本轮未建立额外逐单元来源,这是本轮证据缺口，不断言其他官方资料不存在；后续需逐表核验,原来源已查；扩展来源待核验
覆盖检查,CV02569,D3,C040,DIM-SEC,机构部门,无稳定公开数据,,C_S04,已读来源未提供该维度的稳定全覆盖表；本轮未建立额外逐单元来源,这是本轮证据缺口，不断言其他官方资料不存在；后续需逐表核验,原来源已查；扩展来源待核验
覆盖检查,CV02570,K3,C041,DIM-NAT,全国,已覆盖,全国（具体统计边界见定义）,C_S04,表1、2及C_S12定义：2025全国3490、城镇5481、农村618元。,,已读原表/定义；仅所列范围
覆盖检查,CV02571,D3,C041,DIM-NAT,全国,已覆盖,全国（具体统计边界见定义）,C_S04,表1、2及C_S12定义：2025全国3490、城镇5481、农村618元。,,已读原表/定义；仅所列范围
覆盖检查,CV02572,K3,C041,DIM-PROV,省级,无稳定公开数据,,C_S04,已读来源未提供该维度的稳定全覆盖表；本轮未建立额外逐单元来源,这是本轮证据缺口，不断言其他官方资料不存在；后续需逐表核验,原来源已查；扩展来源待核验
覆盖检查,CV02573,D3,C041,DIM-PROV,省级,无稳定公开数据,,C_S04,已读来源未提供该维度的稳定全覆盖表；本轮未建立额外逐单元来源,这是本轮证据缺口，不断言其他官方资料不存在；后续需逐表核验,原来源已查；扩展来源待核验
覆盖检查,CV02574,K3,C041,DIM-PREF,地级,无稳定公开数据,,C_S04,已读来源未提供该维度的稳定全覆盖表；本轮未建立额外逐单元来源,这是本轮证据缺口，不断言其他官方资料不存在；后续需逐表核验,原来源已查；扩展来源待核验
覆盖检查,CV02575,D3,C041,DIM-PREF,地级,无稳定公开数据,,C_S04,已读来源未提供该维度的稳定全覆盖表；本轮未建立额外逐单元来源,这是本轮证据缺口，不断言其他官方资料不存在；后续需逐表核验,原来源已查；扩展来源待核验
覆盖检查,CV02576,K3,C041,DIM-IND,行业,无稳定公开数据,,C_S04,已读来源未提供该维度的稳定全覆盖表；本轮未建立额外逐单元来源,这是本轮证据缺口，不断言其他官方资料不存在；后续需逐表核验,原来源已查；扩展来源待核验
覆盖检查,CV02577,D3,C041,DIM-IND,行业,无稳定公开数据,,C_S04,已读来源未提供该维度的稳定全覆盖表；本轮未建立额外逐单元来源,这是本轮证据缺口，不断言其他官方资料不存在；后续需逐表核验,原来源已查；扩展来源待核验
覆盖检查,CV02578,K3,C041,DIM-FIRM,企业类型,不适用,,C_S04,本指标定义不直接接受该维度拆分,不得借用同名但不同范围指标填补,适用性判断
覆盖检查,CV02579,D3,C041,DIM-FIRM,企业类型,不适用,,C_S04,本指标定义不直接接受该维度拆分,不得借用同名但不同范围指标填补,适用性判断
覆盖检查,CV02580,K3,C041,DIM-HH,居民群体,已覆盖,全国居民；城镇常住居民；农村常住居民,C_S04,表1、2逐项发布。,非户籍分组；不能推断省级五等份覆盖。,已读原表/定义；仅所列范围
覆盖检查,CV02581,D3,C041,DIM-HH,居民群体,已覆盖,全国居民；城镇常住居民；农村常住居民,C_S04,表1、2逐项发布。,非户籍分组；不能推断省级五等份覆盖。,已读原表/定义；仅所列范围
覆盖检查,CV02582,K3,C041,DIM-SEC,机构部门,无稳定公开数据,,C_S04,已读来源未提供该维度的稳定全覆盖表；本轮未建立额外逐单元来源,这是本轮证据缺口，不断言其他官方资料不存在；后续需逐表核验,原来源已查；扩展来源待核验
覆盖检查,CV02583,D3,C041,DIM-SEC,机构部门,无稳定公开数据,,C_S04,已读来源未提供该维度的稳定全覆盖表；本轮未建立额外逐单元来源,这是本轮证据缺口，不断言其他官方资料不存在；后续需逐表核验,原来源已查；扩展来源待核验
覆盖检查,CV02584,K3,C042,DIM-NAT,全国,已覆盖,全国（具体统计边界见定义）,C_S04,表1、2及C_S12定义：2025全国8080、城镇10056、农村5232元。,,已读原表/定义；仅所列范围
覆盖检查,CV02585,K4,C042,DIM-NAT,全国,已覆盖,全国（具体统计边界见定义）,C_S04,表1、2及C_S12定义：2025全国8080、城镇10056、农村5232元。,,已读原表/定义；仅所列范围
覆盖检查,CV02586,D3,C042,DIM-NAT,全国,已覆盖,全国（具体统计边界见定义）,C_S04,表1、2及C_S12定义：2025全国8080、城镇10056、农村5232元。,,已读原表/定义；仅所列范围
覆盖检查,CV02587,K3,C042,DIM-PROV,省级,无稳定公开数据,,C_S04,已读来源未提供该维度的稳定全覆盖表；本轮未建立额外逐单元来源,这是本轮证据缺口，不断言其他官方资料不存在；后续需逐表核验,原来源已查；扩展来源待核验
覆盖检查,CV02588,K4,C042,DIM-PROV,省级,无稳定公开数据,,C_S04,已读来源未提供该维度的稳定全覆盖表；本轮未建立额外逐单元来源,这是本轮证据缺口，不断言其他官方资料不存在；后续需逐表核验,原来源已查；扩展来源待核验
覆盖检查,CV02589,D3,C042,DIM-PROV,省级,无稳定公开数据,,C_S04,已读来源未提供该维度的稳定全覆盖表；本轮未建立额外逐单元来源,这是本轮证据缺口，不断言其他官方资料不存在；后续需逐表核验,原来源已查；扩展来源待核验
覆盖检查,CV02590,K3,C042,DIM-PREF,地级,无稳定公开数据,,C_S04,已读来源未提供该维度的稳定全覆盖表；本轮未建立额外逐单元来源,这是本轮证据缺口，不断言其他官方资料不存在；后续需逐表核验,原来源已查；扩展来源待核验
覆盖检查,CV02591,K4,C042,DIM-PREF,地级,无稳定公开数据,,C_S04,已读来源未提供该维度的稳定全覆盖表；本轮未建立额外逐单元来源,这是本轮证据缺口，不断言其他官方资料不存在；后续需逐表核验,原来源已查；扩展来源待核验
覆盖检查,CV02592,D3,C042,DIM-PREF,地级,无稳定公开数据,,C_S04,已读来源未提供该维度的稳定全覆盖表；本轮未建立额外逐单元来源,这是本轮证据缺口，不断言其他官方资料不存在；后续需逐表核验,原来源已查；扩展来源待核验
覆盖检查,CV02593,K3,C042,DIM-IND,行业,无稳定公开数据,,C_S04,已读来源未提供该维度的稳定全覆盖表；本轮未建立额外逐单元来源,这是本轮证据缺口，不断言其他官方资料不存在；后续需逐表核验,原来源已查；扩展来源待核验
覆盖检查,CV02594,K4,C042,DIM-IND,行业,无稳定公开数据,,C_S04,已读来源未提供该维度的稳定全覆盖表；本轮未建立额外逐单元来源,这是本轮证据缺口，不断言其他官方资料不存在；后续需逐表核验,原来源已查；扩展来源待核验
覆盖检查,CV02595,D3,C042,DIM-IND,行业,无稳定公开数据,,C_S04,已读来源未提供该维度的稳定全覆盖表；本轮未建立额外逐单元来源,这是本轮证据缺口，不断言其他官方资料不存在；后续需逐表核验,原来源已查；扩展来源待核验
覆盖检查,CV02596,K3,C042,DIM-FIRM,企业类型,不适用,,C_S04,本指标定义不直接接受该维度拆分,不得借用同名但不同范围指标填补,适用性判断
覆盖检查,CV02597,K4,C042,DIM-FIRM,企业类型,不适用,,C_S04,本指标定义不直接接受该维度拆分,不得借用同名但不同范围指标填补,适用性判断
覆盖检查,CV02598,D3,C042,DIM-FIRM,企业类型,不适用,,C_S04,本指标定义不直接接受该维度拆分,不得借用同名但不同范围指标填补,适用性判断
覆盖检查,CV02599,K3,C042,DIM-HH,居民群体,已覆盖,全国居民；城镇常住居民；农村常住居民,C_S04,表1、2逐项发布。,非户籍分组；不能推断省级五等份覆盖。,已读原表/定义；仅所列范围
覆盖检查,CV02600,K4,C042,DIM-HH,居民群体,已覆盖,全国居民；城镇常住居民；农村常住居民,C_S04,表1、2逐项发布。,非户籍分组；不能推断省级五等份覆盖。,已读原表/定义；仅所列范围
覆盖检查,CV02601,D3,C042,DIM-HH,居民群体,已覆盖,全国居民；城镇常住居民；农村常住居民,C_S04,表1、2逐项发布。,非户籍分组；不能推断省级五等份覆盖。,已读原表/定义；仅所列范围
覆盖检查,CV02602,K3,C042,DIM-SEC,机构部门,无稳定公开数据,,C_S04,已读来源未提供该维度的稳定全覆盖表；本轮未建立额外逐单元来源,这是本轮证据缺口，不断言其他官方资料不存在；后续需逐表核验,原来源已查；扩展来源待核验
覆盖检查,CV02603,K4,C042,DIM-SEC,机构部门,无稳定公开数据,,C_S04,已读来源未提供该维度的稳定全覆盖表；本轮未建立额外逐单元来源,这是本轮证据缺口，不断言其他官方资料不存在；后续需逐表核验,原来源已查；扩展来源待核验
覆盖检查,CV02604,D3,C042,DIM-SEC,机构部门,无稳定公开数据,,C_S04,已读来源未提供该维度的稳定全覆盖表；本轮未建立额外逐单元来源,这是本轮证据缺口，不断言其他官方资料不存在；后续需逐表核验,原来源已查；扩展来源待核验
覆盖检查,CV02605,S2,C043,DIM-NAT,全国,已覆盖,全国（具体统计边界见定义）,C_S02,第九部分：2025年107599，职工54680、居民52919。,,已读原表/定义；仅所列范围
覆盖检查,CV02606,D3,C043,DIM-NAT,全国,已覆盖,全国（具体统计边界见定义）,C_S02,第九部分：2025年107599，职工54680、居民52919。,,已读原表/定义；仅所列范围
覆盖检查,CV02607,S2,C043,DIM-PROV,省级,无稳定公开数据,,C_S02,已读来源未提供该维度的稳定全覆盖表；本轮未建立额外逐单元来源,这是本轮证据缺口，不断言其他官方资料不存在；后续需逐表核验,原来源已查；扩展来源待核验
覆盖检查,CV02608,D3,C043,DIM-PROV,省级,无稳定公开数据,,C_S02,已读来源未提供该维度的稳定全覆盖表；本轮未建立额外逐单元来源,这是本轮证据缺口，不断言其他官方资料不存在；后续需逐表核验,原来源已查；扩展来源待核验
覆盖检查,CV02609,S2,C043,DIM-PREF,地级,无稳定公开数据,,C_S02,已读来源未提供该维度的稳定全覆盖表；本轮未建立额外逐单元来源,这是本轮证据缺口，不断言其他官方资料不存在；后续需逐表核验,原来源已查；扩展来源待核验
覆盖检查,CV02610,D3,C043,DIM-PREF,地级,无稳定公开数据,,C_S02,已读来源未提供该维度的稳定全覆盖表；本轮未建立额外逐单元来源,这是本轮证据缺口，不断言其他官方资料不存在；后续需逐表核验,原来源已查；扩展来源待核验
覆盖检查,CV02611,S2,C043,DIM-IND,行业,无稳定公开数据,,C_S02,已读来源未提供该维度的稳定全覆盖表；本轮未建立额外逐单元来源,这是本轮证据缺口，不断言其他官方资料不存在；后续需逐表核验,原来源已查；扩展来源待核验
覆盖检查,CV02612,D3,C043,DIM-IND,行业,无稳定公开数据,,C_S02,已读来源未提供该维度的稳定全覆盖表；本轮未建立额外逐单元来源,这是本轮证据缺口，不断言其他官方资料不存在；后续需逐表核验,原来源已查；扩展来源待核验
覆盖检查,CV02613,S2,C043,DIM-FIRM,企业类型,不适用,,C_S02,本指标定义不直接接受该维度拆分,不得借用同名但不同范围指标填补,适用性判断
覆盖检查,CV02614,D3,C043,DIM-FIRM,企业类型,不适用,,C_S02,本指标定义不直接接受该维度拆分,不得借用同名但不同范围指标填补,适用性判断
覆盖检查,CV02615,S2,C043,DIM-HH,居民群体,已覆盖,城镇职工养老；城乡居民养老,C_S02,第九部分。,人社2025正式公报本轮网页正文无法读取，采用统计局初步口径。,已读原表/定义；仅所列范围
覆盖检查,CV02616,D3,C043,DIM-HH,居民群体,已覆盖,城镇职工养老；城乡居民养老,C_S02,第九部分。,人社2025正式公报本轮网页正文无法读取，采用统计局初步口径。,已读原表/定义；仅所列范围
覆盖检查,CV02617,S2,C043,DIM-SEC,机构部门,无稳定公开数据,,C_S02,已读来源未提供该维度的稳定全覆盖表；本轮未建立额外逐单元来源,这是本轮证据缺口，不断言其他官方资料不存在；后续需逐表核验,原来源已查；扩展来源待核验
覆盖检查,CV02618,D3,C043,DIM-SEC,机构部门,无稳定公开数据,,C_S02,已读来源未提供该维度的稳定全覆盖表；本轮未建立额外逐单元来源,这是本轮证据缺口，不断言其他官方资料不存在；后续需逐表核验,原来源已查；扩展来源待核验
覆盖检查,CV02619,S2,C044,DIM-NAT,全国,已覆盖,全国（具体统计边界见定义）,C_S07,正式公报2025年133069.39，职工38856.12、居民94213.27。,,已读原表/定义；仅所列范围
覆盖检查,CV02620,D3,C044,DIM-NAT,全国,已覆盖,全国（具体统计边界见定义）,C_S07,正式公报2025年133069.39，职工38856.12、居民94213.27。,,已读原表/定义；仅所列范围
覆盖检查,CV02621,S2,C044,DIM-PROV,省级,无稳定公开数据,,C_S07,已读来源未提供该维度的稳定全覆盖表；本轮未建立额外逐单元来源,这是本轮证据缺口，不断言其他官方资料不存在；后续需逐表核验,原来源已查；扩展来源待核验
覆盖检查,CV02622,D3,C044,DIM-PROV,省级,无稳定公开数据,,C_S07,已读来源未提供该维度的稳定全覆盖表；本轮未建立额外逐单元来源,这是本轮证据缺口，不断言其他官方资料不存在；后续需逐表核验,原来源已查；扩展来源待核验
覆盖检查,CV02623,S2,C044,DIM-PREF,地级,无稳定公开数据,,C_S07,已读来源未提供该维度的稳定全覆盖表；本轮未建立额外逐单元来源,这是本轮证据缺口，不断言其他官方资料不存在；后续需逐表核验,原来源已查；扩展来源待核验
覆盖检查,CV02624,D3,C044,DIM-PREF,地级,无稳定公开数据,,C_S07,已读来源未提供该维度的稳定全覆盖表；本轮未建立额外逐单元来源,这是本轮证据缺口，不断言其他官方资料不存在；后续需逐表核验,原来源已查；扩展来源待核验
覆盖检查,CV02625,S2,C044,DIM-IND,行业,无稳定公开数据,,C_S07,已读来源未提供该维度的稳定全覆盖表；本轮未建立额外逐单元来源,这是本轮证据缺口，不断言其他官方资料不存在；后续需逐表核验,原来源已查；扩展来源待核验
覆盖检查,CV02626,D3,C044,DIM-IND,行业,无稳定公开数据,,C_S07,已读来源未提供该维度的稳定全覆盖表；本轮未建立额外逐单元来源,这是本轮证据缺口，不断言其他官方资料不存在；后续需逐表核验,原来源已查；扩展来源待核验
覆盖检查,CV02627,S2,C044,DIM-FIRM,企业类型,不适用,,C_S07,本指标定义不直接接受该维度拆分,不得借用同名但不同范围指标填补,适用性判断
覆盖检查,CV02628,D3,C044,DIM-FIRM,企业类型,不适用,,C_S07,本指标定义不直接接受该维度拆分,不得借用同名但不同范围指标填补,适用性判断
覆盖检查,CV02629,S2,C044,DIM-HH,居民群体,已覆盖,职工医保；城乡居民医保；在职职工；退休职工,C_S07,第一部分分制度，职工再分在职退休。,目录内支付比例并非每类都分在职退休。,已读原表/定义；仅所列范围
覆盖检查,CV02630,D3,C044,DIM-HH,居民群体,已覆盖,职工医保；城乡居民医保；在职职工；退休职工,C_S07,第一部分分制度，职工再分在职退休。,目录内支付比例并非每类都分在职退休。,已读原表/定义；仅所列范围
覆盖检查,CV02631,S2,C044,DIM-SEC,机构部门,无稳定公开数据,,C_S07,已读来源未提供该维度的稳定全覆盖表；本轮未建立额外逐单元来源,这是本轮证据缺口，不断言其他官方资料不存在；后续需逐表核验,原来源已查；扩展来源待核验
覆盖检查,CV02632,D3,C044,DIM-SEC,机构部门,无稳定公开数据,,C_S07,已读来源未提供该维度的稳定全覆盖表；本轮未建立额外逐单元来源,这是本轮证据缺口，不断言其他官方资料不存在；后续需逐表核验,原来源已查；扩展来源待核验
覆盖检查,CV02633,D3,C045,DIM-NAT,全国,已覆盖,全国（具体统计边界见定义）,C_S07,职工84.1%、居民66.0%；三级/二级/一级及以下分列。,,已读原表/定义；仅所列范围
覆盖检查,CV02634,D3,C045,DIM-PROV,省级,无稳定公开数据,,C_S07,已读来源未提供该维度的稳定全覆盖表；本轮未建立额外逐单元来源,这是本轮证据缺口，不断言其他官方资料不存在；后续需逐表核验,原来源已查；扩展来源待核验
覆盖检查,CV02635,D3,C045,DIM-PREF,地级,无稳定公开数据,,C_S07,已读来源未提供该维度的稳定全覆盖表；本轮未建立额外逐单元来源,这是本轮证据缺口，不断言其他官方资料不存在；后续需逐表核验,原来源已查；扩展来源待核验
覆盖检查,CV02636,D3,C045,DIM-IND,行业,部分覆盖,三级医疗机构；二级医疗机构；一级及以下含未定级医疗机构,C_S07,住院目录内比例按机构等级列值。,机构等级非国民经济行业。,已读原表/定义；仅所列范围
覆盖检查,CV02637,D3,C045,DIM-FIRM,企业类型,不适用,,C_S07,本指标定义不直接接受该维度拆分,不得借用同名但不同范围指标填补,适用性判断
覆盖检查,CV02638,D3,C045,DIM-HH,居民群体,已覆盖,职工医保；城乡居民医保,C_S07,第一部分两制度各待遇享受段。,,已读原表/定义；仅所列范围
覆盖检查,CV02639,D3,C045,DIM-SEC,机构部门,无稳定公开数据,,C_S07,已读来源未提供该维度的稳定全覆盖表；本轮未建立额外逐单元来源,这是本轮证据缺口，不断言其他官方资料不存在；后续需逐表核验,原来源已查；扩展来源待核验
覆盖检查,CV02640,D3,C046,DIM-NAT,全国,已覆盖,全国（具体统计边界见定义）,C_S07,第一部分：2025年35921.32亿元。,,已读原表/定义；仅所列范围
覆盖检查,CV02641,D3,C046,DIM-PROV,省级,无稳定公开数据,,C_S07,已读来源未提供该维度的稳定全覆盖表；本轮未建立额外逐单元来源,这是本轮证据缺口，不断言其他官方资料不存在；后续需逐表核验,原来源已查；扩展来源待核验
覆盖检查,CV02642,D3,C046,DIM-PREF,地级,无稳定公开数据,,C_S07,已读来源未提供该维度的稳定全覆盖表；本轮未建立额外逐单元来源,这是本轮证据缺口，不断言其他官方资料不存在；后续需逐表核验,原来源已查；扩展来源待核验
覆盖检查,CV02643,D3,C046,DIM-IND,行业,无稳定公开数据,,C_S07,已读来源未提供该维度的稳定全覆盖表；本轮未建立额外逐单元来源,这是本轮证据缺口，不断言其他官方资料不存在；后续需逐表核验,原来源已查；扩展来源待核验
覆盖检查,CV02644,D3,C046,DIM-FIRM,企业类型,不适用,,C_S07,本指标定义不直接接受该维度拆分,不得借用同名但不同范围指标填补,适用性判断
覆盖检查,CV02645,D3,C046,DIM-HH,居民群体,无稳定公开数据,,C_S07,已读来源未提供该维度的稳定全覆盖表；本轮未建立额外逐单元来源,这是本轮证据缺口，不断言其他官方资料不存在；后续需逐表核验,原来源已查；扩展来源待核验
覆盖检查,CV02646,D3,C046,DIM-SEC,机构部门,部分覆盖,职工医保基金（含生育）；居民医保基金；职工统筹基金；职工个人账户,C_S07,第一部分基金收支段。,基金不是国民账户机构部门，分项含交叉包含关系。,已读原表/定义；仅所列范围
覆盖检查,CV02647,D3,C047,DIM-NAT,全国,已覆盖,全国（具体统计边界见定义）,C_S07,第一部分：2025年30055.19亿元。,,已读原表/定义；仅所列范围
覆盖检查,CV02648,D3,C047,DIM-PROV,省级,无稳定公开数据,,C_S07,已读来源未提供该维度的稳定全覆盖表；本轮未建立额外逐单元来源,这是本轮证据缺口，不断言其他官方资料不存在；后续需逐表核验,原来源已查；扩展来源待核验
覆盖检查,CV02649,D3,C047,DIM-PREF,地级,无稳定公开数据,,C_S07,已读来源未提供该维度的稳定全覆盖表；本轮未建立额外逐单元来源,这是本轮证据缺口，不断言其他官方资料不存在；后续需逐表核验,原来源已查；扩展来源待核验
覆盖检查,CV02650,D3,C047,DIM-IND,行业,无稳定公开数据,,C_S07,已读来源未提供该维度的稳定全覆盖表；本轮未建立额外逐单元来源,这是本轮证据缺口，不断言其他官方资料不存在；后续需逐表核验,原来源已查；扩展来源待核验
覆盖检查,CV02651,D3,C047,DIM-FIRM,企业类型,不适用,,C_S07,本指标定义不直接接受该维度拆分,不得借用同名但不同范围指标填补,适用性判断
覆盖检查,CV02652,D3,C047,DIM-HH,居民群体,无稳定公开数据,,C_S07,已读来源未提供该维度的稳定全覆盖表；本轮未建立额外逐单元来源,这是本轮证据缺口，不断言其他官方资料不存在；后续需逐表核验,原来源已查；扩展来源待核验
覆盖检查,CV02653,D3,C047,DIM-SEC,机构部门,部分覆盖,职工医保基金（含生育）；居民医保基金；职工统筹基金；职工个人账户,C_S07,第一部分基金收支段。,基金不是国民账户机构部门，分项含交叉包含关系。,已读原表/定义；仅所列范围
覆盖检查,CV02654,D3,C048,DIM-NAT,全国,已覆盖,全国（具体统计边界见定义）,C_S02,第九部分：2025年城市595、农村3340万人。,,已读原表/定义；仅所列范围
覆盖检查,CV02655,D3,C048,DIM-PROV,省级,无稳定公开数据,,C_S02,已读来源未提供该维度的稳定全覆盖表；本轮未建立额外逐单元来源,这是本轮证据缺口，不断言其他官方资料不存在；后续需逐表核验,原来源已查；扩展来源待核验
覆盖检查,CV02656,D3,C048,DIM-PREF,地级,无稳定公开数据,,C_S02,已读来源未提供该维度的稳定全覆盖表；本轮未建立额外逐单元来源,这是本轮证据缺口，不断言其他官方资料不存在；后续需逐表核验,原来源已查；扩展来源待核验
覆盖检查,CV02657,D3,C048,DIM-IND,行业,无稳定公开数据,,C_S02,已读来源未提供该维度的稳定全覆盖表；本轮未建立额外逐单元来源,这是本轮证据缺口，不断言其他官方资料不存在；后续需逐表核验,原来源已查；扩展来源待核验
覆盖检查,CV02658,D3,C048,DIM-FIRM,企业类型,不适用,,C_S02,本指标定义不直接接受该维度拆分,不得借用同名但不同范围指标填补,适用性判断
覆盖检查,CV02659,D3,C048,DIM-HH,居民群体,已覆盖,城市低保；农村低保,C_S02,第九部分。,未核验31省标准或人数统一表。,已读原表/定义；仅所列范围
覆盖检查,CV02660,D3,C048,DIM-SEC,机构部门,无稳定公开数据,,C_S02,已读来源未提供该维度的稳定全覆盖表；本轮未建立额外逐单元来源,这是本轮证据缺口，不断言其他官方资料不存在；后续需逐表核验,原来源已查；扩展来源待核验
覆盖检查,CV02661,S1,C049,DIM-NAT,全国,已覆盖,全国（具体统计边界见定义）,C_S09,一览表：2025年389134；水44802、火153904、核6248、风64001、太阳能120173。,,已读原表/定义；仅所列范围
覆盖检查,CV02662,S2,C049,DIM-NAT,全国,已覆盖,全国（具体统计边界见定义）,C_S09,一览表：2025年389134；水44802、火153904、核6248、风64001、太阳能120173。,,已读原表/定义；仅所列范围
覆盖检查,CV02663,S4,C049,DIM-NAT,全国,已覆盖,全国（具体统计边界见定义）,C_S09,一览表：2025年389134；水44802、火153904、核6248、风64001、太阳能120173。,,已读原表/定义；仅所列范围
覆盖检查,CV02664,S1,C049,DIM-PROV,省级,无稳定公开数据,,C_S09,已读来源未提供该维度的稳定全覆盖表；本轮未建立额外逐单元来源,这是本轮证据缺口，不断言其他官方资料不存在；后续需逐表核验,原来源已查；扩展来源待核验
覆盖检查,CV02665,S2,C049,DIM-PROV,省级,无稳定公开数据,,C_S09,已读来源未提供该维度的稳定全覆盖表；本轮未建立额外逐单元来源,这是本轮证据缺口，不断言其他官方资料不存在；后续需逐表核验,原来源已查；扩展来源待核验
覆盖检查,CV02666,S4,C049,DIM-PROV,省级,无稳定公开数据,,C_S09,已读来源未提供该维度的稳定全覆盖表；本轮未建立额外逐单元来源,这是本轮证据缺口，不断言其他官方资料不存在；后续需逐表核验,原来源已查；扩展来源待核验
覆盖检查,CV02667,S1,C049,DIM-PREF,地级,无稳定公开数据,,C_S09,已读来源未提供该维度的稳定全覆盖表；本轮未建立额外逐单元来源,这是本轮证据缺口，不断言其他官方资料不存在；后续需逐表核验,原来源已查；扩展来源待核验
覆盖检查,CV02668,S2,C049,DIM-PREF,地级,无稳定公开数据,,C_S09,已读来源未提供该维度的稳定全覆盖表；本轮未建立额外逐单元来源,这是本轮证据缺口，不断言其他官方资料不存在；后续需逐表核验,原来源已查；扩展来源待核验
覆盖检查,CV02669,S4,C049,DIM-PREF,地级,无稳定公开数据,,C_S09,已读来源未提供该维度的稳定全覆盖表；本轮未建立额外逐单元来源,这是本轮证据缺口，不断言其他官方资料不存在；后续需逐表核验,原来源已查；扩展来源待核验
覆盖检查,CV02670,S1,C049,DIM-IND,行业,已覆盖,水电；火电；核电；风电；太阳能,C_S09,表内分项。,本轮未核验省级装机。,已读原表/定义；仅所列范围
覆盖检查,CV02671,S2,C049,DIM-IND,行业,已覆盖,水电；火电；核电；风电；太阳能,C_S09,表内分项。,本轮未核验省级装机。,已读原表/定义；仅所列范围
覆盖检查,CV02672,S4,C049,DIM-IND,行业,已覆盖,水电；火电；核电；风电；太阳能,C_S09,表内分项。,本轮未核验省级装机。,已读原表/定义；仅所列范围
覆盖检查,CV02673,S1,C049,DIM-FIRM,企业类型,无稳定公开数据,,C_S09,已读来源未提供该维度的稳定全覆盖表；本轮未建立额外逐单元来源,这是本轮证据缺口，不断言其他官方资料不存在；后续需逐表核验,原来源已查；扩展来源待核验
覆盖检查,CV02674,S2,C049,DIM-FIRM,企业类型,无稳定公开数据,,C_S09,已读来源未提供该维度的稳定全覆盖表；本轮未建立额外逐单元来源,这是本轮证据缺口，不断言其他官方资料不存在；后续需逐表核验,原来源已查；扩展来源待核验
覆盖检查,CV02675,S4,C049,DIM-FIRM,企业类型,无稳定公开数据,,C_S09,已读来源未提供该维度的稳定全覆盖表；本轮未建立额外逐单元来源,这是本轮证据缺口，不断言其他官方资料不存在；后续需逐表核验,原来源已查；扩展来源待核验
覆盖检查,CV02676,S1,C049,DIM-HH,居民群体,不适用,,C_S09,本指标定义不直接接受该维度拆分,不得借用同名但不同范围指标填补,适用性判断
覆盖检查,CV02677,S2,C049,DIM-HH,居民群体,不适用,,C_S09,本指标定义不直接接受该维度拆分,不得借用同名但不同范围指标填补,适用性判断
覆盖检查,CV02678,S4,C049,DIM-HH,居民群体,不适用,,C_S09,本指标定义不直接接受该维度拆分,不得借用同名但不同范围指标填补,适用性判断
覆盖检查,CV02679,S1,C049,DIM-SEC,机构部门,无稳定公开数据,,C_S09,已读来源未提供该维度的稳定全覆盖表；本轮未建立额外逐单元来源,这是本轮证据缺口，不断言其他官方资料不存在；后续需逐表核验,原来源已查；扩展来源待核验
覆盖检查,CV02680,S2,C049,DIM-SEC,机构部门,无稳定公开数据,,C_S09,已读来源未提供该维度的稳定全覆盖表；本轮未建立额外逐单元来源,这是本轮证据缺口，不断言其他官方资料不存在；后续需逐表核验,原来源已查；扩展来源待核验
覆盖检查,CV02681,S4,C049,DIM-SEC,机构部门,无稳定公开数据,,C_S09,已读来源未提供该维度的稳定全覆盖表；本轮未建立额外逐单元来源,这是本轮证据缺口，不断言其他官方资料不存在；后续需逐表核验,原来源已查；扩展来源待核验
覆盖检查,CV02682,G2,C050,DIM-NAT,全国,已覆盖,全国6000千瓦及以上电厂,C_S09,正文与一览表：2025年3119小时，同比减少312小时（绝对量）。,,已读原表/定义；仅所列范围
覆盖检查,CV02683,S2,C050,DIM-NAT,全国,已覆盖,全国6000千瓦及以上电厂,C_S09,正文与一览表：2025年3119小时，同比减少312小时（绝对量）。,,已读原表/定义；仅所列范围
覆盖检查,CV02684,S4,C050,DIM-NAT,全国,已覆盖,全国6000千瓦及以上电厂,C_S09,正文与一览表：2025年3119小时，同比减少312小时（绝对量）。,,已读原表/定义；仅所列范围
覆盖检查,CV02685,G2,C050,DIM-PROV,省级,无稳定公开数据,,C_S09,已读来源未提供该维度的稳定全覆盖表；本轮未建立额外逐单元来源,这是本轮证据缺口，不断言其他官方资料不存在；后续需逐表核验,原来源已查；扩展来源待核验
覆盖检查,CV02686,S2,C050,DIM-PROV,省级,无稳定公开数据,,C_S09,已读来源未提供该维度的稳定全覆盖表；本轮未建立额外逐单元来源,这是本轮证据缺口，不断言其他官方资料不存在；后续需逐表核验,原来源已查；扩展来源待核验
覆盖检查,CV02687,S4,C050,DIM-PROV,省级,无稳定公开数据,,C_S09,已读来源未提供该维度的稳定全覆盖表；本轮未建立额外逐单元来源,这是本轮证据缺口，不断言其他官方资料不存在；后续需逐表核验,原来源已查；扩展来源待核验
覆盖检查,CV02688,G2,C050,DIM-PREF,地级,无稳定公开数据,,C_S09,已读来源未提供该维度的稳定全覆盖表；本轮未建立额外逐单元来源,这是本轮证据缺口，不断言其他官方资料不存在；后续需逐表核验,原来源已查；扩展来源待核验
覆盖检查,CV02689,S2,C050,DIM-PREF,地级,无稳定公开数据,,C_S09,已读来源未提供该维度的稳定全覆盖表；本轮未建立额外逐单元来源,这是本轮证据缺口，不断言其他官方资料不存在；后续需逐表核验,原来源已查；扩展来源待核验
覆盖检查,CV02690,S4,C050,DIM-PREF,地级,无稳定公开数据,,C_S09,已读来源未提供该维度的稳定全覆盖表；本轮未建立额外逐单元来源,这是本轮证据缺口，不断言其他官方资料不存在；后续需逐表核验,原来源已查；扩展来源待核验
覆盖检查,CV02691,G2,C050,DIM-IND,行业,部分覆盖,全部电源合计,C_S09,正文范围。,不得声称分火水风光连续利用小时全部公开。,已读原表/定义；仅所列范围
覆盖检查,CV02692,S2,C050,DIM-IND,行业,部分覆盖,全部电源合计,C_S09,正文范围。,不得声称分火水风光连续利用小时全部公开。,已读原表/定义；仅所列范围
覆盖检查,CV02693,S4,C050,DIM-IND,行业,部分覆盖,全部电源合计,C_S09,正文范围。,不得声称分火水风光连续利用小时全部公开。,已读原表/定义；仅所列范围
覆盖检查,CV02694,G2,C050,DIM-FIRM,企业类型,无稳定公开数据,,C_S09,已读来源未提供该维度的稳定全覆盖表；本轮未建立额外逐单元来源,这是本轮证据缺口，不断言其他官方资料不存在；后续需逐表核验,原来源已查；扩展来源待核验
覆盖检查,CV02695,S2,C050,DIM-FIRM,企业类型,无稳定公开数据,,C_S09,已读来源未提供该维度的稳定全覆盖表；本轮未建立额外逐单元来源,这是本轮证据缺口，不断言其他官方资料不存在；后续需逐表核验,原来源已查；扩展来源待核验
覆盖检查,CV02696,S4,C050,DIM-FIRM,企业类型,无稳定公开数据,,C_S09,已读来源未提供该维度的稳定全覆盖表；本轮未建立额外逐单元来源,这是本轮证据缺口，不断言其他官方资料不存在；后续需逐表核验,原来源已查；扩展来源待核验
覆盖检查,CV02697,G2,C050,DIM-HH,居民群体,不适用,,C_S09,本指标定义不直接接受该维度拆分,不得借用同名但不同范围指标填补,适用性判断
覆盖检查,CV02698,S2,C050,DIM-HH,居民群体,不适用,,C_S09,本指标定义不直接接受该维度拆分,不得借用同名但不同范围指标填补,适用性判断
覆盖检查,CV02699,S4,C050,DIM-HH,居民群体,不适用,,C_S09,本指标定义不直接接受该维度拆分,不得借用同名但不同范围指标填补,适用性判断
覆盖检查,CV02700,G2,C050,DIM-SEC,机构部门,无稳定公开数据,,C_S09,已读来源未提供该维度的稳定全覆盖表；本轮未建立额外逐单元来源,这是本轮证据缺口，不断言其他官方资料不存在；后续需逐表核验,原来源已查；扩展来源待核验
覆盖检查,CV02701,S2,C050,DIM-SEC,机构部门,无稳定公开数据,,C_S09,已读来源未提供该维度的稳定全覆盖表；本轮未建立额外逐单元来源,这是本轮证据缺口，不断言其他官方资料不存在；后续需逐表核验,原来源已查；扩展来源待核验
覆盖检查,CV02702,S4,C050,DIM-SEC,机构部门,无稳定公开数据,,C_S09,已读来源未提供该维度的稳定全覆盖表；本轮未建立额外逐单元来源,这是本轮证据缺口，不断言其他官方资料不存在；后续需逐表核验,原来源已查；扩展来源待核验
覆盖检查,CV02703,S1,C051,DIM-NAT,全国,已覆盖,全国（具体统计边界见定义）,C_S02,第十二部分：2025初步61.7亿吨标准煤，同比增长3.5%。,,已读原表/定义；仅所列范围
覆盖检查,CV02704,S2,C051,DIM-NAT,全国,已覆盖,全国（具体统计边界见定义）,C_S02,第十二部分：2025初步61.7亿吨标准煤，同比增长3.5%。,,已读原表/定义；仅所列范围
覆盖检查,CV02705,S1,C051,DIM-PROV,省级,无稳定公开数据,,C_S02,本轮未取得本指标31省同口径连续公开表。,这是本轮核验盲区，不表示绝对不存在。,已读原表/定义；仅所列范围
覆盖检查,CV02706,S2,C051,DIM-PROV,省级,无稳定公开数据,,C_S02,本轮未取得本指标31省同口径连续公开表。,这是本轮核验盲区，不表示绝对不存在。,已读原表/定义；仅所列范围
覆盖检查,CV02707,S1,C051,DIM-PREF,地级,无稳定公开数据,,C_S02,已读来源未提供该维度的稳定全覆盖表；本轮未建立额外逐单元来源,这是本轮证据缺口，不断言其他官方资料不存在；后续需逐表核验,原来源已查；扩展来源待核验
覆盖检查,CV02708,S2,C051,DIM-PREF,地级,无稳定公开数据,,C_S02,已读来源未提供该维度的稳定全覆盖表；本轮未建立额外逐单元来源,这是本轮证据缺口，不断言其他官方资料不存在；后续需逐表核验,原来源已查；扩展来源待核验
覆盖检查,CV02709,S1,C051,DIM-IND,行业,无稳定公开数据,,C_S02,已读来源未提供该维度的稳定全覆盖表；本轮未建立额外逐单元来源,这是本轮证据缺口，不断言其他官方资料不存在；后续需逐表核验,原来源已查；扩展来源待核验
覆盖检查,CV02710,S2,C051,DIM-IND,行业,无稳定公开数据,,C_S02,已读来源未提供该维度的稳定全覆盖表；本轮未建立额外逐单元来源,这是本轮证据缺口，不断言其他官方资料不存在；后续需逐表核验,原来源已查；扩展来源待核验
覆盖检查,CV02711,S1,C051,DIM-FIRM,企业类型,无稳定公开数据,,C_S02,已读来源未提供该维度的稳定全覆盖表；本轮未建立额外逐单元来源,这是本轮证据缺口，不断言其他官方资料不存在；后续需逐表核验,原来源已查；扩展来源待核验
覆盖检查,CV02712,S2,C051,DIM-FIRM,企业类型,无稳定公开数据,,C_S02,已读来源未提供该维度的稳定全覆盖表；本轮未建立额外逐单元来源,这是本轮证据缺口，不断言其他官方资料不存在；后续需逐表核验,原来源已查；扩展来源待核验
覆盖检查,CV02713,S1,C051,DIM-HH,居民群体,不适用,,C_S02,本指标定义不直接接受该维度拆分,不得借用同名但不同范围指标填补,适用性判断
覆盖检查,CV02714,S2,C051,DIM-HH,居民群体,不适用,,C_S02,本指标定义不直接接受该维度拆分,不得借用同名但不同范围指标填补,适用性判断
覆盖检查,CV02715,S1,C051,DIM-SEC,机构部门,无稳定公开数据,,C_S02,已读来源未提供该维度的稳定全覆盖表；本轮未建立额外逐单元来源,这是本轮证据缺口，不断言其他官方资料不存在；后续需逐表核验,原来源已查；扩展来源待核验
覆盖检查,CV02716,S2,C051,DIM-SEC,机构部门,无稳定公开数据,,C_S02,已读来源未提供该维度的稳定全覆盖表；本轮未建立额外逐单元来源,这是本轮证据缺口，不断言其他官方资料不存在；后续需逐表核验,原来源已查；扩展来源待核验
覆盖检查,CV02717,S1,C052,DIM-NAT,全国,已覆盖,全国（具体统计边界见定义）,C_S02,第十二部分：2025年30.4%，上升1.8个百分点。,,已读原表/定义；仅所列范围
覆盖检查,CV02718,S2,C052,DIM-NAT,全国,已覆盖,全国（具体统计边界见定义）,C_S02,第十二部分：2025年30.4%，上升1.8个百分点。,,已读原表/定义；仅所列范围
覆盖检查,CV02719,S3,C052,DIM-NAT,全国,已覆盖,全国（具体统计边界见定义）,C_S02,第十二部分：2025年30.4%，上升1.8个百分点。,,已读原表/定义；仅所列范围
覆盖检查,CV02720,S1,C052,DIM-PROV,省级,无稳定公开数据,,C_S02,本轮未取得本指标31省同口径连续公开表。,这是本轮核验盲区，不表示绝对不存在。,已读原表/定义；仅所列范围
覆盖检查,CV02721,S2,C052,DIM-PROV,省级,无稳定公开数据,,C_S02,本轮未取得本指标31省同口径连续公开表。,这是本轮核验盲区，不表示绝对不存在。,已读原表/定义；仅所列范围
覆盖检查,CV02722,S3,C052,DIM-PROV,省级,无稳定公开数据,,C_S02,本轮未取得本指标31省同口径连续公开表。,这是本轮核验盲区，不表示绝对不存在。,已读原表/定义；仅所列范围
覆盖检查,CV02723,S1,C052,DIM-PREF,地级,无稳定公开数据,,C_S02,已读来源未提供该维度的稳定全覆盖表；本轮未建立额外逐单元来源,这是本轮证据缺口，不断言其他官方资料不存在；后续需逐表核验,原来源已查；扩展来源待核验
覆盖检查,CV02724,S2,C052,DIM-PREF,地级,无稳定公开数据,,C_S02,已读来源未提供该维度的稳定全覆盖表；本轮未建立额外逐单元来源,这是本轮证据缺口，不断言其他官方资料不存在；后续需逐表核验,原来源已查；扩展来源待核验
覆盖检查,CV02725,S3,C052,DIM-PREF,地级,无稳定公开数据,,C_S02,已读来源未提供该维度的稳定全覆盖表；本轮未建立额外逐单元来源,这是本轮证据缺口，不断言其他官方资料不存在；后续需逐表核验,原来源已查；扩展来源待核验
覆盖检查,CV02726,S1,C052,DIM-IND,行业,无稳定公开数据,,C_S02,已读来源未提供该维度的稳定全覆盖表；本轮未建立额外逐单元来源,这是本轮证据缺口，不断言其他官方资料不存在；后续需逐表核验,原来源已查；扩展来源待核验
覆盖检查,CV02727,S2,C052,DIM-IND,行业,无稳定公开数据,,C_S02,已读来源未提供该维度的稳定全覆盖表；本轮未建立额外逐单元来源,这是本轮证据缺口，不断言其他官方资料不存在；后续需逐表核验,原来源已查；扩展来源待核验
覆盖检查,CV02728,S3,C052,DIM-IND,行业,无稳定公开数据,,C_S02,已读来源未提供该维度的稳定全覆盖表；本轮未建立额外逐单元来源,这是本轮证据缺口，不断言其他官方资料不存在；后续需逐表核验,原来源已查；扩展来源待核验
覆盖检查,CV02729,S1,C052,DIM-FIRM,企业类型,无稳定公开数据,,C_S02,已读来源未提供该维度的稳定全覆盖表；本轮未建立额外逐单元来源,这是本轮证据缺口，不断言其他官方资料不存在；后续需逐表核验,原来源已查；扩展来源待核验
覆盖检查,CV02730,S2,C052,DIM-FIRM,企业类型,无稳定公开数据,,C_S02,已读来源未提供该维度的稳定全覆盖表；本轮未建立额外逐单元来源,这是本轮证据缺口，不断言其他官方资料不存在；后续需逐表核验,原来源已查；扩展来源待核验
覆盖检查,CV02731,S3,C052,DIM-FIRM,企业类型,无稳定公开数据,,C_S02,已读来源未提供该维度的稳定全覆盖表；本轮未建立额外逐单元来源,这是本轮证据缺口，不断言其他官方资料不存在；后续需逐表核验,原来源已查；扩展来源待核验
覆盖检查,CV02732,S1,C052,DIM-HH,居民群体,不适用,,C_S02,本指标定义不直接接受该维度拆分,不得借用同名但不同范围指标填补,适用性判断
覆盖检查,CV02733,S2,C052,DIM-HH,居民群体,不适用,,C_S02,本指标定义不直接接受该维度拆分,不得借用同名但不同范围指标填补,适用性判断
覆盖检查,CV02734,S3,C052,DIM-HH,居民群体,不适用,,C_S02,本指标定义不直接接受该维度拆分,不得借用同名但不同范围指标填补,适用性判断
覆盖检查,CV02735,S1,C052,DIM-SEC,机构部门,无稳定公开数据,,C_S02,已读来源未提供该维度的稳定全覆盖表；本轮未建立额外逐单元来源,这是本轮证据缺口，不断言其他官方资料不存在；后续需逐表核验,原来源已查；扩展来源待核验
覆盖检查,CV02736,S2,C052,DIM-SEC,机构部门,无稳定公开数据,,C_S02,已读来源未提供该维度的稳定全覆盖表；本轮未建立额外逐单元来源,这是本轮证据缺口，不断言其他官方资料不存在；后续需逐表核验,原来源已查；扩展来源待核验
覆盖检查,CV02737,S3,C052,DIM-SEC,机构部门,无稳定公开数据,,C_S02,已读来源未提供该维度的稳定全覆盖表；本轮未建立额外逐单元来源,这是本轮证据缺口，不断言其他官方资料不存在；后续需逐表核验,原来源已查；扩展来源待核验
覆盖检查,CV02738,S2,C053,DIM-NAT,全国,已覆盖,全国（具体统计边界见定义）,C_S08,第一部分：2025年16.5万公里，其中高铁5.0万公里。,,已读原表/定义；仅所列范围
覆盖检查,CV02739,S2,C053,DIM-PROV,省级,无稳定公开数据,,C_S08,已读来源未提供该维度的稳定全覆盖表；本轮未建立额外逐单元来源,这是本轮证据缺口，不断言其他官方资料不存在；后续需逐表核验,原来源已查；扩展来源待核验
覆盖检查,CV02740,S2,C053,DIM-PREF,地级,无稳定公开数据,,C_S08,已读来源未提供该维度的稳定全覆盖表；本轮未建立额外逐单元来源,这是本轮证据缺口，不断言其他官方资料不存在；后续需逐表核验,原来源已查；扩展来源待核验
覆盖检查,CV02741,S2,C053,DIM-IND,行业,已覆盖,铁路；高速铁路（包含于铁路）,C_S08,第一部分对应运输方式。,未核验31省或地级连续表。,已读原表/定义；仅所列范围
覆盖检查,CV02742,S2,C053,DIM-FIRM,企业类型,无稳定公开数据,,C_S08,已读来源未提供该维度的稳定全覆盖表；本轮未建立额外逐单元来源,这是本轮证据缺口，不断言其他官方资料不存在；后续需逐表核验,原来源已查；扩展来源待核验
覆盖检查,CV02743,S2,C053,DIM-HH,居民群体,不适用,,C_S08,本指标定义不直接接受该维度拆分,不得借用同名但不同范围指标填补,适用性判断
覆盖检查,CV02744,S2,C053,DIM-SEC,机构部门,无稳定公开数据,,C_S08,已读来源未提供该维度的稳定全覆盖表；本轮未建立额外逐单元来源,这是本轮证据缺口，不断言其他官方资料不存在；后续需逐表核验,原来源已查；扩展来源待核验
覆盖检查,CV02745,S2,C054,DIM-NAT,全国,已覆盖,全国（具体统计边界见定义）,C_S08,第一部分：2025年557.89万公里，高速公路19.94万公里。,,已读原表/定义；仅所列范围
覆盖检查,CV02746,S2,C054,DIM-PROV,省级,无稳定公开数据,,C_S08,已读来源未提供该维度的稳定全覆盖表；本轮未建立额外逐单元来源,这是本轮证据缺口，不断言其他官方资料不存在；后续需逐表核验,原来源已查；扩展来源待核验
覆盖检查,CV02747,S2,C054,DIM-PREF,地级,无稳定公开数据,,C_S08,已读来源未提供该维度的稳定全覆盖表；本轮未建立额外逐单元来源,这是本轮证据缺口，不断言其他官方资料不存在；后续需逐表核验,原来源已查；扩展来源待核验
覆盖检查,CV02748,S2,C054,DIM-IND,行业,已覆盖,高速；一级；二级；三级；四级；等外公路；国省县乡村道另为行政分类,C_S08,第一部分对应运输方式。,未核验31省或地级连续表。,已读原表/定义；仅所列范围
覆盖检查,CV02749,S2,C054,DIM-FIRM,企业类型,无稳定公开数据,,C_S08,已读来源未提供该维度的稳定全覆盖表；本轮未建立额外逐单元来源,这是本轮证据缺口，不断言其他官方资料不存在；后续需逐表核验,原来源已查；扩展来源待核验
覆盖检查,CV02750,S2,C054,DIM-HH,居民群体,不适用,,C_S08,本指标定义不直接接受该维度拆分,不得借用同名但不同范围指标填补,适用性判断
覆盖检查,CV02751,S2,C054,DIM-SEC,机构部门,无稳定公开数据,,C_S08,已读来源未提供该维度的稳定全覆盖表；本轮未建立额外逐单元来源,这是本轮证据缺口，不断言其他官方资料不存在；后续需逐表核验,原来源已查；扩展来源待核验
覆盖检查,CV02752,S2,C055,DIM-NAT,全国,已覆盖,全国（具体统计边界见定义）,C_S08,第一部分：2025年12.87万公里；七级及以上6.86万公里。,,已读原表/定义；仅所列范围
覆盖检查,CV02753,S2,C055,DIM-PROV,省级,无稳定公开数据,,C_S08,已读来源未提供该维度的稳定全覆盖表；本轮未建立额外逐单元来源,这是本轮证据缺口，不断言其他官方资料不存在；后续需逐表核验,原来源已查；扩展来源待核验
覆盖检查,CV02754,S2,C055,DIM-PREF,地级,无稳定公开数据,,C_S08,已读来源未提供该维度的稳定全覆盖表；本轮未建立额外逐单元来源,这是本轮证据缺口，不断言其他官方资料不存在；后续需逐表核验,原来源已查；扩展来源待核验
覆盖检查,CV02755,S2,C055,DIM-IND,行业,已覆盖,一级至七级；等外航道,C_S08,第一部分对应运输方式。,未核验31省或地级连续表。,已读原表/定义；仅所列范围
覆盖检查,CV02756,S2,C055,DIM-FIRM,企业类型,无稳定公开数据,,C_S08,已读来源未提供该维度的稳定全覆盖表；本轮未建立额外逐单元来源,这是本轮证据缺口，不断言其他官方资料不存在；后续需逐表核验,原来源已查；扩展来源待核验
覆盖检查,CV02757,S2,C055,DIM-HH,居民群体,不适用,,C_S08,本指标定义不直接接受该维度拆分,不得借用同名但不同范围指标填补,适用性判断
覆盖检查,CV02758,S2,C055,DIM-SEC,机构部门,无稳定公开数据,,C_S08,已读来源未提供该维度的稳定全覆盖表；本轮未建立额外逐单元来源,这是本轮证据缺口，不断言其他官方资料不存在；后续需逐表核验,原来源已查；扩展来源待核验
覆盖检查,CV02759,G1,C056,DIM-NAT,全国,已覆盖,全国；东部地区；中部地区；西部地区；东北地区,C_S15,第一部分；表1—3。2025年129441元，2024年124110元；2025名义4.3%、实际4.2%。；四区域为官方汇总。,地区分类仅四大区域，不是31省细表。,已读原表/定义；仅所列范围
覆盖检查,CV02760,G3,C056,DIM-NAT,全国,已覆盖,全国；东部地区；中部地区；西部地区；东北地区,C_S15,第一部分；表1—3。2025年129441元，2024年124110元；2025名义4.3%、实际4.2%。；四区域为官方汇总。,地区分类仅四大区域，不是31省细表。,已读原表/定义；仅所列范围
覆盖检查,CV02761,G4,C056,DIM-NAT,全国,已覆盖,全国；东部地区；中部地区；西部地区；东北地区,C_S15,第一部分；表1—3。2025年129441元，2024年124110元；2025名义4.3%、实际4.2%。；四区域为官方汇总。,地区分类仅四大区域，不是31省细表。,已读原表/定义；仅所列范围
覆盖检查,CV02762,I4,C056,DIM-NAT,全国,已覆盖,全国；东部地区；中部地区；西部地区；东北地区,C_S15,第一部分；表1—3。2025年129441元，2024年124110元；2025名义4.3%、实际4.2%。；四区域为官方汇总。,地区分类仅四大区域，不是31省细表。,已读原表/定义；仅所列范围
覆盖检查,CV02763,D2,C056,DIM-NAT,全国,已覆盖,全国；东部地区；中部地区；西部地区；东北地区,C_S15,第一部分；表1—3。2025年129441元，2024年124110元；2025名义4.3%、实际4.2%。；四区域为官方汇总。,地区分类仅四大区域，不是31省细表。,已读原表/定义；仅所列范围
覆盖检查,CV02764,D3,C056,DIM-NAT,全国,已覆盖,全国；东部地区；中部地区；西部地区；东北地区,C_S15,第一部分；表1—3。2025年129441元，2024年124110元；2025名义4.3%、实际4.2%。；四区域为官方汇总。,地区分类仅四大区域，不是31省细表。,已读原表/定义；仅所列范围
覆盖检查,CV02765,G1,C056,DIM-PROV,省级,无稳定公开数据,,C_S15,本篇仅表列四区域工资和区域内省份构成；没有31省逐省工资表。,本轮未继续逐省查验，不能宣称逐省已覆盖。,已读原表/定义；仅所列范围
覆盖检查,CV02766,G3,C056,DIM-PROV,省级,无稳定公开数据,,C_S15,本篇仅表列四区域工资和区域内省份构成；没有31省逐省工资表。,本轮未继续逐省查验，不能宣称逐省已覆盖。,已读原表/定义；仅所列范围
覆盖检查,CV02767,G4,C056,DIM-PROV,省级,无稳定公开数据,,C_S15,本篇仅表列四区域工资和区域内省份构成；没有31省逐省工资表。,本轮未继续逐省查验，不能宣称逐省已覆盖。,已读原表/定义；仅所列范围
覆盖检查,CV02768,I4,C056,DIM-PROV,省级,无稳定公开数据,,C_S15,本篇仅表列四区域工资和区域内省份构成；没有31省逐省工资表。,本轮未继续逐省查验，不能宣称逐省已覆盖。,已读原表/定义；仅所列范围
覆盖检查,CV02769,D2,C056,DIM-PROV,省级,无稳定公开数据,,C_S15,本篇仅表列四区域工资和区域内省份构成；没有31省逐省工资表。,本轮未继续逐省查验，不能宣称逐省已覆盖。,已读原表/定义；仅所列范围
覆盖检查,CV02770,D3,C056,DIM-PROV,省级,无稳定公开数据,,C_S15,本篇仅表列四区域工资和区域内省份构成；没有31省逐省工资表。,本轮未继续逐省查验，不能宣称逐省已覆盖。,已读原表/定义；仅所列范围
覆盖检查,CV02771,G1,C056,DIM-PREF,地级,无稳定公开数据,,C_S15,已读来源未提供该维度的稳定全覆盖表；本轮未建立额外逐单元来源,这是本轮证据缺口，不断言其他官方资料不存在；后续需逐表核验,原来源已查；扩展来源待核验
覆盖检查,CV02772,G3,C056,DIM-PREF,地级,无稳定公开数据,,C_S15,已读来源未提供该维度的稳定全覆盖表；本轮未建立额外逐单元来源,这是本轮证据缺口，不断言其他官方资料不存在；后续需逐表核验,原来源已查；扩展来源待核验
覆盖检查,CV02773,G4,C056,DIM-PREF,地级,无稳定公开数据,,C_S15,已读来源未提供该维度的稳定全覆盖表；本轮未建立额外逐单元来源,这是本轮证据缺口，不断言其他官方资料不存在；后续需逐表核验,原来源已查；扩展来源待核验
覆盖检查,CV02774,I4,C056,DIM-PREF,地级,无稳定公开数据,,C_S15,已读来源未提供该维度的稳定全覆盖表；本轮未建立额外逐单元来源,这是本轮证据缺口，不断言其他官方资料不存在；后续需逐表核验,原来源已查；扩展来源待核验
覆盖检查,CV02775,D2,C056,DIM-PREF,地级,无稳定公开数据,,C_S15,已读来源未提供该维度的稳定全覆盖表；本轮未建立额外逐单元来源,这是本轮证据缺口，不断言其他官方资料不存在；后续需逐表核验,原来源已查；扩展来源待核验
覆盖检查,CV02776,D3,C056,DIM-PREF,地级,无稳定公开数据,,C_S15,已读来源未提供该维度的稳定全覆盖表；本轮未建立额外逐单元来源,这是本轮证据缺口，不断言其他官方资料不存在；后续需逐表核验,原来源已查；扩展来源待核验
覆盖检查,CV02777,G1,C056,DIM-IND,行业,已覆盖,农、林、牧、渔业；采矿业；制造业；电力、热力、燃气及水生产和供应业；建筑业；批发和零售业；交通运输、仓储和邮政业；住宿和餐饮业；信息传输、软件和信息技术服务业；金融业；房地产业；租赁和商务服务业；科学研究和技术服务业；水利、环境和公共设施管理业；居民服务、修理和其他服务业；教育；卫生和社会工作；文化、体育和娱乐业；公共管理、社会保障和社会组织,C_S15,表2逐行19行业门类；表1四区域；表3登记类别。,行业内规模及岗位构成不同；未核验行业小类或地级交叉表。,已读原表/定义；仅所列范围
覆盖检查,CV02778,G3,C056,DIM-IND,行业,已覆盖,农、林、牧、渔业；采矿业；制造业；电力、热力、燃气及水生产和供应业；建筑业；批发和零售业；交通运输、仓储和邮政业；住宿和餐饮业；信息传输、软件和信息技术服务业；金融业；房地产业；租赁和商务服务业；科学研究和技术服务业；水利、环境和公共设施管理业；居民服务、修理和其他服务业；教育；卫生和社会工作；文化、体育和娱乐业；公共管理、社会保障和社会组织,C_S15,表2逐行19行业门类；表1四区域；表3登记类别。,行业内规模及岗位构成不同；未核验行业小类或地级交叉表。,已读原表/定义；仅所列范围
覆盖检查,CV02779,G4,C056,DIM-IND,行业,已覆盖,农、林、牧、渔业；采矿业；制造业；电力、热力、燃气及水生产和供应业；建筑业；批发和零售业；交通运输、仓储和邮政业；住宿和餐饮业；信息传输、软件和信息技术服务业；金融业；房地产业；租赁和商务服务业；科学研究和技术服务业；水利、环境和公共设施管理业；居民服务、修理和其他服务业；教育；卫生和社会工作；文化、体育和娱乐业；公共管理、社会保障和社会组织,C_S15,表2逐行19行业门类；表1四区域；表3登记类别。,行业内规模及岗位构成不同；未核验行业小类或地级交叉表。,已读原表/定义；仅所列范围
覆盖检查,CV02780,I4,C056,DIM-IND,行业,已覆盖,农、林、牧、渔业；采矿业；制造业；电力、热力、燃气及水生产和供应业；建筑业；批发和零售业；交通运输、仓储和邮政业；住宿和餐饮业；信息传输、软件和信息技术服务业；金融业；房地产业；租赁和商务服务业；科学研究和技术服务业；水利、环境和公共设施管理业；居民服务、修理和其他服务业；教育；卫生和社会工作；文化、体育和娱乐业；公共管理、社会保障和社会组织,C_S15,表2逐行19行业门类；表1四区域；表3登记类别。,行业内规模及岗位构成不同；未核验行业小类或地级交叉表。,已读原表/定义；仅所列范围
覆盖检查,CV02781,D2,C056,DIM-IND,行业,已覆盖,农、林、牧、渔业；采矿业；制造业；电力、热力、燃气及水生产和供应业；建筑业；批发和零售业；交通运输、仓储和邮政业；住宿和餐饮业；信息传输、软件和信息技术服务业；金融业；房地产业；租赁和商务服务业；科学研究和技术服务业；水利、环境和公共设施管理业；居民服务、修理和其他服务业；教育；卫生和社会工作；文化、体育和娱乐业；公共管理、社会保障和社会组织,C_S15,表2逐行19行业门类；表1四区域；表3登记类别。,行业内规模及岗位构成不同；未核验行业小类或地级交叉表。,已读原表/定义；仅所列范围
覆盖检查,CV02782,D3,C056,DIM-IND,行业,已覆盖,农、林、牧、渔业；采矿业；制造业；电力、热力、燃气及水生产和供应业；建筑业；批发和零售业；交通运输、仓储和邮政业；住宿和餐饮业；信息传输、软件和信息技术服务业；金融业；房地产业；租赁和商务服务业；科学研究和技术服务业；水利、环境和公共设施管理业；居民服务、修理和其他服务业；教育；卫生和社会工作；文化、体育和娱乐业；公共管理、社会保障和社会组织,C_S15,表2逐行19行业门类；表1四区域；表3登记类别。,行业内规模及岗位构成不同；未核验行业小类或地级交叉表。,已读原表/定义；仅所列范围
覆盖检查,CV02783,G1,C056,DIM-FIRM,企业类型,已覆盖,非私营内资单位；港澳台投资单位；外商投资单位,C_S15,表3逐列内资、港澳台投资、外商投资单位；附注2定义非私营。,登记类型不等于国有/民营控股类型；不得将内资直接称国有。,已读原表/定义；仅所列范围
覆盖检查,CV02784,G3,C056,DIM-FIRM,企业类型,已覆盖,非私营内资单位；港澳台投资单位；外商投资单位,C_S15,表3逐列内资、港澳台投资、外商投资单位；附注2定义非私营。,登记类型不等于国有/民营控股类型；不得将内资直接称国有。,已读原表/定义；仅所列范围
覆盖检查,CV02785,G4,C056,DIM-FIRM,企业类型,已覆盖,非私营内资单位；港澳台投资单位；外商投资单位,C_S15,表3逐列内资、港澳台投资、外商投资单位；附注2定义非私营。,登记类型不等于国有/民营控股类型；不得将内资直接称国有。,已读原表/定义；仅所列范围
覆盖检查,CV02786,I4,C056,DIM-FIRM,企业类型,已覆盖,非私营内资单位；港澳台投资单位；外商投资单位,C_S15,表3逐列内资、港澳台投资、外商投资单位；附注2定义非私营。,登记类型不等于国有/民营控股类型；不得将内资直接称国有。,已读原表/定义；仅所列范围
覆盖检查,CV02787,D2,C056,DIM-FIRM,企业类型,已覆盖,非私营内资单位；港澳台投资单位；外商投资单位,C_S15,表3逐列内资、港澳台投资、外商投资单位；附注2定义非私营。,登记类型不等于国有/民营控股类型；不得将内资直接称国有。,已读原表/定义；仅所列范围
覆盖检查,CV02788,D3,C056,DIM-FIRM,企业类型,已覆盖,非私营内资单位；港澳台投资单位；外商投资单位,C_S15,表3逐列内资、港澳台投资、外商投资单位；附注2定义非私营。,登记类型不等于国有/民营控股类型；不得将内资直接称国有。,已读原表/定义；仅所列范围
覆盖检查,CV02789,G1,C056,DIM-HH,居民群体,无稳定公开数据,,C_S15,已读来源未提供该维度的稳定全覆盖表；本轮未建立额外逐单元来源,这是本轮证据缺口，不断言其他官方资料不存在；后续需逐表核验,原来源已查；扩展来源待核验
覆盖检查,CV02790,G3,C056,DIM-HH,居民群体,无稳定公开数据,,C_S15,已读来源未提供该维度的稳定全覆盖表；本轮未建立额外逐单元来源,这是本轮证据缺口，不断言其他官方资料不存在；后续需逐表核验,原来源已查；扩展来源待核验
覆盖检查,CV02791,G4,C056,DIM-HH,居民群体,无稳定公开数据,,C_S15,已读来源未提供该维度的稳定全覆盖表；本轮未建立额外逐单元来源,这是本轮证据缺口，不断言其他官方资料不存在；后续需逐表核验,原来源已查；扩展来源待核验
覆盖检查,CV02792,I4,C056,DIM-HH,居民群体,无稳定公开数据,,C_S15,已读来源未提供该维度的稳定全覆盖表；本轮未建立额外逐单元来源,这是本轮证据缺口，不断言其他官方资料不存在；后续需逐表核验,原来源已查；扩展来源待核验
覆盖检查,CV02793,D2,C056,DIM-HH,居民群体,无稳定公开数据,,C_S15,已读来源未提供该维度的稳定全覆盖表；本轮未建立额外逐单元来源,这是本轮证据缺口，不断言其他官方资料不存在；后续需逐表核验,原来源已查；扩展来源待核验
覆盖检查,CV02794,D3,C056,DIM-HH,居民群体,无稳定公开数据,,C_S15,已读来源未提供该维度的稳定全覆盖表；本轮未建立额外逐单元来源,这是本轮证据缺口，不断言其他官方资料不存在；后续需逐表核验,原来源已查；扩展来源待核验
覆盖检查,CV02795,G1,C056,DIM-SEC,机构部门,无稳定公开数据,,C_S15,已读来源未提供该维度的稳定全覆盖表；本轮未建立额外逐单元来源,这是本轮证据缺口，不断言其他官方资料不存在；后续需逐表核验,原来源已查；扩展来源待核验
覆盖检查,CV02796,G3,C056,DIM-SEC,机构部门,无稳定公开数据,,C_S15,已读来源未提供该维度的稳定全覆盖表；本轮未建立额外逐单元来源,这是本轮证据缺口，不断言其他官方资料不存在；后续需逐表核验,原来源已查；扩展来源待核验
覆盖检查,CV02797,G4,C056,DIM-SEC,机构部门,无稳定公开数据,,C_S15,已读来源未提供该维度的稳定全覆盖表；本轮未建立额外逐单元来源,这是本轮证据缺口，不断言其他官方资料不存在；后续需逐表核验,原来源已查；扩展来源待核验
覆盖检查,CV02798,I4,C056,DIM-SEC,机构部门,无稳定公开数据,,C_S15,已读来源未提供该维度的稳定全覆盖表；本轮未建立额外逐单元来源,这是本轮证据缺口，不断言其他官方资料不存在；后续需逐表核验,原来源已查；扩展来源待核验
覆盖检查,CV02799,D2,C056,DIM-SEC,机构部门,无稳定公开数据,,C_S15,已读来源未提供该维度的稳定全覆盖表；本轮未建立额外逐单元来源,这是本轮证据缺口，不断言其他官方资料不存在；后续需逐表核验,原来源已查；扩展来源待核验
覆盖检查,CV02800,D3,C056,DIM-SEC,机构部门,无稳定公开数据,,C_S15,已读来源未提供该维度的稳定全覆盖表；本轮未建立额外逐单元来源,这是本轮证据缺口，不断言其他官方资料不存在；后续需逐表核验,原来源已查；扩展来源待核验
覆盖检查,CV02801,G1,C057,DIM-NAT,全国,已覆盖,全国；东部地区；中部地区；西部地区；东北地区,C_S15,第二部分；表4—5。2025年71590元，2024年69476元；2025名义3.0%、实际2.9%。；四区域为官方汇总。,地区分类仅四大区域，不是31省细表。,已读原表/定义；仅所列范围
覆盖检查,CV02802,G3,C057,DIM-NAT,全国,已覆盖,全国；东部地区；中部地区；西部地区；东北地区,C_S15,第二部分；表4—5。2025年71590元，2024年69476元；2025名义3.0%、实际2.9%。；四区域为官方汇总。,地区分类仅四大区域，不是31省细表。,已读原表/定义；仅所列范围
覆盖检查,CV02803,G4,C057,DIM-NAT,全国,已覆盖,全国；东部地区；中部地区；西部地区；东北地区,C_S15,第二部分；表4—5。2025年71590元，2024年69476元；2025名义3.0%、实际2.9%。；四区域为官方汇总。,地区分类仅四大区域，不是31省细表。,已读原表/定义；仅所列范围
覆盖检查,CV02804,I4,C057,DIM-NAT,全国,已覆盖,全国；东部地区；中部地区；西部地区；东北地区,C_S15,第二部分；表4—5。2025年71590元，2024年69476元；2025名义3.0%、实际2.9%。；四区域为官方汇总。,地区分类仅四大区域，不是31省细表。,已读原表/定义；仅所列范围
覆盖检查,CV02805,D2,C057,DIM-NAT,全国,已覆盖,全国；东部地区；中部地区；西部地区；东北地区,C_S15,第二部分；表4—5。2025年71590元，2024年69476元；2025名义3.0%、实际2.9%。；四区域为官方汇总。,地区分类仅四大区域，不是31省细表。,已读原表/定义；仅所列范围
覆盖检查,CV02806,D3,C057,DIM-NAT,全国,已覆盖,全国；东部地区；中部地区；西部地区；东北地区,C_S15,第二部分；表4—5。2025年71590元，2024年69476元；2025名义3.0%、实际2.9%。；四区域为官方汇总。,地区分类仅四大区域，不是31省细表。,已读原表/定义；仅所列范围
覆盖检查,CV02807,G1,C057,DIM-PROV,省级,无稳定公开数据,,C_S15,本篇仅表列四区域工资和区域内省份构成；没有31省逐省工资表。,本轮未继续逐省查验，不能宣称逐省已覆盖。,已读原表/定义；仅所列范围
覆盖检查,CV02808,G3,C057,DIM-PROV,省级,无稳定公开数据,,C_S15,本篇仅表列四区域工资和区域内省份构成；没有31省逐省工资表。,本轮未继续逐省查验，不能宣称逐省已覆盖。,已读原表/定义；仅所列范围
覆盖检查,CV02809,G4,C057,DIM-PROV,省级,无稳定公开数据,,C_S15,本篇仅表列四区域工资和区域内省份构成；没有31省逐省工资表。,本轮未继续逐省查验，不能宣称逐省已覆盖。,已读原表/定义；仅所列范围
覆盖检查,CV02810,I4,C057,DIM-PROV,省级,无稳定公开数据,,C_S15,本篇仅表列四区域工资和区域内省份构成；没有31省逐省工资表。,本轮未继续逐省查验，不能宣称逐省已覆盖。,已读原表/定义；仅所列范围
覆盖检查,CV02811,D2,C057,DIM-PROV,省级,无稳定公开数据,,C_S15,本篇仅表列四区域工资和区域内省份构成；没有31省逐省工资表。,本轮未继续逐省查验，不能宣称逐省已覆盖。,已读原表/定义；仅所列范围
覆盖检查,CV02812,D3,C057,DIM-PROV,省级,无稳定公开数据,,C_S15,本篇仅表列四区域工资和区域内省份构成；没有31省逐省工资表。,本轮未继续逐省查验，不能宣称逐省已覆盖。,已读原表/定义；仅所列范围
覆盖检查,CV02813,G1,C057,DIM-PREF,地级,无稳定公开数据,,C_S15,已读来源未提供该维度的稳定全覆盖表；本轮未建立额外逐单元来源,这是本轮证据缺口，不断言其他官方资料不存在；后续需逐表核验,原来源已查；扩展来源待核验
覆盖检查,CV02814,G3,C057,DIM-PREF,地级,无稳定公开数据,,C_S15,已读来源未提供该维度的稳定全覆盖表；本轮未建立额外逐单元来源,这是本轮证据缺口，不断言其他官方资料不存在；后续需逐表核验,原来源已查；扩展来源待核验
覆盖检查,CV02815,G4,C057,DIM-PREF,地级,无稳定公开数据,,C_S15,已读来源未提供该维度的稳定全覆盖表；本轮未建立额外逐单元来源,这是本轮证据缺口，不断言其他官方资料不存在；后续需逐表核验,原来源已查；扩展来源待核验
覆盖检查,CV02816,I4,C057,DIM-PREF,地级,无稳定公开数据,,C_S15,已读来源未提供该维度的稳定全覆盖表；本轮未建立额外逐单元来源,这是本轮证据缺口，不断言其他官方资料不存在；后续需逐表核验,原来源已查；扩展来源待核验
覆盖检查,CV02817,D2,C057,DIM-PREF,地级,无稳定公开数据,,C_S15,已读来源未提供该维度的稳定全覆盖表；本轮未建立额外逐单元来源,这是本轮证据缺口，不断言其他官方资料不存在；后续需逐表核验,原来源已查；扩展来源待核验
覆盖检查,CV02818,D3,C057,DIM-PREF,地级,无稳定公开数据,,C_S15,已读来源未提供该维度的稳定全覆盖表；本轮未建立额外逐单元来源,这是本轮证据缺口，不断言其他官方资料不存在；后续需逐表核验,原来源已查；扩展来源待核验
覆盖检查,CV02819,G1,C057,DIM-IND,行业,已覆盖,农、林、牧、渔业；采矿业；制造业；电力、热力、燃气及水生产和供应业；建筑业；批发和零售业；交通运输、仓储和邮政业；住宿和餐饮业；信息传输、软件和信息技术服务业；金融业；房地产业；租赁和商务服务业；科学研究和技术服务业；水利、环境和公共设施管理业；居民服务、修理和其他服务业；教育；卫生和社会工作；文化、体育和娱乐业,C_S15,表5逐行18行业门类；表4四区域。,行业内规模及岗位构成不同；未核验行业小类或地级交叉表。,已读原表/定义；仅所列范围
覆盖检查,CV02820,G3,C057,DIM-IND,行业,已覆盖,农、林、牧、渔业；采矿业；制造业；电力、热力、燃气及水生产和供应业；建筑业；批发和零售业；交通运输、仓储和邮政业；住宿和餐饮业；信息传输、软件和信息技术服务业；金融业；房地产业；租赁和商务服务业；科学研究和技术服务业；水利、环境和公共设施管理业；居民服务、修理和其他服务业；教育；卫生和社会工作；文化、体育和娱乐业,C_S15,表5逐行18行业门类；表4四区域。,行业内规模及岗位构成不同；未核验行业小类或地级交叉表。,已读原表/定义；仅所列范围
覆盖检查,CV02821,G4,C057,DIM-IND,行业,已覆盖,农、林、牧、渔业；采矿业；制造业；电力、热力、燃气及水生产和供应业；建筑业；批发和零售业；交通运输、仓储和邮政业；住宿和餐饮业；信息传输、软件和信息技术服务业；金融业；房地产业；租赁和商务服务业；科学研究和技术服务业；水利、环境和公共设施管理业；居民服务、修理和其他服务业；教育；卫生和社会工作；文化、体育和娱乐业,C_S15,表5逐行18行业门类；表4四区域。,行业内规模及岗位构成不同；未核验行业小类或地级交叉表。,已读原表/定义；仅所列范围
覆盖检查,CV02822,I4,C057,DIM-IND,行业,已覆盖,农、林、牧、渔业；采矿业；制造业；电力、热力、燃气及水生产和供应业；建筑业；批发和零售业；交通运输、仓储和邮政业；住宿和餐饮业；信息传输、软件和信息技术服务业；金融业；房地产业；租赁和商务服务业；科学研究和技术服务业；水利、环境和公共设施管理业；居民服务、修理和其他服务业；教育；卫生和社会工作；文化、体育和娱乐业,C_S15,表5逐行18行业门类；表4四区域。,行业内规模及岗位构成不同；未核验行业小类或地级交叉表。,已读原表/定义；仅所列范围
覆盖检查,CV02823,D2,C057,DIM-IND,行业,已覆盖,农、林、牧、渔业；采矿业；制造业；电力、热力、燃气及水生产和供应业；建筑业；批发和零售业；交通运输、仓储和邮政业；住宿和餐饮业；信息传输、软件和信息技术服务业；金融业；房地产业；租赁和商务服务业；科学研究和技术服务业；水利、环境和公共设施管理业；居民服务、修理和其他服务业；教育；卫生和社会工作；文化、体育和娱乐业,C_S15,表5逐行18行业门类；表4四区域。,行业内规模及岗位构成不同；未核验行业小类或地级交叉表。,已读原表/定义；仅所列范围
覆盖检查,CV02824,D3,C057,DIM-IND,行业,已覆盖,农、林、牧、渔业；采矿业；制造业；电力、热力、燃气及水生产和供应业；建筑业；批发和零售业；交通运输、仓储和邮政业；住宿和餐饮业；信息传输、软件和信息技术服务业；金融业；房地产业；租赁和商务服务业；科学研究和技术服务业；水利、环境和公共设施管理业；居民服务、修理和其他服务业；教育；卫生和社会工作；文化、体育和娱乐业,C_S15,表5逐行18行业门类；表4四区域。,行业内规模及岗位构成不同；未核验行业小类或地级交叉表。,已读原表/定义；仅所列范围
覆盖检查,CV02825,G1,C057,DIM-FIRM,企业类型,已覆盖,城镇私营法人单位,C_S15,附注2定义城镇私营法人单位；本篇没有私营内部公司类型工资拆分。,登记类型不等于国有/民营控股类型；不得将内资直接称国有。,已读原表/定义；仅所列范围
覆盖检查,CV02826,G3,C057,DIM-FIRM,企业类型,已覆盖,城镇私营法人单位,C_S15,附注2定义城镇私营法人单位；本篇没有私营内部公司类型工资拆分。,登记类型不等于国有/民营控股类型；不得将内资直接称国有。,已读原表/定义；仅所列范围
覆盖检查,CV02827,G4,C057,DIM-FIRM,企业类型,已覆盖,城镇私营法人单位,C_S15,附注2定义城镇私营法人单位；本篇没有私营内部公司类型工资拆分。,登记类型不等于国有/民营控股类型；不得将内资直接称国有。,已读原表/定义；仅所列范围
覆盖检查,CV02828,I4,C057,DIM-FIRM,企业类型,已覆盖,城镇私营法人单位,C_S15,附注2定义城镇私营法人单位；本篇没有私营内部公司类型工资拆分。,登记类型不等于国有/民营控股类型；不得将内资直接称国有。,已读原表/定义；仅所列范围
覆盖检查,CV02829,D2,C057,DIM-FIRM,企业类型,已覆盖,城镇私营法人单位,C_S15,附注2定义城镇私营法人单位；本篇没有私营内部公司类型工资拆分。,登记类型不等于国有/民营控股类型；不得将内资直接称国有。,已读原表/定义；仅所列范围
覆盖检查,CV02830,D3,C057,DIM-FIRM,企业类型,已覆盖,城镇私营法人单位,C_S15,附注2定义城镇私营法人单位；本篇没有私营内部公司类型工资拆分。,登记类型不等于国有/民营控股类型；不得将内资直接称国有。,已读原表/定义；仅所列范围
覆盖检查,CV02831,G1,C057,DIM-HH,居民群体,无稳定公开数据,,C_S15,已读来源未提供该维度的稳定全覆盖表；本轮未建立额外逐单元来源,这是本轮证据缺口，不断言其他官方资料不存在；后续需逐表核验,原来源已查；扩展来源待核验
覆盖检查,CV02832,G3,C057,DIM-HH,居民群体,无稳定公开数据,,C_S15,已读来源未提供该维度的稳定全覆盖表；本轮未建立额外逐单元来源,这是本轮证据缺口，不断言其他官方资料不存在；后续需逐表核验,原来源已查；扩展来源待核验
覆盖检查,CV02833,G4,C057,DIM-HH,居民群体,无稳定公开数据,,C_S15,已读来源未提供该维度的稳定全覆盖表；本轮未建立额外逐单元来源,这是本轮证据缺口，不断言其他官方资料不存在；后续需逐表核验,原来源已查；扩展来源待核验
覆盖检查,CV02834,I4,C057,DIM-HH,居民群体,无稳定公开数据,,C_S15,已读来源未提供该维度的稳定全覆盖表；本轮未建立额外逐单元来源,这是本轮证据缺口，不断言其他官方资料不存在；后续需逐表核验,原来源已查；扩展来源待核验
覆盖检查,CV02835,D2,C057,DIM-HH,居民群体,无稳定公开数据,,C_S15,已读来源未提供该维度的稳定全覆盖表；本轮未建立额外逐单元来源,这是本轮证据缺口，不断言其他官方资料不存在；后续需逐表核验,原来源已查；扩展来源待核验
覆盖检查,CV02836,D3,C057,DIM-HH,居民群体,无稳定公开数据,,C_S15,已读来源未提供该维度的稳定全覆盖表；本轮未建立额外逐单元来源,这是本轮证据缺口，不断言其他官方资料不存在；后续需逐表核验,原来源已查；扩展来源待核验
覆盖检查,CV02837,G1,C057,DIM-SEC,机构部门,无稳定公开数据,,C_S15,已读来源未提供该维度的稳定全覆盖表；本轮未建立额外逐单元来源,这是本轮证据缺口，不断言其他官方资料不存在；后续需逐表核验,原来源已查；扩展来源待核验
覆盖检查,CV02838,G3,C057,DIM-SEC,机构部门,无稳定公开数据,,C_S15,已读来源未提供该维度的稳定全覆盖表；本轮未建立额外逐单元来源,这是本轮证据缺口，不断言其他官方资料不存在；后续需逐表核验,原来源已查；扩展来源待核验
覆盖检查,CV02839,G4,C057,DIM-SEC,机构部门,无稳定公开数据,,C_S15,已读来源未提供该维度的稳定全覆盖表；本轮未建立额外逐单元来源,这是本轮证据缺口，不断言其他官方资料不存在；后续需逐表核验,原来源已查；扩展来源待核验
覆盖检查,CV02840,I4,C057,DIM-SEC,机构部门,无稳定公开数据,,C_S15,已读来源未提供该维度的稳定全覆盖表；本轮未建立额外逐单元来源,这是本轮证据缺口，不断言其他官方资料不存在；后续需逐表核验,原来源已查；扩展来源待核验
覆盖检查,CV02841,D2,C057,DIM-SEC,机构部门,无稳定公开数据,,C_S15,已读来源未提供该维度的稳定全覆盖表；本轮未建立额外逐单元来源,这是本轮证据缺口，不断言其他官方资料不存在；后续需逐表核验,原来源已查；扩展来源待核验
覆盖检查,CV02842,D3,C057,DIM-SEC,机构部门,无稳定公开数据,,C_S15,已读来源未提供该维度的稳定全覆盖表；本轮未建立额外逐单元来源,这是本轮证据缺口，不断言其他官方资料不存在；后续需逐表核验,原来源已查；扩展来源待核验
覆盖检查,CV02843,G1,C058,DIM-NAT,全国,已覆盖,全国；东部地区；中部地区；西部地区；东北地区；中层及以上管理人员；专业技术人员；办事人员和有关人员；社会生产服务和生活服务人员；生产制造及有关人员,C_S15,第三部分；表6—8。2025合计106080元；管理210016、专业技术155491、办事94936、社会生产生活服务79857、生产制造80739元。；四区域为官方汇总。,地区分类仅四大区域，不是31省细表。,已读原表/定义；仅所列范围
覆盖检查,CV02844,G3,C058,DIM-NAT,全国,已覆盖,全国；东部地区；中部地区；西部地区；东北地区；中层及以上管理人员；专业技术人员；办事人员和有关人员；社会生产服务和生活服务人员；生产制造及有关人员,C_S15,第三部分；表6—8。2025合计106080元；管理210016、专业技术155491、办事94936、社会生产生活服务79857、生产制造80739元。；四区域为官方汇总。,地区分类仅四大区域，不是31省细表。,已读原表/定义；仅所列范围
覆盖检查,CV02845,G4,C058,DIM-NAT,全国,已覆盖,全国；东部地区；中部地区；西部地区；东北地区；中层及以上管理人员；专业技术人员；办事人员和有关人员；社会生产服务和生活服务人员；生产制造及有关人员,C_S15,第三部分；表6—8。2025合计106080元；管理210016、专业技术155491、办事94936、社会生产生活服务79857、生产制造80739元。；四区域为官方汇总。,地区分类仅四大区域，不是31省细表。,已读原表/定义；仅所列范围
覆盖检查,CV02846,I4,C058,DIM-NAT,全国,已覆盖,全国；东部地区；中部地区；西部地区；东北地区；中层及以上管理人员；专业技术人员；办事人员和有关人员；社会生产服务和生活服务人员；生产制造及有关人员,C_S15,第三部分；表6—8。2025合计106080元；管理210016、专业技术155491、办事94936、社会生产生活服务79857、生产制造80739元。；四区域为官方汇总。,地区分类仅四大区域，不是31省细表。,已读原表/定义；仅所列范围
覆盖检查,CV02847,D2,C058,DIM-NAT,全国,已覆盖,全国；东部地区；中部地区；西部地区；东北地区；中层及以上管理人员；专业技术人员；办事人员和有关人员；社会生产服务和生活服务人员；生产制造及有关人员,C_S15,第三部分；表6—8。2025合计106080元；管理210016、专业技术155491、办事94936、社会生产生活服务79857、生产制造80739元。；四区域为官方汇总。,地区分类仅四大区域，不是31省细表。,已读原表/定义；仅所列范围
覆盖检查,CV02848,D3,C058,DIM-NAT,全国,已覆盖,全国；东部地区；中部地区；西部地区；东北地区；中层及以上管理人员；专业技术人员；办事人员和有关人员；社会生产服务和生活服务人员；生产制造及有关人员,C_S15,第三部分；表6—8。2025合计106080元；管理210016、专业技术155491、办事94936、社会生产生活服务79857、生产制造80739元。；四区域为官方汇总。,地区分类仅四大区域，不是31省细表。,已读原表/定义；仅所列范围
覆盖检查,CV02849,G1,C058,DIM-PROV,省级,无稳定公开数据,,C_S15,本篇仅表列四区域工资和区域内省份构成；没有31省逐省工资表。,本轮未继续逐省查验，不能宣称逐省已覆盖。,已读原表/定义；仅所列范围
覆盖检查,CV02850,G3,C058,DIM-PROV,省级,无稳定公开数据,,C_S15,本篇仅表列四区域工资和区域内省份构成；没有31省逐省工资表。,本轮未继续逐省查验，不能宣称逐省已覆盖。,已读原表/定义；仅所列范围
覆盖检查,CV02851,G4,C058,DIM-PROV,省级,无稳定公开数据,,C_S15,本篇仅表列四区域工资和区域内省份构成；没有31省逐省工资表。,本轮未继续逐省查验，不能宣称逐省已覆盖。,已读原表/定义；仅所列范围
覆盖检查,CV02852,I4,C058,DIM-PROV,省级,无稳定公开数据,,C_S15,本篇仅表列四区域工资和区域内省份构成；没有31省逐省工资表。,本轮未继续逐省查验，不能宣称逐省已覆盖。,已读原表/定义；仅所列范围
覆盖检查,CV02853,D2,C058,DIM-PROV,省级,无稳定公开数据,,C_S15,本篇仅表列四区域工资和区域内省份构成；没有31省逐省工资表。,本轮未继续逐省查验，不能宣称逐省已覆盖。,已读原表/定义；仅所列范围
覆盖检查,CV02854,D3,C058,DIM-PROV,省级,无稳定公开数据,,C_S15,本篇仅表列四区域工资和区域内省份构成；没有31省逐省工资表。,本轮未继续逐省查验，不能宣称逐省已覆盖。,已读原表/定义；仅所列范围
覆盖检查,CV02855,G1,C058,DIM-PREF,地级,无稳定公开数据,,C_S15,已读来源未提供该维度的稳定全覆盖表；本轮未建立额外逐单元来源,这是本轮证据缺口，不断言其他官方资料不存在；后续需逐表核验,原来源已查；扩展来源待核验
覆盖检查,CV02856,G3,C058,DIM-PREF,地级,无稳定公开数据,,C_S15,已读来源未提供该维度的稳定全覆盖表；本轮未建立额外逐单元来源,这是本轮证据缺口，不断言其他官方资料不存在；后续需逐表核验,原来源已查；扩展来源待核验
覆盖检查,CV02857,G4,C058,DIM-PREF,地级,无稳定公开数据,,C_S15,已读来源未提供该维度的稳定全覆盖表；本轮未建立额外逐单元来源,这是本轮证据缺口，不断言其他官方资料不存在；后续需逐表核验,原来源已查；扩展来源待核验
覆盖检查,CV02858,I4,C058,DIM-PREF,地级,无稳定公开数据,,C_S15,已读来源未提供该维度的稳定全覆盖表；本轮未建立额外逐单元来源,这是本轮证据缺口，不断言其他官方资料不存在；后续需逐表核验,原来源已查；扩展来源待核验
覆盖检查,CV02859,D2,C058,DIM-PREF,地级,无稳定公开数据,,C_S15,已读来源未提供该维度的稳定全覆盖表；本轮未建立额外逐单元来源,这是本轮证据缺口，不断言其他官方资料不存在；后续需逐表核验,原来源已查；扩展来源待核验
覆盖检查,CV02860,D3,C058,DIM-PREF,地级,无稳定公开数据,,C_S15,已读来源未提供该维度的稳定全覆盖表；本轮未建立额外逐单元来源,这是本轮证据缺口，不断言其他官方资料不存在；后续需逐表核验,原来源已查；扩展来源待核验
覆盖检查,CV02861,G1,C058,DIM-IND,行业,已覆盖,采矿业；制造业；电力、热力、燃气及水生产和供应业；建筑业；批发和零售业；交通运输、仓储和邮政业；住宿和餐饮业；信息传输、软件和信息技术服务业；房地产业；租赁和商务服务业；科学研究和技术服务业；水利、环境和公共设施管理业；居民服务、修理和其他服务业；教育；卫生和社会工作；文化、体育和娱乐业,C_S15,表7逐行16行业×5岗位；表6四区域×5岗位；表8登记类别×5岗位。,行业内规模及岗位构成不同；未核验行业小类或地级交叉表。,已读原表/定义；仅所列范围
覆盖检查,CV02862,G3,C058,DIM-IND,行业,已覆盖,采矿业；制造业；电力、热力、燃气及水生产和供应业；建筑业；批发和零售业；交通运输、仓储和邮政业；住宿和餐饮业；信息传输、软件和信息技术服务业；房地产业；租赁和商务服务业；科学研究和技术服务业；水利、环境和公共设施管理业；居民服务、修理和其他服务业；教育；卫生和社会工作；文化、体育和娱乐业,C_S15,表7逐行16行业×5岗位；表6四区域×5岗位；表8登记类别×5岗位。,行业内规模及岗位构成不同；未核验行业小类或地级交叉表。,已读原表/定义；仅所列范围
覆盖检查,CV02863,G4,C058,DIM-IND,行业,已覆盖,采矿业；制造业；电力、热力、燃气及水生产和供应业；建筑业；批发和零售业；交通运输、仓储和邮政业；住宿和餐饮业；信息传输、软件和信息技术服务业；房地产业；租赁和商务服务业；科学研究和技术服务业；水利、环境和公共设施管理业；居民服务、修理和其他服务业；教育；卫生和社会工作；文化、体育和娱乐业,C_S15,表7逐行16行业×5岗位；表6四区域×5岗位；表8登记类别×5岗位。,行业内规模及岗位构成不同；未核验行业小类或地级交叉表。,已读原表/定义；仅所列范围
覆盖检查,CV02864,I4,C058,DIM-IND,行业,已覆盖,采矿业；制造业；电力、热力、燃气及水生产和供应业；建筑业；批发和零售业；交通运输、仓储和邮政业；住宿和餐饮业；信息传输、软件和信息技术服务业；房地产业；租赁和商务服务业；科学研究和技术服务业；水利、环境和公共设施管理业；居民服务、修理和其他服务业；教育；卫生和社会工作；文化、体育和娱乐业,C_S15,表7逐行16行业×5岗位；表6四区域×5岗位；表8登记类别×5岗位。,行业内规模及岗位构成不同；未核验行业小类或地级交叉表。,已读原表/定义；仅所列范围
覆盖检查,CV02865,D2,C058,DIM-IND,行业,已覆盖,采矿业；制造业；电力、热力、燃气及水生产和供应业；建筑业；批发和零售业；交通运输、仓储和邮政业；住宿和餐饮业；信息传输、软件和信息技术服务业；房地产业；租赁和商务服务业；科学研究和技术服务业；水利、环境和公共设施管理业；居民服务、修理和其他服务业；教育；卫生和社会工作；文化、体育和娱乐业,C_S15,表7逐行16行业×5岗位；表6四区域×5岗位；表8登记类别×5岗位。,行业内规模及岗位构成不同；未核验行业小类或地级交叉表。,已读原表/定义；仅所列范围
覆盖检查,CV02866,D3,C058,DIM-IND,行业,已覆盖,采矿业；制造业；电力、热力、燃气及水生产和供应业；建筑业；批发和零售业；交通运输、仓储和邮政业；住宿和餐饮业；信息传输、软件和信息技术服务业；房地产业；租赁和商务服务业；科学研究和技术服务业；水利、环境和公共设施管理业；居民服务、修理和其他服务业；教育；卫生和社会工作；文化、体育和娱乐业,C_S15,表7逐行16行业×5岗位；表6四区域×5岗位；表8登记类别×5岗位。,行业内规模及岗位构成不同；未核验行业小类或地级交叉表。,已读原表/定义；仅所列范围
覆盖检查,CV02867,G1,C058,DIM-FIRM,企业类型,已覆盖,内资企业；港澳台投资企业；外商投资企业,C_S15,表8三登记类别×五类岗位；附注2界定16行业规上范围。,登记类型不等于国有/民营控股类型；不得将内资直接称国有。,已读原表/定义；仅所列范围
覆盖检查,CV02868,G3,C058,DIM-FIRM,企业类型,已覆盖,内资企业；港澳台投资企业；外商投资企业,C_S15,表8三登记类别×五类岗位；附注2界定16行业规上范围。,登记类型不等于国有/民营控股类型；不得将内资直接称国有。,已读原表/定义；仅所列范围
覆盖检查,CV02869,G4,C058,DIM-FIRM,企业类型,已覆盖,内资企业；港澳台投资企业；外商投资企业,C_S15,表8三登记类别×五类岗位；附注2界定16行业规上范围。,登记类型不等于国有/民营控股类型；不得将内资直接称国有。,已读原表/定义；仅所列范围
覆盖检查,CV02870,I4,C058,DIM-FIRM,企业类型,已覆盖,内资企业；港澳台投资企业；外商投资企业,C_S15,表8三登记类别×五类岗位；附注2界定16行业规上范围。,登记类型不等于国有/民营控股类型；不得将内资直接称国有。,已读原表/定义；仅所列范围
覆盖检查,CV02871,D2,C058,DIM-FIRM,企业类型,已覆盖,内资企业；港澳台投资企业；外商投资企业,C_S15,表8三登记类别×五类岗位；附注2界定16行业规上范围。,登记类型不等于国有/民营控股类型；不得将内资直接称国有。,已读原表/定义；仅所列范围
覆盖检查,CV02872,D3,C058,DIM-FIRM,企业类型,已覆盖,内资企业；港澳台投资企业；外商投资企业,C_S15,表8三登记类别×五类岗位；附注2界定16行业规上范围。,登记类型不等于国有/民营控股类型；不得将内资直接称国有。,已读原表/定义；仅所列范围
覆盖检查,CV02873,G1,C058,DIM-HH,居民群体,部分覆盖,中层及以上管理人员；专业技术人员；办事人员和有关人员；社会生产服务和生活服务人员；生产制造及有关人员,C_S15,2025年规上企业分岗位工资原文表5—8,规上企业就业人员岗位分类，不代表全体劳动者；各岗位按原表名称。,已读原表/定义；仅所列范围
覆盖检查,CV02874,G3,C058,DIM-HH,居民群体,部分覆盖,中层及以上管理人员；专业技术人员；办事人员和有关人员；社会生产服务和生活服务人员；生产制造及有关人员,C_S15,2025年规上企业分岗位工资原文表5—8,规上企业就业人员岗位分类，不代表全体劳动者；各岗位按原表名称。,已读原表/定义；仅所列范围
覆盖检查,CV02875,G4,C058,DIM-HH,居民群体,部分覆盖,中层及以上管理人员；专业技术人员；办事人员和有关人员；社会生产服务和生活服务人员；生产制造及有关人员,C_S15,2025年规上企业分岗位工资原文表5—8,规上企业就业人员岗位分类，不代表全体劳动者；各岗位按原表名称。,已读原表/定义；仅所列范围
覆盖检查,CV02876,I4,C058,DIM-HH,居民群体,部分覆盖,中层及以上管理人员；专业技术人员；办事人员和有关人员；社会生产服务和生活服务人员；生产制造及有关人员,C_S15,2025年规上企业分岗位工资原文表5—8,规上企业就业人员岗位分类，不代表全体劳动者；各岗位按原表名称。,已读原表/定义；仅所列范围
覆盖检查,CV02877,D2,C058,DIM-HH,居民群体,部分覆盖,中层及以上管理人员；专业技术人员；办事人员和有关人员；社会生产服务和生活服务人员；生产制造及有关人员,C_S15,2025年规上企业分岗位工资原文表5—8,规上企业就业人员岗位分类，不代表全体劳动者；各岗位按原表名称。,已读原表/定义；仅所列范围
覆盖检查,CV02878,D3,C058,DIM-HH,居民群体,部分覆盖,中层及以上管理人员；专业技术人员；办事人员和有关人员；社会生产服务和生活服务人员；生产制造及有关人员,C_S15,2025年规上企业分岗位工资原文表5—8,规上企业就业人员岗位分类，不代表全体劳动者；各岗位按原表名称。,已读原表/定义；仅所列范围
覆盖检查,CV02879,G1,C058,DIM-SEC,机构部门,无稳定公开数据,,C_S15,已读来源未提供该维度的稳定全覆盖表；本轮未建立额外逐单元来源,这是本轮证据缺口，不断言其他官方资料不存在；后续需逐表核验,原来源已查；扩展来源待核验
覆盖检查,CV02880,G3,C058,DIM-SEC,机构部门,无稳定公开数据,,C_S15,已读来源未提供该维度的稳定全覆盖表；本轮未建立额外逐单元来源,这是本轮证据缺口，不断言其他官方资料不存在；后续需逐表核验,原来源已查；扩展来源待核验
覆盖检查,CV02881,G4,C058,DIM-SEC,机构部门,无稳定公开数据,,C_S15,已读来源未提供该维度的稳定全覆盖表；本轮未建立额外逐单元来源,这是本轮证据缺口，不断言其他官方资料不存在；后续需逐表核验,原来源已查；扩展来源待核验
覆盖检查,CV02882,I4,C058,DIM-SEC,机构部门,无稳定公开数据,,C_S15,已读来源未提供该维度的稳定全覆盖表；本轮未建立额外逐单元来源,这是本轮证据缺口，不断言其他官方资料不存在；后续需逐表核验,原来源已查；扩展来源待核验
覆盖检查,CV02883,D2,C058,DIM-SEC,机构部门,无稳定公开数据,,C_S15,已读来源未提供该维度的稳定全覆盖表；本轮未建立额外逐单元来源,这是本轮证据缺口，不断言其他官方资料不存在；后续需逐表核验,原来源已查；扩展来源待核验
覆盖检查,CV02884,D3,C058,DIM-SEC,机构部门,无稳定公开数据,,C_S15,已读来源未提供该维度的稳定全覆盖表；本轮未建立额外逐单元来源,这是本轮证据缺口，不断言其他官方资料不存在；后续需逐表核验,原来源已查；扩展来源待核验
覆盖检查,CV02885,I2,C059,DIM-NAT,全国,已覆盖,全国登记技术合同,C_S02；C_S16；C_S17,C_S02科技章节2025成交金额75734亿元。,仅登记口径，未登记交易不能补估。,已读原表/定义；仅所列范围
覆盖检查,CV02886,I3,C059,DIM-NAT,全国,已覆盖,全国登记技术合同,C_S02；C_S16；C_S17,C_S02科技章节2025成交金额75734亿元。,仅登记口径，未登记交易不能补估。,已读原表/定义；仅所列范围
覆盖检查,CV02887,S3,C059,DIM-NAT,全国,已覆盖,全国登记技术合同,C_S02；C_S16；C_S17,C_S02科技章节2025成交金额75734亿元。,仅登记口径，未登记交易不能补估。,已读原表/定义；仅所列范围
覆盖检查,CV02888,I2,C059,DIM-PROV,省级,无稳定公开数据,,C_S02,本轮仅核验全国年报总值，未读31省同口径成交额表。,不得由全国制度推断31省数据已公开。,已读原表/定义；仅所列范围
覆盖检查,CV02889,I3,C059,DIM-PROV,省级,无稳定公开数据,,C_S02,本轮仅核验全国年报总值，未读31省同口径成交额表。,不得由全国制度推断31省数据已公开。,已读原表/定义；仅所列范围
覆盖检查,CV02890,S3,C059,DIM-PROV,省级,无稳定公开数据,,C_S02,本轮仅核验全国年报总值，未读31省同口径成交额表。,不得由全国制度推断31省数据已公开。,已读原表/定义；仅所列范围
覆盖检查,CV02891,I2,C059,DIM-PREF,地级,无稳定公开数据,,C_S02,已读来源未提供该维度的稳定全覆盖表；本轮未建立额外逐单元来源,这是本轮证据缺口，不断言其他官方资料不存在；后续需逐表核验,原来源已查；扩展来源待核验
覆盖检查,CV02892,I3,C059,DIM-PREF,地级,无稳定公开数据,,C_S02,已读来源未提供该维度的稳定全覆盖表；本轮未建立额外逐单元来源,这是本轮证据缺口，不断言其他官方资料不存在；后续需逐表核验,原来源已查；扩展来源待核验
覆盖检查,CV02893,S3,C059,DIM-PREF,地级,无稳定公开数据,,C_S02,已读来源未提供该维度的稳定全覆盖表；本轮未建立额外逐单元来源,这是本轮证据缺口，不断言其他官方资料不存在；后续需逐表核验,原来源已查；扩展来源待核验
覆盖检查,CV02894,I2,C059,DIM-IND,行业,无稳定公开数据,,C_S02,已读来源未提供该维度的稳定全覆盖表；本轮未建立额外逐单元来源,这是本轮证据缺口，不断言其他官方资料不存在；后续需逐表核验,原来源已查；扩展来源待核验
覆盖检查,CV02895,I3,C059,DIM-IND,行业,无稳定公开数据,,C_S02,已读来源未提供该维度的稳定全覆盖表；本轮未建立额外逐单元来源,这是本轮证据缺口，不断言其他官方资料不存在；后续需逐表核验,原来源已查；扩展来源待核验
覆盖检查,CV02896,S3,C059,DIM-IND,行业,无稳定公开数据,,C_S02,已读来源未提供该维度的稳定全覆盖表；本轮未建立额外逐单元来源,这是本轮证据缺口，不断言其他官方资料不存在；后续需逐表核验,原来源已查；扩展来源待核验
覆盖检查,CV02897,I2,C059,DIM-FIRM,企业类型,无稳定公开数据,,C_S16；C_S17,本轮未核验交易卖方类型连续统计表。,合同类型规则是分类定义证据，不是分类数据覆盖。,已读原表/定义；仅所列范围
覆盖检查,CV02898,I3,C059,DIM-FIRM,企业类型,无稳定公开数据,,C_S16；C_S17,本轮未核验交易卖方类型连续统计表。,合同类型规则是分类定义证据，不是分类数据覆盖。,已读原表/定义；仅所列范围
覆盖检查,CV02899,S3,C059,DIM-FIRM,企业类型,无稳定公开数据,,C_S16；C_S17,本轮未核验交易卖方类型连续统计表。,合同类型规则是分类定义证据，不是分类数据覆盖。,已读原表/定义；仅所列范围
覆盖检查,CV02900,I2,C059,DIM-HH,居民群体,无稳定公开数据,,C_S02,已读来源未提供该维度的稳定全覆盖表；本轮未建立额外逐单元来源,这是本轮证据缺口，不断言其他官方资料不存在；后续需逐表核验,原来源已查；扩展来源待核验
覆盖检查,CV02901,I3,C059,DIM-HH,居民群体,无稳定公开数据,,C_S02,已读来源未提供该维度的稳定全覆盖表；本轮未建立额外逐单元来源,这是本轮证据缺口，不断言其他官方资料不存在；后续需逐表核验,原来源已查；扩展来源待核验
覆盖检查,CV02902,S3,C059,DIM-HH,居民群体,无稳定公开数据,,C_S02,已读来源未提供该维度的稳定全覆盖表；本轮未建立额外逐单元来源,这是本轮证据缺口，不断言其他官方资料不存在；后续需逐表核验,原来源已查；扩展来源待核验
覆盖检查,CV02903,I2,C059,DIM-SEC,机构部门,无稳定公开数据,,C_S02,已读来源未提供该维度的稳定全覆盖表；本轮未建立额外逐单元来源,这是本轮证据缺口，不断言其他官方资料不存在；后续需逐表核验,原来源已查；扩展来源待核验
覆盖检查,CV02904,I3,C059,DIM-SEC,机构部门,无稳定公开数据,,C_S02,已读来源未提供该维度的稳定全覆盖表；本轮未建立额外逐单元来源,这是本轮证据缺口，不断言其他官方资料不存在；后续需逐表核验,原来源已查；扩展来源待核验
覆盖检查,CV02905,S3,C059,DIM-SEC,机构部门,无稳定公开数据,,C_S02,已读来源未提供该维度的稳定全覆盖表；本轮未建立额外逐单元来源,这是本轮证据缺口，不断言其他官方资料不存在；后续需逐表核验,原来源已查；扩展来源待核验
覆盖检查,CV02906,G3,R001,DIM-NAT,全国,已覆盖,中国内地国民核算口径,R_FOF,表3-15国内合计,2023年，发布有时滞,已读原表/定义；仅所列范围
覆盖检查,CV02907,G4,R001,DIM-NAT,全国,已覆盖,中国内地国民核算口径,R_FOF,表3-15国内合计,2023年，发布有时滞,已读原表/定义；仅所列范围
覆盖检查,CV02908,D4,R001,DIM-NAT,全国,已覆盖,中国内地国民核算口径,R_FOF,表3-15国内合计,2023年，发布有时滞,已读原表/定义；仅所列范围
覆盖检查,CV02909,G3,R001,DIM-PROV,省级,无稳定公开数据,,R_FOF,已读来源未提供该维度的稳定全覆盖表；本轮未建立额外逐单元来源,这是本轮证据缺口，不断言其他官方资料不存在；后续需逐表核验,原来源已查；扩展来源待核验
覆盖检查,CV02910,G4,R001,DIM-PROV,省级,无稳定公开数据,,R_FOF,已读来源未提供该维度的稳定全覆盖表；本轮未建立额外逐单元来源,这是本轮证据缺口，不断言其他官方资料不存在；后续需逐表核验,原来源已查；扩展来源待核验
覆盖检查,CV02911,D4,R001,DIM-PROV,省级,无稳定公开数据,,R_FOF,已读来源未提供该维度的稳定全覆盖表；本轮未建立额外逐单元来源,这是本轮证据缺口，不断言其他官方资料不存在；后续需逐表核验,原来源已查；扩展来源待核验
覆盖检查,CV02912,G3,R001,DIM-PREF,地级,无稳定公开数据,,R_FOF,已读来源未提供该维度的稳定全覆盖表；本轮未建立额外逐单元来源,这是本轮证据缺口，不断言其他官方资料不存在；后续需逐表核验,原来源已查；扩展来源待核验
覆盖检查,CV02913,G4,R001,DIM-PREF,地级,无稳定公开数据,,R_FOF,已读来源未提供该维度的稳定全覆盖表；本轮未建立额外逐单元来源,这是本轮证据缺口，不断言其他官方资料不存在；后续需逐表核验,原来源已查；扩展来源待核验
覆盖检查,CV02914,D4,R001,DIM-PREF,地级,无稳定公开数据,,R_FOF,已读来源未提供该维度的稳定全覆盖表；本轮未建立额外逐单元来源,这是本轮证据缺口，不断言其他官方资料不存在；后续需逐表核验,原来源已查；扩展来源待核验
覆盖检查,CV02915,G3,R001,DIM-IND,行业,无稳定公开数据,,R_FOF,已读来源未提供该维度的稳定全覆盖表；本轮未建立额外逐单元来源,这是本轮证据缺口，不断言其他官方资料不存在；后续需逐表核验,原来源已查；扩展来源待核验
覆盖检查,CV02916,G4,R001,DIM-IND,行业,无稳定公开数据,,R_FOF,已读来源未提供该维度的稳定全覆盖表；本轮未建立额外逐单元来源,这是本轮证据缺口，不断言其他官方资料不存在；后续需逐表核验,原来源已查；扩展来源待核验
覆盖检查,CV02917,D4,R001,DIM-IND,行业,无稳定公开数据,,R_FOF,已读来源未提供该维度的稳定全覆盖表；本轮未建立额外逐单元来源,这是本轮证据缺口，不断言其他官方资料不存在；后续需逐表核验,原来源已查；扩展来源待核验
覆盖检查,CV02918,G3,R001,DIM-FIRM,企业类型,无稳定公开数据,,R_FOF,已读来源未提供该维度的稳定全覆盖表；本轮未建立额外逐单元来源,这是本轮证据缺口，不断言其他官方资料不存在；后续需逐表核验,原来源已查；扩展来源待核验
覆盖检查,CV02919,G4,R001,DIM-FIRM,企业类型,无稳定公开数据,,R_FOF,已读来源未提供该维度的稳定全覆盖表；本轮未建立额外逐单元来源,这是本轮证据缺口，不断言其他官方资料不存在；后续需逐表核验,原来源已查；扩展来源待核验
覆盖检查,CV02920,D4,R001,DIM-FIRM,企业类型,无稳定公开数据,,R_FOF,已读来源未提供该维度的稳定全覆盖表；本轮未建立额外逐单元来源,这是本轮证据缺口，不断言其他官方资料不存在；后续需逐表核验,原来源已查；扩展来源待核验
覆盖检查,CV02921,G3,R001,DIM-HH,居民群体,不适用,,R_FOF,本指标定义不直接接受该维度拆分,不得借用同名但不同范围指标填补,适用性判断
覆盖检查,CV02922,G4,R001,DIM-HH,居民群体,不适用,,R_FOF,本指标定义不直接接受该维度拆分,不得借用同名但不同范围指标填补,适用性判断
覆盖检查,CV02923,D4,R001,DIM-HH,居民群体,不适用,,R_FOF,本指标定义不直接接受该维度拆分,不得借用同名但不同范围指标填补,适用性判断
覆盖检查,CV02924,G3,R001,DIM-SEC,机构部门,部分覆盖,非金融企业；金融机构；广义政府；住户,R_FOF,表3-15本交易行的实际非空部门列；来源/运用分别选取,不承诺各部门双侧都有数值；实物转移仅政府运用/住户来源；实际最终消费仅政府/住户。,已读原表/定义；仅所列范围
覆盖检查,CV02925,G4,R001,DIM-SEC,机构部门,部分覆盖,非金融企业；金融机构；广义政府；住户,R_FOF,表3-15本交易行的实际非空部门列；来源/运用分别选取,不承诺各部门双侧都有数值；实物转移仅政府运用/住户来源；实际最终消费仅政府/住户。,已读原表/定义；仅所列范围
覆盖检查,CV02926,D4,R001,DIM-SEC,机构部门,部分覆盖,非金融企业；金融机构；广义政府；住户,R_FOF,表3-15本交易行的实际非空部门列；来源/运用分别选取,不承诺各部门双侧都有数值；实物转移仅政府运用/住户来源；实际最终消费仅政府/住户。,已读原表/定义；仅所列范围
覆盖检查,CV02927,D2,R002,DIM-NAT,全国,已覆盖,中国内地国民核算口径,R_FOF,表3-15国内合计,2023年，发布有时滞,已读原表/定义；仅所列范围
覆盖检查,CV02928,D4,R002,DIM-NAT,全国,已覆盖,中国内地国民核算口径,R_FOF,表3-15国内合计,2023年，发布有时滞,已读原表/定义；仅所列范围
覆盖检查,CV02929,D2,R002,DIM-PROV,省级,无稳定公开数据,,R_FOF,已读来源未提供该维度的稳定全覆盖表；本轮未建立额外逐单元来源,这是本轮证据缺口，不断言其他官方资料不存在；后续需逐表核验,原来源已查；扩展来源待核验
覆盖检查,CV02930,D4,R002,DIM-PROV,省级,无稳定公开数据,,R_FOF,已读来源未提供该维度的稳定全覆盖表；本轮未建立额外逐单元来源,这是本轮证据缺口，不断言其他官方资料不存在；后续需逐表核验,原来源已查；扩展来源待核验
覆盖检查,CV02931,D2,R002,DIM-PREF,地级,无稳定公开数据,,R_FOF,已读来源未提供该维度的稳定全覆盖表；本轮未建立额外逐单元来源,这是本轮证据缺口，不断言其他官方资料不存在；后续需逐表核验,原来源已查；扩展来源待核验
覆盖检查,CV02932,D4,R002,DIM-PREF,地级,无稳定公开数据,,R_FOF,已读来源未提供该维度的稳定全覆盖表；本轮未建立额外逐单元来源,这是本轮证据缺口，不断言其他官方资料不存在；后续需逐表核验,原来源已查；扩展来源待核验
覆盖检查,CV02933,D2,R002,DIM-IND,行业,无稳定公开数据,,R_FOF,已读来源未提供该维度的稳定全覆盖表；本轮未建立额外逐单元来源,这是本轮证据缺口，不断言其他官方资料不存在；后续需逐表核验,原来源已查；扩展来源待核验
覆盖检查,CV02934,D4,R002,DIM-IND,行业,无稳定公开数据,,R_FOF,已读来源未提供该维度的稳定全覆盖表；本轮未建立额外逐单元来源,这是本轮证据缺口，不断言其他官方资料不存在；后续需逐表核验,原来源已查；扩展来源待核验
覆盖检查,CV02935,D2,R002,DIM-FIRM,企业类型,无稳定公开数据,,R_FOF,已读来源未提供该维度的稳定全覆盖表；本轮未建立额外逐单元来源,这是本轮证据缺口，不断言其他官方资料不存在；后续需逐表核验,原来源已查；扩展来源待核验
覆盖检查,CV02936,D4,R002,DIM-FIRM,企业类型,无稳定公开数据,,R_FOF,已读来源未提供该维度的稳定全覆盖表；本轮未建立额外逐单元来源,这是本轮证据缺口，不断言其他官方资料不存在；后续需逐表核验,原来源已查；扩展来源待核验
覆盖检查,CV02937,D2,R002,DIM-HH,居民群体,不适用,,R_FOF,本指标定义不直接接受该维度拆分,不得借用同名但不同范围指标填补,适用性判断
覆盖检查,CV02938,D4,R002,DIM-HH,居民群体,不适用,,R_FOF,本指标定义不直接接受该维度拆分,不得借用同名但不同范围指标填补,适用性判断
覆盖检查,CV02939,D2,R002,DIM-SEC,机构部门,部分覆盖,非金融企业；金融机构；广义政府；住户；国外,R_FOF,表3-15本交易行的实际非空部门列；来源/运用分别选取,不承诺各部门双侧都有数值；实物转移仅政府运用/住户来源；实际最终消费仅政府/住户。,已读原表/定义；仅所列范围
覆盖检查,CV02940,D4,R002,DIM-SEC,机构部门,部分覆盖,非金融企业；金融机构；广义政府；住户；国外,R_FOF,表3-15本交易行的实际非空部门列；来源/运用分别选取,不承诺各部门双侧都有数值；实物转移仅政府运用/住户来源；实际最终消费仅政府/住户。,已读原表/定义；仅所列范围
覆盖检查,CV02941,D4,R003,DIM-NAT,全国,已覆盖,中国内地国民核算口径,R_FOF,表3-15国内合计,2023年，发布有时滞,已读原表/定义；仅所列范围
覆盖检查,CV02942,D4,R003,DIM-PROV,省级,无稳定公开数据,,R_FOF,已读来源未提供该维度的稳定全覆盖表；本轮未建立额外逐单元来源,这是本轮证据缺口，不断言其他官方资料不存在；后续需逐表核验,原来源已查；扩展来源待核验
覆盖检查,CV02943,D4,R003,DIM-PREF,地级,无稳定公开数据,,R_FOF,已读来源未提供该维度的稳定全覆盖表；本轮未建立额外逐单元来源,这是本轮证据缺口，不断言其他官方资料不存在；后续需逐表核验,原来源已查；扩展来源待核验
覆盖检查,CV02944,D4,R003,DIM-IND,行业,无稳定公开数据,,R_FOF,已读来源未提供该维度的稳定全覆盖表；本轮未建立额外逐单元来源,这是本轮证据缺口，不断言其他官方资料不存在；后续需逐表核验,原来源已查；扩展来源待核验
覆盖检查,CV02945,D4,R003,DIM-FIRM,企业类型,无稳定公开数据,,R_FOF,已读来源未提供该维度的稳定全覆盖表；本轮未建立额外逐单元来源,这是本轮证据缺口，不断言其他官方资料不存在；后续需逐表核验,原来源已查；扩展来源待核验
覆盖检查,CV02946,D4,R003,DIM-HH,居民群体,不适用,,R_FOF,本指标定义不直接接受该维度拆分,不得借用同名但不同范围指标填补,适用性判断
覆盖检查,CV02947,D4,R003,DIM-SEC,机构部门,部分覆盖,非金融企业；金融机构；广义政府；住户,R_FOF,表3-15本交易行的实际非空部门列；来源/运用分别选取,不承诺各部门双侧都有数值；实物转移仅政府运用/住户来源；实际最终消费仅政府/住户。,已读原表/定义；仅所列范围
覆盖检查,CV02948,D3,R004,DIM-NAT,全国,已覆盖,中国内地国民核算口径,R_FOF,表3-15国内合计,2023年，发布有时滞,已读原表/定义；仅所列范围
覆盖检查,CV02949,D4,R004,DIM-NAT,全国,已覆盖,中国内地国民核算口径,R_FOF,表3-15国内合计,2023年，发布有时滞,已读原表/定义；仅所列范围
覆盖检查,CV02950,D3,R004,DIM-PROV,省级,无稳定公开数据,,R_FOF,已读来源未提供该维度的稳定全覆盖表；本轮未建立额外逐单元来源,这是本轮证据缺口，不断言其他官方资料不存在；后续需逐表核验,原来源已查；扩展来源待核验
覆盖检查,CV02951,D4,R004,DIM-PROV,省级,无稳定公开数据,,R_FOF,已读来源未提供该维度的稳定全覆盖表；本轮未建立额外逐单元来源,这是本轮证据缺口，不断言其他官方资料不存在；后续需逐表核验,原来源已查；扩展来源待核验
覆盖检查,CV02952,D3,R004,DIM-PREF,地级,无稳定公开数据,,R_FOF,已读来源未提供该维度的稳定全覆盖表；本轮未建立额外逐单元来源,这是本轮证据缺口，不断言其他官方资料不存在；后续需逐表核验,原来源已查；扩展来源待核验
覆盖检查,CV02953,D4,R004,DIM-PREF,地级,无稳定公开数据,,R_FOF,已读来源未提供该维度的稳定全覆盖表；本轮未建立额外逐单元来源,这是本轮证据缺口，不断言其他官方资料不存在；后续需逐表核验,原来源已查；扩展来源待核验
覆盖检查,CV02954,D3,R004,DIM-IND,行业,无稳定公开数据,,R_FOF,已读来源未提供该维度的稳定全覆盖表；本轮未建立额外逐单元来源,这是本轮证据缺口，不断言其他官方资料不存在；后续需逐表核验,原来源已查；扩展来源待核验
覆盖检查,CV02955,D4,R004,DIM-IND,行业,无稳定公开数据,,R_FOF,已读来源未提供该维度的稳定全覆盖表；本轮未建立额外逐单元来源,这是本轮证据缺口，不断言其他官方资料不存在；后续需逐表核验,原来源已查；扩展来源待核验
覆盖检查,CV02956,D3,R004,DIM-FIRM,企业类型,无稳定公开数据,,R_FOF,已读来源未提供该维度的稳定全覆盖表；本轮未建立额外逐单元来源,这是本轮证据缺口，不断言其他官方资料不存在；后续需逐表核验,原来源已查；扩展来源待核验
覆盖检查,CV02957,D4,R004,DIM-FIRM,企业类型,无稳定公开数据,,R_FOF,已读来源未提供该维度的稳定全覆盖表；本轮未建立额外逐单元来源,这是本轮证据缺口，不断言其他官方资料不存在；后续需逐表核验,原来源已查；扩展来源待核验
覆盖检查,CV02958,D3,R004,DIM-HH,居民群体,不适用,,R_FOF,本指标定义不直接接受该维度拆分,不得借用同名但不同范围指标填补,适用性判断
覆盖检查,CV02959,D4,R004,DIM-HH,居民群体,不适用,,R_FOF,本指标定义不直接接受该维度拆分,不得借用同名但不同范围指标填补,适用性判断
覆盖检查,CV02960,D3,R004,DIM-SEC,机构部门,部分覆盖,非金融企业；金融机构；广义政府；住户,R_FOF,表3-15本交易行的实际非空部门列；来源/运用分别选取,不承诺各部门双侧都有数值；实物转移仅政府运用/住户来源；实际最终消费仅政府/住户。,已读原表/定义；仅所列范围
覆盖检查,CV02961,D4,R004,DIM-SEC,机构部门,部分覆盖,非金融企业；金融机构；广义政府；住户,R_FOF,表3-15本交易行的实际非空部门列；来源/运用分别选取,不承诺各部门双侧都有数值；实物转移仅政府运用/住户来源；实际最终消费仅政府/住户。,已读原表/定义；仅所列范围
覆盖检查,CV02962,D3,R005,DIM-NAT,全国,已覆盖,中国内地国民核算口径,R_FOF,表3-15国内合计,2023年，发布有时滞,已读原表/定义；仅所列范围
覆盖检查,CV02963,D4,R005,DIM-NAT,全国,已覆盖,中国内地国民核算口径,R_FOF,表3-15国内合计,2023年，发布有时滞,已读原表/定义；仅所列范围
覆盖检查,CV02964,D3,R005,DIM-PROV,省级,无稳定公开数据,,R_FOF,已读来源未提供该维度的稳定全覆盖表；本轮未建立额外逐单元来源,这是本轮证据缺口，不断言其他官方资料不存在；后续需逐表核验,原来源已查；扩展来源待核验
覆盖检查,CV02965,D4,R005,DIM-PROV,省级,无稳定公开数据,,R_FOF,已读来源未提供该维度的稳定全覆盖表；本轮未建立额外逐单元来源,这是本轮证据缺口，不断言其他官方资料不存在；后续需逐表核验,原来源已查；扩展来源待核验
覆盖检查,CV02966,D3,R005,DIM-PREF,地级,无稳定公开数据,,R_FOF,已读来源未提供该维度的稳定全覆盖表；本轮未建立额外逐单元来源,这是本轮证据缺口，不断言其他官方资料不存在；后续需逐表核验,原来源已查；扩展来源待核验
覆盖检查,CV02967,D4,R005,DIM-PREF,地级,无稳定公开数据,,R_FOF,已读来源未提供该维度的稳定全覆盖表；本轮未建立额外逐单元来源,这是本轮证据缺口，不断言其他官方资料不存在；后续需逐表核验,原来源已查；扩展来源待核验
覆盖检查,CV02968,D3,R005,DIM-IND,行业,无稳定公开数据,,R_FOF,已读来源未提供该维度的稳定全覆盖表；本轮未建立额外逐单元来源,这是本轮证据缺口，不断言其他官方资料不存在；后续需逐表核验,原来源已查；扩展来源待核验
覆盖检查,CV02969,D4,R005,DIM-IND,行业,无稳定公开数据,,R_FOF,已读来源未提供该维度的稳定全覆盖表；本轮未建立额外逐单元来源,这是本轮证据缺口，不断言其他官方资料不存在；后续需逐表核验,原来源已查；扩展来源待核验
覆盖检查,CV02970,D3,R005,DIM-FIRM,企业类型,无稳定公开数据,,R_FOF,已读来源未提供该维度的稳定全覆盖表；本轮未建立额外逐单元来源,这是本轮证据缺口，不断言其他官方资料不存在；后续需逐表核验,原来源已查；扩展来源待核验
覆盖检查,CV02971,D4,R005,DIM-FIRM,企业类型,无稳定公开数据,,R_FOF,已读来源未提供该维度的稳定全覆盖表；本轮未建立额外逐单元来源,这是本轮证据缺口，不断言其他官方资料不存在；后续需逐表核验,原来源已查；扩展来源待核验
覆盖检查,CV02972,D3,R005,DIM-HH,居民群体,不适用,,R_FOF,本指标定义不直接接受该维度拆分,不得借用同名但不同范围指标填补,适用性判断
覆盖检查,CV02973,D4,R005,DIM-HH,居民群体,不适用,,R_FOF,本指标定义不直接接受该维度拆分,不得借用同名但不同范围指标填补,适用性判断
覆盖检查,CV02974,D3,R005,DIM-SEC,机构部门,部分覆盖,广义政府；住户,R_FOF,表3-15本交易行的实际非空部门列；来源/运用分别选取,不承诺各部门双侧都有数值；实物转移仅政府运用/住户来源；实际最终消费仅政府/住户。,已读原表/定义；仅所列范围
覆盖检查,CV02975,D4,R005,DIM-SEC,机构部门,部分覆盖,广义政府；住户,R_FOF,表3-15本交易行的实际非空部门列；来源/运用分别选取,不承诺各部门双侧都有数值；实物转移仅政府运用/住户来源；实际最终消费仅政府/住户。,已读原表/定义；仅所列范围
覆盖检查,CV02976,D3,R006,DIM-NAT,全国,已覆盖,中国内地国民核算口径,R_FOF,表3-15国内合计,2023年，发布有时滞,已读原表/定义；仅所列范围
覆盖检查,CV02977,D4,R006,DIM-NAT,全国,已覆盖,中国内地国民核算口径,R_FOF,表3-15国内合计,2023年，发布有时滞,已读原表/定义；仅所列范围
覆盖检查,CV02978,D3,R006,DIM-PROV,省级,无稳定公开数据,,R_FOF,已读来源未提供该维度的稳定全覆盖表；本轮未建立额外逐单元来源,这是本轮证据缺口，不断言其他官方资料不存在；后续需逐表核验,原来源已查；扩展来源待核验
覆盖检查,CV02979,D4,R006,DIM-PROV,省级,无稳定公开数据,,R_FOF,已读来源未提供该维度的稳定全覆盖表；本轮未建立额外逐单元来源,这是本轮证据缺口，不断言其他官方资料不存在；后续需逐表核验,原来源已查；扩展来源待核验
覆盖检查,CV02980,D3,R006,DIM-PREF,地级,无稳定公开数据,,R_FOF,已读来源未提供该维度的稳定全覆盖表；本轮未建立额外逐单元来源,这是本轮证据缺口，不断言其他官方资料不存在；后续需逐表核验,原来源已查；扩展来源待核验
覆盖检查,CV02981,D4,R006,DIM-PREF,地级,无稳定公开数据,,R_FOF,已读来源未提供该维度的稳定全覆盖表；本轮未建立额外逐单元来源,这是本轮证据缺口，不断言其他官方资料不存在；后续需逐表核验,原来源已查；扩展来源待核验
覆盖检查,CV02982,D3,R006,DIM-IND,行业,无稳定公开数据,,R_FOF,已读来源未提供该维度的稳定全覆盖表；本轮未建立额外逐单元来源,这是本轮证据缺口，不断言其他官方资料不存在；后续需逐表核验,原来源已查；扩展来源待核验
覆盖检查,CV02983,D4,R006,DIM-IND,行业,无稳定公开数据,,R_FOF,已读来源未提供该维度的稳定全覆盖表；本轮未建立额外逐单元来源,这是本轮证据缺口，不断言其他官方资料不存在；后续需逐表核验,原来源已查；扩展来源待核验
覆盖检查,CV02984,D3,R006,DIM-FIRM,企业类型,无稳定公开数据,,R_FOF,已读来源未提供该维度的稳定全覆盖表；本轮未建立额外逐单元来源,这是本轮证据缺口，不断言其他官方资料不存在；后续需逐表核验,原来源已查；扩展来源待核验
覆盖检查,CV02985,D4,R006,DIM-FIRM,企业类型,无稳定公开数据,,R_FOF,已读来源未提供该维度的稳定全覆盖表；本轮未建立额外逐单元来源,这是本轮证据缺口，不断言其他官方资料不存在；后续需逐表核验,原来源已查；扩展来源待核验
覆盖检查,CV02986,D3,R006,DIM-HH,居民群体,不适用,,R_FOF,本指标定义不直接接受该维度拆分,不得借用同名但不同范围指标填补,适用性判断
覆盖检查,CV02987,D4,R006,DIM-HH,居民群体,不适用,,R_FOF,本指标定义不直接接受该维度拆分,不得借用同名但不同范围指标填补,适用性判断
覆盖检查,CV02988,D3,R006,DIM-SEC,机构部门,部分覆盖,非金融企业；金融机构；广义政府；住户,R_FOF,表3-15本交易行的实际非空部门列；来源/运用分别选取,不承诺各部门双侧都有数值；实物转移仅政府运用/住户来源；实际最终消费仅政府/住户。,已读原表/定义；仅所列范围
覆盖检查,CV02989,D4,R006,DIM-SEC,机构部门,部分覆盖,非金融企业；金融机构；广义政府；住户,R_FOF,表3-15本交易行的实际非空部门列；来源/运用分别选取,不承诺各部门双侧都有数值；实物转移仅政府运用/住户来源；实际最终消费仅政府/住户。,已读原表/定义；仅所列范围
覆盖检查,CV02990,D3,R007,DIM-NAT,全国,已覆盖,中国内地国民核算口径,R_FOF,表3-15国内合计,2023年，发布有时滞,已读原表/定义；仅所列范围
覆盖检查,CV02991,D4,R007,DIM-NAT,全国,已覆盖,中国内地国民核算口径,R_FOF,表3-15国内合计,2023年，发布有时滞,已读原表/定义；仅所列范围
覆盖检查,CV02992,D3,R007,DIM-PROV,省级,无稳定公开数据,,R_FOF,已读来源未提供该维度的稳定全覆盖表；本轮未建立额外逐单元来源,这是本轮证据缺口，不断言其他官方资料不存在；后续需逐表核验,原来源已查；扩展来源待核验
覆盖检查,CV02993,D4,R007,DIM-PROV,省级,无稳定公开数据,,R_FOF,已读来源未提供该维度的稳定全覆盖表；本轮未建立额外逐单元来源,这是本轮证据缺口，不断言其他官方资料不存在；后续需逐表核验,原来源已查；扩展来源待核验
覆盖检查,CV02994,D3,R007,DIM-PREF,地级,无稳定公开数据,,R_FOF,已读来源未提供该维度的稳定全覆盖表；本轮未建立额外逐单元来源,这是本轮证据缺口，不断言其他官方资料不存在；后续需逐表核验,原来源已查；扩展来源待核验
覆盖检查,CV02995,D4,R007,DIM-PREF,地级,无稳定公开数据,,R_FOF,已读来源未提供该维度的稳定全覆盖表；本轮未建立额外逐单元来源,这是本轮证据缺口，不断言其他官方资料不存在；后续需逐表核验,原来源已查；扩展来源待核验
覆盖检查,CV02996,D3,R007,DIM-IND,行业,无稳定公开数据,,R_FOF,已读来源未提供该维度的稳定全覆盖表；本轮未建立额外逐单元来源,这是本轮证据缺口，不断言其他官方资料不存在；后续需逐表核验,原来源已查；扩展来源待核验
覆盖检查,CV02997,D4,R007,DIM-IND,行业,无稳定公开数据,,R_FOF,已读来源未提供该维度的稳定全覆盖表；本轮未建立额外逐单元来源,这是本轮证据缺口，不断言其他官方资料不存在；后续需逐表核验,原来源已查；扩展来源待核验
覆盖检查,CV02998,D3,R007,DIM-FIRM,企业类型,无稳定公开数据,,R_FOF,已读来源未提供该维度的稳定全覆盖表；本轮未建立额外逐单元来源,这是本轮证据缺口，不断言其他官方资料不存在；后续需逐表核验,原来源已查；扩展来源待核验
覆盖检查,CV02999,D4,R007,DIM-FIRM,企业类型,无稳定公开数据,,R_FOF,已读来源未提供该维度的稳定全覆盖表；本轮未建立额外逐单元来源,这是本轮证据缺口，不断言其他官方资料不存在；后续需逐表核验,原来源已查；扩展来源待核验
覆盖检查,CV03000,D3,R007,DIM-HH,居民群体,不适用,,R_FOF,本指标定义不直接接受该维度拆分,不得借用同名但不同范围指标填补,适用性判断
覆盖检查,CV03001,D4,R007,DIM-HH,居民群体,不适用,,R_FOF,本指标定义不直接接受该维度拆分,不得借用同名但不同范围指标填补,适用性判断
覆盖检查,CV03002,D3,R007,DIM-SEC,机构部门,部分覆盖,广义政府；住户,R_FOF,表3-15本交易行的实际非空部门列；来源/运用分别选取,不承诺各部门双侧都有数值；实物转移仅政府运用/住户来源；实际最终消费仅政府/住户。,已读原表/定义；仅所列范围
覆盖检查,CV03003,D4,R007,DIM-SEC,机构部门,部分覆盖,广义政府；住户,R_FOF,表3-15本交易行的实际非空部门列；来源/运用分别选取,不承诺各部门双侧都有数值；实物转移仅政府运用/住户来源；实际最终消费仅政府/住户。,已读原表/定义；仅所列范围
覆盖检查,CV03004,M2,R008,DIM-NAT,全国,已覆盖,中国内地国民核算口径,R_FOF,表3-15国内合计,2023年，发布有时滞,已读原表/定义；仅所列范围
覆盖检查,CV03005,D1,R008,DIM-NAT,全国,已覆盖,中国内地国民核算口径,R_FOF,表3-15国内合计,2023年，发布有时滞,已读原表/定义；仅所列范围
覆盖检查,CV03006,D4,R008,DIM-NAT,全国,已覆盖,中国内地国民核算口径,R_FOF,表3-15国内合计,2023年，发布有时滞,已读原表/定义；仅所列范围
覆盖检查,CV03007,M2,R008,DIM-PROV,省级,无稳定公开数据,,R_FOF,已读来源未提供该维度的稳定全覆盖表；本轮未建立额外逐单元来源,这是本轮证据缺口，不断言其他官方资料不存在；后续需逐表核验,原来源已查；扩展来源待核验
覆盖检查,CV03008,D1,R008,DIM-PROV,省级,无稳定公开数据,,R_FOF,已读来源未提供该维度的稳定全覆盖表；本轮未建立额外逐单元来源,这是本轮证据缺口，不断言其他官方资料不存在；后续需逐表核验,原来源已查；扩展来源待核验
覆盖检查,CV03009,D4,R008,DIM-PROV,省级,无稳定公开数据,,R_FOF,已读来源未提供该维度的稳定全覆盖表；本轮未建立额外逐单元来源,这是本轮证据缺口，不断言其他官方资料不存在；后续需逐表核验,原来源已查；扩展来源待核验
覆盖检查,CV03010,M2,R008,DIM-PREF,地级,无稳定公开数据,,R_FOF,已读来源未提供该维度的稳定全覆盖表；本轮未建立额外逐单元来源,这是本轮证据缺口，不断言其他官方资料不存在；后续需逐表核验,原来源已查；扩展来源待核验
覆盖检查,CV03011,D1,R008,DIM-PREF,地级,无稳定公开数据,,R_FOF,已读来源未提供该维度的稳定全覆盖表；本轮未建立额外逐单元来源,这是本轮证据缺口，不断言其他官方资料不存在；后续需逐表核验,原来源已查；扩展来源待核验
覆盖检查,CV03012,D4,R008,DIM-PREF,地级,无稳定公开数据,,R_FOF,已读来源未提供该维度的稳定全覆盖表；本轮未建立额外逐单元来源,这是本轮证据缺口，不断言其他官方资料不存在；后续需逐表核验,原来源已查；扩展来源待核验
覆盖检查,CV03013,M2,R008,DIM-IND,行业,无稳定公开数据,,R_FOF,已读来源未提供该维度的稳定全覆盖表；本轮未建立额外逐单元来源,这是本轮证据缺口，不断言其他官方资料不存在；后续需逐表核验,原来源已查；扩展来源待核验
覆盖检查,CV03014,D1,R008,DIM-IND,行业,无稳定公开数据,,R_FOF,已读来源未提供该维度的稳定全覆盖表；本轮未建立额外逐单元来源,这是本轮证据缺口，不断言其他官方资料不存在；后续需逐表核验,原来源已查；扩展来源待核验
覆盖检查,CV03015,D4,R008,DIM-IND,行业,无稳定公开数据,,R_FOF,已读来源未提供该维度的稳定全覆盖表；本轮未建立额外逐单元来源,这是本轮证据缺口，不断言其他官方资料不存在；后续需逐表核验,原来源已查；扩展来源待核验
覆盖检查,CV03016,M2,R008,DIM-FIRM,企业类型,无稳定公开数据,,R_FOF,已读来源未提供该维度的稳定全覆盖表；本轮未建立额外逐单元来源,这是本轮证据缺口，不断言其他官方资料不存在；后续需逐表核验,原来源已查；扩展来源待核验
覆盖检查,CV03017,D1,R008,DIM-FIRM,企业类型,无稳定公开数据,,R_FOF,已读来源未提供该维度的稳定全覆盖表；本轮未建立额外逐单元来源,这是本轮证据缺口，不断言其他官方资料不存在；后续需逐表核验,原来源已查；扩展来源待核验
覆盖检查,CV03018,D4,R008,DIM-FIRM,企业类型,无稳定公开数据,,R_FOF,已读来源未提供该维度的稳定全覆盖表；本轮未建立额外逐单元来源,这是本轮证据缺口，不断言其他官方资料不存在；后续需逐表核验,原来源已查；扩展来源待核验
覆盖检查,CV03019,M2,R008,DIM-HH,居民群体,不适用,,R_FOF,本指标定义不直接接受该维度拆分,不得借用同名但不同范围指标填补,适用性判断
覆盖检查,CV03020,D1,R008,DIM-HH,居民群体,不适用,,R_FOF,本指标定义不直接接受该维度拆分,不得借用同名但不同范围指标填补,适用性判断
覆盖检查,CV03021,D4,R008,DIM-HH,居民群体,不适用,,R_FOF,本指标定义不直接接受该维度拆分,不得借用同名但不同范围指标填补,适用性判断
覆盖检查,CV03022,M2,R008,DIM-SEC,机构部门,部分覆盖,非金融企业；金融机构；广义政府；住户；国外,R_FOF,表3-15本交易行的实际非空部门列；来源/运用分别选取,不承诺各部门双侧都有数值；实物转移仅政府运用/住户来源；实际最终消费仅政府/住户。,已读原表/定义；仅所列范围
覆盖检查,CV03023,D1,R008,DIM-SEC,机构部门,部分覆盖,非金融企业；金融机构；广义政府；住户；国外,R_FOF,表3-15本交易行的实际非空部门列；来源/运用分别选取,不承诺各部门双侧都有数值；实物转移仅政府运用/住户来源；实际最终消费仅政府/住户。,已读原表/定义；仅所列范围
覆盖检查,CV03024,D4,R008,DIM-SEC,机构部门,部分覆盖,非金融企业；金融机构；广义政府；住户；国外,R_FOF,表3-15本交易行的实际非空部门列；来源/运用分别选取,不承诺各部门双侧都有数值；实物转移仅政府运用/住户来源；实际最终消费仅政府/住户。,已读原表/定义；仅所列范围
覆盖检查,CV03025,G2,R009,DIM-NAT,全国,已覆盖,中国内地国民核算口径,R_FOF,表3-15国内合计,2023年，发布有时滞,已读原表/定义；仅所列范围
覆盖检查,CV03026,D1,R009,DIM-NAT,全国,已覆盖,中国内地国民核算口径,R_FOF,表3-15国内合计,2023年，发布有时滞,已读原表/定义；仅所列范围
覆盖检查,CV03027,D4,R009,DIM-NAT,全国,已覆盖,中国内地国民核算口径,R_FOF,表3-15国内合计,2023年，发布有时滞,已读原表/定义；仅所列范围
覆盖检查,CV03028,G2,R009,DIM-PROV,省级,无稳定公开数据,,R_FOF,已读来源未提供该维度的稳定全覆盖表；本轮未建立额外逐单元来源,这是本轮证据缺口，不断言其他官方资料不存在；后续需逐表核验,原来源已查；扩展来源待核验
覆盖检查,CV03029,D1,R009,DIM-PROV,省级,无稳定公开数据,,R_FOF,已读来源未提供该维度的稳定全覆盖表；本轮未建立额外逐单元来源,这是本轮证据缺口，不断言其他官方资料不存在；后续需逐表核验,原来源已查；扩展来源待核验
覆盖检查,CV03030,D4,R009,DIM-PROV,省级,无稳定公开数据,,R_FOF,已读来源未提供该维度的稳定全覆盖表；本轮未建立额外逐单元来源,这是本轮证据缺口，不断言其他官方资料不存在；后续需逐表核验,原来源已查；扩展来源待核验
覆盖检查,CV03031,G2,R009,DIM-PREF,地级,无稳定公开数据,,R_FOF,已读来源未提供该维度的稳定全覆盖表；本轮未建立额外逐单元来源,这是本轮证据缺口，不断言其他官方资料不存在；后续需逐表核验,原来源已查；扩展来源待核验
覆盖检查,CV03032,D1,R009,DIM-PREF,地级,无稳定公开数据,,R_FOF,已读来源未提供该维度的稳定全覆盖表；本轮未建立额外逐单元来源,这是本轮证据缺口，不断言其他官方资料不存在；后续需逐表核验,原来源已查；扩展来源待核验
覆盖检查,CV03033,D4,R009,DIM-PREF,地级,无稳定公开数据,,R_FOF,已读来源未提供该维度的稳定全覆盖表；本轮未建立额外逐单元来源,这是本轮证据缺口，不断言其他官方资料不存在；后续需逐表核验,原来源已查；扩展来源待核验
覆盖检查,CV03034,G2,R009,DIM-IND,行业,无稳定公开数据,,R_FOF,已读来源未提供该维度的稳定全覆盖表；本轮未建立额外逐单元来源,这是本轮证据缺口，不断言其他官方资料不存在；后续需逐表核验,原来源已查；扩展来源待核验
覆盖检查,CV03035,D1,R009,DIM-IND,行业,无稳定公开数据,,R_FOF,已读来源未提供该维度的稳定全覆盖表；本轮未建立额外逐单元来源,这是本轮证据缺口，不断言其他官方资料不存在；后续需逐表核验,原来源已查；扩展来源待核验
覆盖检查,CV03036,D4,R009,DIM-IND,行业,无稳定公开数据,,R_FOF,已读来源未提供该维度的稳定全覆盖表；本轮未建立额外逐单元来源,这是本轮证据缺口，不断言其他官方资料不存在；后续需逐表核验,原来源已查；扩展来源待核验
覆盖检查,CV03037,G2,R009,DIM-FIRM,企业类型,无稳定公开数据,,R_FOF,已读来源未提供该维度的稳定全覆盖表；本轮未建立额外逐单元来源,这是本轮证据缺口，不断言其他官方资料不存在；后续需逐表核验,原来源已查；扩展来源待核验
覆盖检查,CV03038,D1,R009,DIM-FIRM,企业类型,无稳定公开数据,,R_FOF,已读来源未提供该维度的稳定全覆盖表；本轮未建立额外逐单元来源,这是本轮证据缺口，不断言其他官方资料不存在；后续需逐表核验,原来源已查；扩展来源待核验
覆盖检查,CV03039,D4,R009,DIM-FIRM,企业类型,无稳定公开数据,,R_FOF,已读来源未提供该维度的稳定全覆盖表；本轮未建立额外逐单元来源,这是本轮证据缺口，不断言其他官方资料不存在；后续需逐表核验,原来源已查；扩展来源待核验
覆盖检查,CV03040,G2,R009,DIM-HH,居民群体,不适用,,R_FOF,本指标定义不直接接受该维度拆分,不得借用同名但不同范围指标填补,适用性判断
覆盖检查,CV03041,D1,R009,DIM-HH,居民群体,不适用,,R_FOF,本指标定义不直接接受该维度拆分,不得借用同名但不同范围指标填补,适用性判断
覆盖检查,CV03042,D4,R009,DIM-HH,居民群体,不适用,,R_FOF,本指标定义不直接接受该维度拆分,不得借用同名但不同范围指标填补,适用性判断
覆盖检查,CV03043,G2,R009,DIM-SEC,机构部门,部分覆盖,非金融企业；金融机构；广义政府；住户,R_FOF,表3-15本交易行的实际非空部门列；来源/运用分别选取,不承诺各部门双侧都有数值；实物转移仅政府运用/住户来源；实际最终消费仅政府/住户。,已读原表/定义；仅所列范围
覆盖检查,CV03044,D1,R009,DIM-SEC,机构部门,部分覆盖,非金融企业；金融机构；广义政府；住户,R_FOF,表3-15本交易行的实际非空部门列；来源/运用分别选取,不承诺各部门双侧都有数值；实物转移仅政府运用/住户来源；实际最终消费仅政府/住户。,已读原表/定义；仅所列范围
覆盖检查,CV03045,D4,R009,DIM-SEC,机构部门,部分覆盖,非金融企业；金融机构；广义政府；住户,R_FOF,表3-15本交易行的实际非空部门列；来源/运用分别选取,不承诺各部门双侧都有数值；实物转移仅政府运用/住户来源；实际最终消费仅政府/住户。,已读原表/定义；仅所列范围
覆盖检查,CV03046,F1,R010,DIM-NAT,全国,已覆盖,中国内地国民核算口径,R_FOF,表3-15国内合计,2023年，发布有时滞,已读原表/定义；仅所列范围
覆盖检查,CV03047,D4,R010,DIM-NAT,全国,已覆盖,中国内地国民核算口径,R_FOF,表3-15国内合计,2023年，发布有时滞,已读原表/定义；仅所列范围
覆盖检查,CV03048,F1,R010,DIM-PROV,省级,无稳定公开数据,,R_FOF,已读来源未提供该维度的稳定全覆盖表；本轮未建立额外逐单元来源,这是本轮证据缺口，不断言其他官方资料不存在；后续需逐表核验,原来源已查；扩展来源待核验
覆盖检查,CV03049,D4,R010,DIM-PROV,省级,无稳定公开数据,,R_FOF,已读来源未提供该维度的稳定全覆盖表；本轮未建立额外逐单元来源,这是本轮证据缺口，不断言其他官方资料不存在；后续需逐表核验,原来源已查；扩展来源待核验
覆盖检查,CV03050,F1,R010,DIM-PREF,地级,无稳定公开数据,,R_FOF,已读来源未提供该维度的稳定全覆盖表；本轮未建立额外逐单元来源,这是本轮证据缺口，不断言其他官方资料不存在；后续需逐表核验,原来源已查；扩展来源待核验
覆盖检查,CV03051,D4,R010,DIM-PREF,地级,无稳定公开数据,,R_FOF,已读来源未提供该维度的稳定全覆盖表；本轮未建立额外逐单元来源,这是本轮证据缺口，不断言其他官方资料不存在；后续需逐表核验,原来源已查；扩展来源待核验
覆盖检查,CV03052,F1,R010,DIM-IND,行业,无稳定公开数据,,R_FOF,已读来源未提供该维度的稳定全覆盖表；本轮未建立额外逐单元来源,这是本轮证据缺口，不断言其他官方资料不存在；后续需逐表核验,原来源已查；扩展来源待核验
覆盖检查,CV03053,D4,R010,DIM-IND,行业,无稳定公开数据,,R_FOF,已读来源未提供该维度的稳定全覆盖表；本轮未建立额外逐单元来源,这是本轮证据缺口，不断言其他官方资料不存在；后续需逐表核验,原来源已查；扩展来源待核验
覆盖检查,CV03054,F1,R010,DIM-FIRM,企业类型,无稳定公开数据,,R_FOF,已读来源未提供该维度的稳定全覆盖表；本轮未建立额外逐单元来源,这是本轮证据缺口，不断言其他官方资料不存在；后续需逐表核验,原来源已查；扩展来源待核验
覆盖检查,CV03055,D4,R010,DIM-FIRM,企业类型,无稳定公开数据,,R_FOF,已读来源未提供该维度的稳定全覆盖表；本轮未建立额外逐单元来源,这是本轮证据缺口，不断言其他官方资料不存在；后续需逐表核验,原来源已查；扩展来源待核验
覆盖检查,CV03056,F1,R010,DIM-HH,居民群体,不适用,,R_FOF,本指标定义不直接接受该维度拆分,不得借用同名但不同范围指标填补,适用性判断
覆盖检查,CV03057,D4,R010,DIM-HH,居民群体,不适用,,R_FOF,本指标定义不直接接受该维度拆分,不得借用同名但不同范围指标填补,适用性判断
覆盖检查,CV03058,F1,R010,DIM-SEC,机构部门,部分覆盖,非金融企业；金融机构；广义政府；住户；国外,R_FOF,表3-15本交易行的实际非空部门列；来源/运用分别选取,不承诺各部门双侧都有数值；实物转移仅政府运用/住户来源；实际最终消费仅政府/住户。,已读原表/定义；仅所列范围
覆盖检查,CV03059,D4,R010,DIM-SEC,机构部门,部分覆盖,非金融企业；金融机构；广义政府；住户；国外,R_FOF,表3-15本交易行的实际非空部门列；来源/运用分别选取,不承诺各部门双侧都有数值；实物转移仅政府运用/住户来源；实际最终消费仅政府/住户。,已读原表/定义；仅所列范围
覆盖检查,CV03060,D4,R011,DIM-NAT,全国,已覆盖,中国内地国民核算口径,R_FOF,表3-15国内合计,2023年，发布有时滞,已读原表/定义；仅所列范围
覆盖检查,CV03061,D4,R011,DIM-PROV,省级,无稳定公开数据,,R_FOF,已读来源未提供该维度的稳定全覆盖表；本轮未建立额外逐单元来源,这是本轮证据缺口，不断言其他官方资料不存在；后续需逐表核验,原来源已查；扩展来源待核验
覆盖检查,CV03062,D4,R011,DIM-PREF,地级,无稳定公开数据,,R_FOF,已读来源未提供该维度的稳定全覆盖表；本轮未建立额外逐单元来源,这是本轮证据缺口，不断言其他官方资料不存在；后续需逐表核验,原来源已查；扩展来源待核验
覆盖检查,CV03063,D4,R011,DIM-IND,行业,无稳定公开数据,,R_FOF,已读来源未提供该维度的稳定全覆盖表；本轮未建立额外逐单元来源,这是本轮证据缺口，不断言其他官方资料不存在；后续需逐表核验,原来源已查；扩展来源待核验
覆盖检查,CV03064,D4,R011,DIM-FIRM,企业类型,无稳定公开数据,,R_FOF,已读来源未提供该维度的稳定全覆盖表；本轮未建立额外逐单元来源,这是本轮证据缺口，不断言其他官方资料不存在；后续需逐表核验,原来源已查；扩展来源待核验
覆盖检查,CV03065,D4,R011,DIM-HH,居民群体,不适用,,R_FOF,本指标定义不直接接受该维度拆分,不得借用同名但不同范围指标填补,适用性判断
覆盖检查,CV03066,D4,R011,DIM-SEC,机构部门,部分覆盖,非金融企业；金融机构；广义政府；住户；国外,R_FOF,表3-15本交易行的实际非空部门列；来源/运用分别选取,不承诺各部门双侧都有数值；实物转移仅政府运用/住户来源；实际最终消费仅政府/住户。,已读原表/定义；仅所列范围
覆盖检查,CV03067,D4,R012,DIM-NAT,全国,已覆盖,中国内地国民核算口径,R_FOF,表3-15国内合计,2023年，发布有时滞,已读原表/定义；仅所列范围
覆盖检查,CV03068,D4,R012,DIM-PROV,省级,无稳定公开数据,,R_FOF,已读来源未提供该维度的稳定全覆盖表；本轮未建立额外逐单元来源,这是本轮证据缺口，不断言其他官方资料不存在；后续需逐表核验,原来源已查；扩展来源待核验
覆盖检查,CV03069,D4,R012,DIM-PREF,地级,无稳定公开数据,,R_FOF,已读来源未提供该维度的稳定全覆盖表；本轮未建立额外逐单元来源,这是本轮证据缺口，不断言其他官方资料不存在；后续需逐表核验,原来源已查；扩展来源待核验
覆盖检查,CV03070,D4,R012,DIM-IND,行业,无稳定公开数据,,R_FOF,已读来源未提供该维度的稳定全覆盖表；本轮未建立额外逐单元来源,这是本轮证据缺口，不断言其他官方资料不存在；后续需逐表核验,原来源已查；扩展来源待核验
覆盖检查,CV03071,D4,R012,DIM-FIRM,企业类型,无稳定公开数据,,R_FOF,已读来源未提供该维度的稳定全覆盖表；本轮未建立额外逐单元来源,这是本轮证据缺口，不断言其他官方资料不存在；后续需逐表核验,原来源已查；扩展来源待核验
覆盖检查,CV03072,D4,R012,DIM-HH,居民群体,不适用,,R_FOF,本指标定义不直接接受该维度拆分,不得借用同名但不同范围指标填补,适用性判断
覆盖检查,CV03073,D4,R012,DIM-SEC,机构部门,部分覆盖,非金融企业；金融机构；广义政府；住户；国外,R_FOF,表3-15本交易行的实际非空部门列；来源/运用分别选取,不承诺各部门双侧都有数值；实物转移仅政府运用/住户来源；实际最终消费仅政府/住户。,已读原表/定义；仅所列范围
覆盖检查,CV03074,D3,R013,DIM-NAT,全国,已覆盖,全国住户部门,R_FOF,同表住户及国内合计相应列计算,2023年；不能分配给其他部门,已读原表/定义；仅所列范围
覆盖检查,CV03075,D4,R013,DIM-NAT,全国,已覆盖,全国住户部门,R_FOF,同表住户及国内合计相应列计算,2023年；不能分配给其他部门,已读原表/定义；仅所列范围
覆盖检查,CV03076,D3,R013,DIM-PROV,省级,无稳定公开数据,,R_FOF,已读来源未提供该维度的稳定全覆盖表；本轮未建立额外逐单元来源,这是本轮证据缺口，不断言其他官方资料不存在；后续需逐表核验,原来源已查；扩展来源待核验
覆盖检查,CV03077,D4,R013,DIM-PROV,省级,无稳定公开数据,,R_FOF,已读来源未提供该维度的稳定全覆盖表；本轮未建立额外逐单元来源,这是本轮证据缺口，不断言其他官方资料不存在；后续需逐表核验,原来源已查；扩展来源待核验
覆盖检查,CV03078,D3,R013,DIM-PREF,地级,无稳定公开数据,,R_FOF,已读来源未提供该维度的稳定全覆盖表；本轮未建立额外逐单元来源,这是本轮证据缺口，不断言其他官方资料不存在；后续需逐表核验,原来源已查；扩展来源待核验
覆盖检查,CV03079,D4,R013,DIM-PREF,地级,无稳定公开数据,,R_FOF,已读来源未提供该维度的稳定全覆盖表；本轮未建立额外逐单元来源,这是本轮证据缺口，不断言其他官方资料不存在；后续需逐表核验,原来源已查；扩展来源待核验
覆盖检查,CV03080,D3,R013,DIM-IND,行业,无稳定公开数据,,R_FOF,已读来源未提供该维度的稳定全覆盖表；本轮未建立额外逐单元来源,这是本轮证据缺口，不断言其他官方资料不存在；后续需逐表核验,原来源已查；扩展来源待核验
覆盖检查,CV03081,D4,R013,DIM-IND,行业,无稳定公开数据,,R_FOF,已读来源未提供该维度的稳定全覆盖表；本轮未建立额外逐单元来源,这是本轮证据缺口，不断言其他官方资料不存在；后续需逐表核验,原来源已查；扩展来源待核验
覆盖检查,CV03082,D3,R013,DIM-FIRM,企业类型,无稳定公开数据,,R_FOF,已读来源未提供该维度的稳定全覆盖表；本轮未建立额外逐单元来源,这是本轮证据缺口，不断言其他官方资料不存在；后续需逐表核验,原来源已查；扩展来源待核验
覆盖检查,CV03083,D4,R013,DIM-FIRM,企业类型,无稳定公开数据,,R_FOF,已读来源未提供该维度的稳定全覆盖表；本轮未建立额外逐单元来源,这是本轮证据缺口，不断言其他官方资料不存在；后续需逐表核验,原来源已查；扩展来源待核验
覆盖检查,CV03084,D3,R013,DIM-HH,居民群体,不适用,,R_FOF,本指标定义不直接接受该维度拆分,不得借用同名但不同范围指标填补,适用性判断
覆盖检查,CV03085,D4,R013,DIM-HH,居民群体,不适用,,R_FOF,本指标定义不直接接受该维度拆分,不得借用同名但不同范围指标填补,适用性判断
覆盖检查,CV03086,D3,R013,DIM-SEC,机构部门,部分覆盖,住户,R_FOF,公式指定住户部门,不是完整五部门比率,已读原表/定义；仅所列范围
覆盖检查,CV03087,D4,R013,DIM-SEC,机构部门,部分覆盖,住户,R_FOF,公式指定住户部门,不是完整五部门比率,已读原表/定义；仅所列范围
覆盖检查,CV03088,M2,R014,DIM-NAT,全国,已覆盖,全国住户部门,R_FOF,同表住户及国内合计相应列计算,2023年；不能分配给其他部门,已读原表/定义；仅所列范围
覆盖检查,CV03089,D4,R014,DIM-NAT,全国,已覆盖,全国住户部门,R_FOF,同表住户及国内合计相应列计算,2023年；不能分配给其他部门,已读原表/定义；仅所列范围
覆盖检查,CV03090,M2,R014,DIM-PROV,省级,无稳定公开数据,,R_FOF,已读来源未提供该维度的稳定全覆盖表；本轮未建立额外逐单元来源,这是本轮证据缺口，不断言其他官方资料不存在；后续需逐表核验,原来源已查；扩展来源待核验
覆盖检查,CV03091,D4,R014,DIM-PROV,省级,无稳定公开数据,,R_FOF,已读来源未提供该维度的稳定全覆盖表；本轮未建立额外逐单元来源,这是本轮证据缺口，不断言其他官方资料不存在；后续需逐表核验,原来源已查；扩展来源待核验
覆盖检查,CV03092,M2,R014,DIM-PREF,地级,无稳定公开数据,,R_FOF,已读来源未提供该维度的稳定全覆盖表；本轮未建立额外逐单元来源,这是本轮证据缺口，不断言其他官方资料不存在；后续需逐表核验,原来源已查；扩展来源待核验
覆盖检查,CV03093,D4,R014,DIM-PREF,地级,无稳定公开数据,,R_FOF,已读来源未提供该维度的稳定全覆盖表；本轮未建立额外逐单元来源,这是本轮证据缺口，不断言其他官方资料不存在；后续需逐表核验,原来源已查；扩展来源待核验
覆盖检查,CV03094,M2,R014,DIM-IND,行业,无稳定公开数据,,R_FOF,已读来源未提供该维度的稳定全覆盖表；本轮未建立额外逐单元来源,这是本轮证据缺口，不断言其他官方资料不存在；后续需逐表核验,原来源已查；扩展来源待核验
覆盖检查,CV03095,D4,R014,DIM-IND,行业,无稳定公开数据,,R_FOF,已读来源未提供该维度的稳定全覆盖表；本轮未建立额外逐单元来源,这是本轮证据缺口，不断言其他官方资料不存在；后续需逐表核验,原来源已查；扩展来源待核验
覆盖检查,CV03096,M2,R014,DIM-FIRM,企业类型,无稳定公开数据,,R_FOF,已读来源未提供该维度的稳定全覆盖表；本轮未建立额外逐单元来源,这是本轮证据缺口，不断言其他官方资料不存在；后续需逐表核验,原来源已查；扩展来源待核验
覆盖检查,CV03097,D4,R014,DIM-FIRM,企业类型,无稳定公开数据,,R_FOF,已读来源未提供该维度的稳定全覆盖表；本轮未建立额外逐单元来源,这是本轮证据缺口，不断言其他官方资料不存在；后续需逐表核验,原来源已查；扩展来源待核验
覆盖检查,CV03098,M2,R014,DIM-HH,居民群体,不适用,,R_FOF,本指标定义不直接接受该维度拆分,不得借用同名但不同范围指标填补,适用性判断
覆盖检查,CV03099,D4,R014,DIM-HH,居民群体,不适用,,R_FOF,本指标定义不直接接受该维度拆分,不得借用同名但不同范围指标填补,适用性判断
覆盖检查,CV03100,M2,R014,DIM-SEC,机构部门,部分覆盖,住户,R_FOF,公式指定住户部门,不是完整五部门比率,已读原表/定义；仅所列范围
覆盖检查,CV03101,D4,R014,DIM-SEC,机构部门,部分覆盖,住户,R_FOF,公式指定住户部门,不是完整五部门比率,已读原表/定义；仅所列范围
覆盖检查,CV03102,D2,R015,DIM-NAT,全国,已覆盖,国内合计,R_FOF,国内劳动报酬运用/增加值来源,2023年；不自行分拆混合收入,已读原表/定义；仅所列范围
覆盖检查,CV03103,D4,R015,DIM-NAT,全国,已覆盖,国内合计,R_FOF,国内劳动报酬运用/增加值来源,2023年；不自行分拆混合收入,已读原表/定义；仅所列范围
覆盖检查,CV03104,D2,R015,DIM-PROV,省级,无稳定公开数据,,R_FOF,已读来源未提供该维度的稳定全覆盖表；本轮未建立额外逐单元来源,这是本轮证据缺口，不断言其他官方资料不存在；后续需逐表核验,原来源已查；扩展来源待核验
覆盖检查,CV03105,D4,R015,DIM-PROV,省级,无稳定公开数据,,R_FOF,已读来源未提供该维度的稳定全覆盖表；本轮未建立额外逐单元来源,这是本轮证据缺口，不断言其他官方资料不存在；后续需逐表核验,原来源已查；扩展来源待核验
覆盖检查,CV03106,D2,R015,DIM-PREF,地级,无稳定公开数据,,R_FOF,已读来源未提供该维度的稳定全覆盖表；本轮未建立额外逐单元来源,这是本轮证据缺口，不断言其他官方资料不存在；后续需逐表核验,原来源已查；扩展来源待核验
覆盖检查,CV03107,D4,R015,DIM-PREF,地级,无稳定公开数据,,R_FOF,已读来源未提供该维度的稳定全覆盖表；本轮未建立额外逐单元来源,这是本轮证据缺口，不断言其他官方资料不存在；后续需逐表核验,原来源已查；扩展来源待核验
覆盖检查,CV03108,D2,R015,DIM-IND,行业,无稳定公开数据,,R_FOF,已读来源未提供该维度的稳定全覆盖表；本轮未建立额外逐单元来源,这是本轮证据缺口，不断言其他官方资料不存在；后续需逐表核验,原来源已查；扩展来源待核验
覆盖检查,CV03109,D4,R015,DIM-IND,行业,无稳定公开数据,,R_FOF,已读来源未提供该维度的稳定全覆盖表；本轮未建立额外逐单元来源,这是本轮证据缺口，不断言其他官方资料不存在；后续需逐表核验,原来源已查；扩展来源待核验
覆盖检查,CV03110,D2,R015,DIM-FIRM,企业类型,无稳定公开数据,,R_FOF,已读来源未提供该维度的稳定全覆盖表；本轮未建立额外逐单元来源,这是本轮证据缺口，不断言其他官方资料不存在；后续需逐表核验,原来源已查；扩展来源待核验
覆盖检查,CV03111,D4,R015,DIM-FIRM,企业类型,无稳定公开数据,,R_FOF,已读来源未提供该维度的稳定全覆盖表；本轮未建立额外逐单元来源,这是本轮证据缺口，不断言其他官方资料不存在；后续需逐表核验,原来源已查；扩展来源待核验
覆盖检查,CV03112,D2,R015,DIM-HH,居民群体,不适用,,R_FOF,本指标定义不直接接受该维度拆分,不得借用同名但不同范围指标填补,适用性判断
覆盖检查,CV03113,D4,R015,DIM-HH,居民群体,不适用,,R_FOF,本指标定义不直接接受该维度拆分,不得借用同名但不同范围指标填补,适用性判断
覆盖检查,CV03114,D2,R015,DIM-SEC,机构部门,无稳定公开数据,,R_FOF,已读来源未提供该维度的稳定全覆盖表；本轮未建立额外逐单元来源,这是本轮证据缺口，不断言其他官方资料不存在；后续需逐表核验,原来源已查；扩展来源待核验
覆盖检查,CV03115,D4,R015,DIM-SEC,机构部门,无稳定公开数据,,R_FOF,已读来源未提供该维度的稳定全覆盖表；本轮未建立额外逐单元来源,这是本轮证据缺口，不断言其他官方资料不存在；后续需逐表核验,原来源已查；扩展来源待核验
覆盖检查,CV03116,D3,R016,DIM-NAT,全国,已覆盖,全国住户部门,R_FOF,同表住户及国内合计相应列计算,2023年；不能分配给其他部门,已读原表/定义；仅所列范围
覆盖检查,CV03117,D4,R016,DIM-NAT,全国,已覆盖,全国住户部门,R_FOF,同表住户及国内合计相应列计算,2023年；不能分配给其他部门,已读原表/定义；仅所列范围
覆盖检查,CV03118,D3,R016,DIM-PROV,省级,无稳定公开数据,,R_FOF,已读来源未提供该维度的稳定全覆盖表；本轮未建立额外逐单元来源,这是本轮证据缺口，不断言其他官方资料不存在；后续需逐表核验,原来源已查；扩展来源待核验
覆盖检查,CV03119,D4,R016,DIM-PROV,省级,无稳定公开数据,,R_FOF,已读来源未提供该维度的稳定全覆盖表；本轮未建立额外逐单元来源,这是本轮证据缺口，不断言其他官方资料不存在；后续需逐表核验,原来源已查；扩展来源待核验
覆盖检查,CV03120,D3,R016,DIM-PREF,地级,无稳定公开数据,,R_FOF,已读来源未提供该维度的稳定全覆盖表；本轮未建立额外逐单元来源,这是本轮证据缺口，不断言其他官方资料不存在；后续需逐表核验,原来源已查；扩展来源待核验
覆盖检查,CV03121,D4,R016,DIM-PREF,地级,无稳定公开数据,,R_FOF,已读来源未提供该维度的稳定全覆盖表；本轮未建立额外逐单元来源,这是本轮证据缺口，不断言其他官方资料不存在；后续需逐表核验,原来源已查；扩展来源待核验
覆盖检查,CV03122,D3,R016,DIM-IND,行业,无稳定公开数据,,R_FOF,已读来源未提供该维度的稳定全覆盖表；本轮未建立额外逐单元来源,这是本轮证据缺口，不断言其他官方资料不存在；后续需逐表核验,原来源已查；扩展来源待核验
覆盖检查,CV03123,D4,R016,DIM-IND,行业,无稳定公开数据,,R_FOF,已读来源未提供该维度的稳定全覆盖表；本轮未建立额外逐单元来源,这是本轮证据缺口，不断言其他官方资料不存在；后续需逐表核验,原来源已查；扩展来源待核验
覆盖检查,CV03124,D3,R016,DIM-FIRM,企业类型,无稳定公开数据,,R_FOF,已读来源未提供该维度的稳定全覆盖表；本轮未建立额外逐单元来源,这是本轮证据缺口，不断言其他官方资料不存在；后续需逐表核验,原来源已查；扩展来源待核验
覆盖检查,CV03125,D4,R016,DIM-FIRM,企业类型,无稳定公开数据,,R_FOF,已读来源未提供该维度的稳定全覆盖表；本轮未建立额外逐单元来源,这是本轮证据缺口，不断言其他官方资料不存在；后续需逐表核验,原来源已查；扩展来源待核验
覆盖检查,CV03126,D3,R016,DIM-HH,居民群体,不适用,,R_FOF,本指标定义不直接接受该维度拆分,不得借用同名但不同范围指标填补,适用性判断
覆盖检查,CV03127,D4,R016,DIM-HH,居民群体,不适用,,R_FOF,本指标定义不直接接受该维度拆分,不得借用同名但不同范围指标填补,适用性判断
覆盖检查,CV03128,D3,R016,DIM-SEC,机构部门,部分覆盖,住户,R_FOF,公式指定住户部门,不是完整五部门比率,已读原表/定义；仅所列范围
覆盖检查,CV03129,D4,R016,DIM-SEC,机构部门,部分覆盖,住户,R_FOF,公式指定住户部门,不是完整五部门比率,已读原表/定义；仅所列范围
覆盖检查,CV03130,K1,E001,DIM-NAT,全国,已覆盖,年主营业务收入2000万元及以上工业企业,E_S01,全国合计已在原文表核验,限定调查对象，不等于全体经济主体。,已读原表/定义；仅所列范围
覆盖检查,CV03131,G2,E001,DIM-NAT,全国,已覆盖,年主营业务收入2000万元及以上工业企业,E_S01,全国合计已在原文表核验,限定调查对象，不等于全体经济主体。,已读原表/定义；仅所列范围
覆盖检查,CV03132,I3,E001,DIM-NAT,全国,已覆盖,年主营业务收入2000万元及以上工业企业,E_S01,全国合计已在原文表核验,限定调查对象，不等于全体经济主体。,已读原表/定义；仅所列范围
覆盖检查,CV03133,I4,E001,DIM-NAT,全国,已覆盖,年主营业务收入2000万元及以上工业企业,E_S01,全国合计已在原文表核验,限定调查对象，不等于全体经济主体。,已读原表/定义；仅所列范围
覆盖检查,CV03134,S4,E001,DIM-NAT,全国,已覆盖,年主营业务收入2000万元及以上工业企业,E_S01,全国合计已在原文表核验,限定调查对象，不等于全体经济主体。,已读原表/定义；仅所列范围
覆盖检查,CV03135,D1,E001,DIM-NAT,全国,已覆盖,年主营业务收入2000万元及以上工业企业,E_S01,全国合计已在原文表核验,限定调查对象，不等于全体经济主体。,已读原表/定义；仅所列范围
覆盖检查,CV03136,K1,E001,DIM-PROV,省级,无稳定公开数据,,E_S01,本页未提供31省分项表,本轮未逐省核验连续公开性；并非断言数据不存在。,已读原表/定义；仅所列范围
覆盖检查,CV03137,G2,E001,DIM-PROV,省级,无稳定公开数据,,E_S01,本页未提供31省分项表,本轮未逐省核验连续公开性；并非断言数据不存在。,已读原表/定义；仅所列范围
覆盖检查,CV03138,I3,E001,DIM-PROV,省级,无稳定公开数据,,E_S01,本页未提供31省分项表,本轮未逐省核验连续公开性；并非断言数据不存在。,已读原表/定义；仅所列范围
覆盖检查,CV03139,I4,E001,DIM-PROV,省级,无稳定公开数据,,E_S01,本页未提供31省分项表,本轮未逐省核验连续公开性；并非断言数据不存在。,已读原表/定义；仅所列范围
覆盖检查,CV03140,S4,E001,DIM-PROV,省级,无稳定公开数据,,E_S01,本页未提供31省分项表,本轮未逐省核验连续公开性；并非断言数据不存在。,已读原表/定义；仅所列范围
覆盖检查,CV03141,D1,E001,DIM-PROV,省级,无稳定公开数据,,E_S01,本页未提供31省分项表,本轮未逐省核验连续公开性；并非断言数据不存在。,已读原表/定义；仅所列范围
覆盖检查,CV03142,K1,E001,DIM-PREF,地级,无稳定公开数据,,E_S01,本页未提供地级分项表,本轮未核验地级全覆盖。,已读原表/定义；仅所列范围
覆盖检查,CV03143,G2,E001,DIM-PREF,地级,无稳定公开数据,,E_S01,本页未提供地级分项表,本轮未核验地级全覆盖。,已读原表/定义；仅所列范围
覆盖检查,CV03144,I3,E001,DIM-PREF,地级,无稳定公开数据,,E_S01,本页未提供地级分项表,本轮未核验地级全覆盖。,已读原表/定义；仅所列范围
覆盖检查,CV03145,I4,E001,DIM-PREF,地级,无稳定公开数据,,E_S01,本页未提供地级分项表,本轮未核验地级全覆盖。,已读原表/定义；仅所列范围
覆盖检查,CV03146,S4,E001,DIM-PREF,地级,无稳定公开数据,,E_S01,本页未提供地级分项表,本轮未核验地级全覆盖。,已读原表/定义；仅所列范围
覆盖检查,CV03147,D1,E001,DIM-PREF,地级,无稳定公开数据,,E_S01,本页未提供地级分项表,本轮未核验地级全覆盖。,已读原表/定义；仅所列范围
覆盖检查,CV03148,K1,E001,DIM-IND,行业,部分覆盖,采矿业；制造业；电力、热力、燃气及水生产和供应业；煤炭开采和洗选业；石油和天然气开采业；农副食品加工业；食品制造业；酒、饮料和精制茶制造业；纺织业；化学原料和化学制品制造业；医药制造业；橡胶和塑料制品业；非金属矿物制品业；黑色金属冶炼和压延加工业；有色金属冶炼和压延加工业；金属制品业；通用设备制造业；专用设备制造业；汽车制造业；铁路、船舶、航空航天和其他运输设备制造业；电气机械和器材制造业；计算机、通信和其他电子设备制造业；电力、热力生产和供应业；高技术制造业,E_S01,工业生产主要数据表分门类、主要行业和其中项,表内已核验；未宣称41大类全部逐项公开。,已读原表/定义；仅所列范围
覆盖检查,CV03149,G2,E001,DIM-IND,行业,部分覆盖,采矿业；制造业；电力、热力、燃气及水生产和供应业；煤炭开采和洗选业；石油和天然气开采业；农副食品加工业；食品制造业；酒、饮料和精制茶制造业；纺织业；化学原料和化学制品制造业；医药制造业；橡胶和塑料制品业；非金属矿物制品业；黑色金属冶炼和压延加工业；有色金属冶炼和压延加工业；金属制品业；通用设备制造业；专用设备制造业；汽车制造业；铁路、船舶、航空航天和其他运输设备制造业；电气机械和器材制造业；计算机、通信和其他电子设备制造业；电力、热力生产和供应业；高技术制造业,E_S01,工业生产主要数据表分门类、主要行业和其中项,表内已核验；未宣称41大类全部逐项公开。,已读原表/定义；仅所列范围
覆盖检查,CV03150,I3,E001,DIM-IND,行业,部分覆盖,采矿业；制造业；电力、热力、燃气及水生产和供应业；煤炭开采和洗选业；石油和天然气开采业；农副食品加工业；食品制造业；酒、饮料和精制茶制造业；纺织业；化学原料和化学制品制造业；医药制造业；橡胶和塑料制品业；非金属矿物制品业；黑色金属冶炼和压延加工业；有色金属冶炼和压延加工业；金属制品业；通用设备制造业；专用设备制造业；汽车制造业；铁路、船舶、航空航天和其他运输设备制造业；电气机械和器材制造业；计算机、通信和其他电子设备制造业；电力、热力生产和供应业；高技术制造业,E_S01,工业生产主要数据表分门类、主要行业和其中项,表内已核验；未宣称41大类全部逐项公开。,已读原表/定义；仅所列范围
覆盖检查,CV03151,I4,E001,DIM-IND,行业,部分覆盖,采矿业；制造业；电力、热力、燃气及水生产和供应业；煤炭开采和洗选业；石油和天然气开采业；农副食品加工业；食品制造业；酒、饮料和精制茶制造业；纺织业；化学原料和化学制品制造业；医药制造业；橡胶和塑料制品业；非金属矿物制品业；黑色金属冶炼和压延加工业；有色金属冶炼和压延加工业；金属制品业；通用设备制造业；专用设备制造业；汽车制造业；铁路、船舶、航空航天和其他运输设备制造业；电气机械和器材制造业；计算机、通信和其他电子设备制造业；电力、热力生产和供应业；高技术制造业,E_S01,工业生产主要数据表分门类、主要行业和其中项,表内已核验；未宣称41大类全部逐项公开。,已读原表/定义；仅所列范围
覆盖检查,CV03152,S4,E001,DIM-IND,行业,部分覆盖,采矿业；制造业；电力、热力、燃气及水生产和供应业；煤炭开采和洗选业；石油和天然气开采业；农副食品加工业；食品制造业；酒、饮料和精制茶制造业；纺织业；化学原料和化学制品制造业；医药制造业；橡胶和塑料制品业；非金属矿物制品业；黑色金属冶炼和压延加工业；有色金属冶炼和压延加工业；金属制品业；通用设备制造业；专用设备制造业；汽车制造业；铁路、船舶、航空航天和其他运输设备制造业；电气机械和器材制造业；计算机、通信和其他电子设备制造业；电力、热力生产和供应业；高技术制造业,E_S01,工业生产主要数据表分门类、主要行业和其中项,表内已核验；未宣称41大类全部逐项公开。,已读原表/定义；仅所列范围
覆盖检查,CV03153,D1,E001,DIM-IND,行业,部分覆盖,采矿业；制造业；电力、热力、燃气及水生产和供应业；煤炭开采和洗选业；石油和天然气开采业；农副食品加工业；食品制造业；酒、饮料和精制茶制造业；纺织业；化学原料和化学制品制造业；医药制造业；橡胶和塑料制品业；非金属矿物制品业；黑色金属冶炼和压延加工业；有色金属冶炼和压延加工业；金属制品业；通用设备制造业；专用设备制造业；汽车制造业；铁路、船舶、航空航天和其他运输设备制造业；电气机械和器材制造业；计算机、通信和其他电子设备制造业；电力、热力生产和供应业；高技术制造业,E_S01,工业生产主要数据表分门类、主要行业和其中项,表内已核验；未宣称41大类全部逐项公开。,已读原表/定义；仅所列范围
覆盖检查,CV03154,K1,E001,DIM-FIRM,企业类型,部分覆盖,国有控股企业；股份制企业；外商及港澳台投资企业；私营企业,E_S01,表内分经济类型,国有控股、股份制、私营等分类有交叉，不能相加。,已读原表/定义；仅所列范围
覆盖检查,CV03155,G2,E001,DIM-FIRM,企业类型,部分覆盖,国有控股企业；股份制企业；外商及港澳台投资企业；私营企业,E_S01,表内分经济类型,国有控股、股份制、私营等分类有交叉，不能相加。,已读原表/定义；仅所列范围
覆盖检查,CV03156,I3,E001,DIM-FIRM,企业类型,部分覆盖,国有控股企业；股份制企业；外商及港澳台投资企业；私营企业,E_S01,表内分经济类型,国有控股、股份制、私营等分类有交叉，不能相加。,已读原表/定义；仅所列范围
覆盖检查,CV03157,I4,E001,DIM-FIRM,企业类型,部分覆盖,国有控股企业；股份制企业；外商及港澳台投资企业；私营企业,E_S01,表内分经济类型,国有控股、股份制、私营等分类有交叉，不能相加。,已读原表/定义；仅所列范围
覆盖检查,CV03158,S4,E001,DIM-FIRM,企业类型,部分覆盖,国有控股企业；股份制企业；外商及港澳台投资企业；私营企业,E_S01,表内分经济类型,国有控股、股份制、私营等分类有交叉，不能相加。,已读原表/定义；仅所列范围
覆盖检查,CV03159,D1,E001,DIM-FIRM,企业类型,部分覆盖,国有控股企业；股份制企业；外商及港澳台投资企业；私营企业,E_S01,表内分经济类型,国有控股、股份制、私营等分类有交叉，不能相加。,已读原表/定义；仅所列范围
覆盖检查,CV03160,K1,E001,DIM-HH,居民群体,不适用,,E_S01,本指标定义不直接接受该维度拆分,不得借用同名但不同范围指标填补,适用性判断
覆盖检查,CV03161,G2,E001,DIM-HH,居民群体,不适用,,E_S01,本指标定义不直接接受该维度拆分,不得借用同名但不同范围指标填补,适用性判断
覆盖检查,CV03162,I3,E001,DIM-HH,居民群体,不适用,,E_S01,本指标定义不直接接受该维度拆分,不得借用同名但不同范围指标填补,适用性判断
覆盖检查,CV03163,I4,E001,DIM-HH,居民群体,不适用,,E_S01,本指标定义不直接接受该维度拆分,不得借用同名但不同范围指标填补,适用性判断
覆盖检查,CV03164,S4,E001,DIM-HH,居民群体,不适用,,E_S01,本指标定义不直接接受该维度拆分,不得借用同名但不同范围指标填补,适用性判断
覆盖检查,CV03165,D1,E001,DIM-HH,居民群体,不适用,,E_S01,本指标定义不直接接受该维度拆分,不得借用同名但不同范围指标填补,适用性判断
覆盖检查,CV03166,K1,E001,DIM-SEC,机构部门,无稳定公开数据,,E_S01,已读来源未提供该维度的稳定全覆盖表；本轮未建立额外逐单元来源,这是本轮证据缺口，不断言其他官方资料不存在；后续需逐表核验,原来源已查；扩展来源待核验
覆盖检查,CV03167,G2,E001,DIM-SEC,机构部门,无稳定公开数据,,E_S01,已读来源未提供该维度的稳定全覆盖表；本轮未建立额外逐单元来源,这是本轮证据缺口，不断言其他官方资料不存在；后续需逐表核验,原来源已查；扩展来源待核验
覆盖检查,CV03168,I3,E001,DIM-SEC,机构部门,无稳定公开数据,,E_S01,已读来源未提供该维度的稳定全覆盖表；本轮未建立额外逐单元来源,这是本轮证据缺口，不断言其他官方资料不存在；后续需逐表核验,原来源已查；扩展来源待核验
覆盖检查,CV03169,I4,E001,DIM-SEC,机构部门,无稳定公开数据,,E_S01,已读来源未提供该维度的稳定全覆盖表；本轮未建立额外逐单元来源,这是本轮证据缺口，不断言其他官方资料不存在；后续需逐表核验,原来源已查；扩展来源待核验
覆盖检查,CV03170,S4,E001,DIM-SEC,机构部门,无稳定公开数据,,E_S01,已读来源未提供该维度的稳定全覆盖表；本轮未建立额外逐单元来源,这是本轮证据缺口，不断言其他官方资料不存在；后续需逐表核验,原来源已查；扩展来源待核验
覆盖检查,CV03171,D1,E001,DIM-SEC,机构部门,无稳定公开数据,,E_S01,已读来源未提供该维度的稳定全覆盖表；本轮未建立额外逐单元来源,这是本轮证据缺口，不断言其他官方资料不存在；后续需逐表核验,原来源已查；扩展来源待核验
覆盖检查,CV03172,K1,E002,DIM-NAT,全国,已覆盖,年主营业务收入2000万元及以上工业企业,E_S01,全国合计已在原文表核验,限定调查对象，不等于全体经济主体。,已读原表/定义；仅所列范围
覆盖检查,CV03173,G2,E002,DIM-NAT,全国,已覆盖,年主营业务收入2000万元及以上工业企业,E_S01,全国合计已在原文表核验,限定调查对象，不等于全体经济主体。,已读原表/定义；仅所列范围
覆盖检查,CV03174,D1,E002,DIM-NAT,全国,已覆盖,年主营业务收入2000万元及以上工业企业,E_S01,全国合计已在原文表核验,限定调查对象，不等于全体经济主体。,已读原表/定义；仅所列范围
覆盖检查,CV03175,K1,E002,DIM-PROV,省级,无稳定公开数据,,E_S01,本页未提供31省分项表,本轮未逐省核验连续公开性；并非断言数据不存在。,已读原表/定义；仅所列范围
覆盖检查,CV03176,G2,E002,DIM-PROV,省级,无稳定公开数据,,E_S01,本页未提供31省分项表,本轮未逐省核验连续公开性；并非断言数据不存在。,已读原表/定义；仅所列范围
覆盖检查,CV03177,D1,E002,DIM-PROV,省级,无稳定公开数据,,E_S01,本页未提供31省分项表,本轮未逐省核验连续公开性；并非断言数据不存在。,已读原表/定义；仅所列范围
覆盖检查,CV03178,K1,E002,DIM-PREF,地级,无稳定公开数据,,E_S01,本页未提供地级分项表,本轮未核验地级全覆盖。,已读原表/定义；仅所列范围
覆盖检查,CV03179,G2,E002,DIM-PREF,地级,无稳定公开数据,,E_S01,本页未提供地级分项表,本轮未核验地级全覆盖。,已读原表/定义；仅所列范围
覆盖检查,CV03180,D1,E002,DIM-PREF,地级,无稳定公开数据,,E_S01,本页未提供地级分项表,本轮未核验地级全覆盖。,已读原表/定义；仅所列范围
覆盖检查,CV03181,K1,E002,DIM-IND,行业,无稳定公开数据,,E_S01,已读来源未提供该维度的稳定全覆盖表；本轮未建立额外逐单元来源,这是本轮证据缺口，不断言其他官方资料不存在；后续需逐表核验,原来源已查；扩展来源待核验
覆盖检查,CV03182,G2,E002,DIM-IND,行业,无稳定公开数据,,E_S01,已读来源未提供该维度的稳定全覆盖表；本轮未建立额外逐单元来源,这是本轮证据缺口，不断言其他官方资料不存在；后续需逐表核验,原来源已查；扩展来源待核验
覆盖检查,CV03183,D1,E002,DIM-IND,行业,无稳定公开数据,,E_S01,已读来源未提供该维度的稳定全覆盖表；本轮未建立额外逐单元来源,这是本轮证据缺口，不断言其他官方资料不存在；后续需逐表核验,原来源已查；扩展来源待核验
覆盖检查,CV03184,K1,E002,DIM-FIRM,企业类型,无稳定公开数据,,E_S01,已读来源未提供该维度的稳定全覆盖表；本轮未建立额外逐单元来源,这是本轮证据缺口，不断言其他官方资料不存在；后续需逐表核验,原来源已查；扩展来源待核验
覆盖检查,CV03185,G2,E002,DIM-FIRM,企业类型,无稳定公开数据,,E_S01,已读来源未提供该维度的稳定全覆盖表；本轮未建立额外逐单元来源,这是本轮证据缺口，不断言其他官方资料不存在；后续需逐表核验,原来源已查；扩展来源待核验
覆盖检查,CV03186,D1,E002,DIM-FIRM,企业类型,无稳定公开数据,,E_S01,已读来源未提供该维度的稳定全覆盖表；本轮未建立额外逐单元来源,这是本轮证据缺口，不断言其他官方资料不存在；后续需逐表核验,原来源已查；扩展来源待核验
覆盖检查,CV03187,K1,E002,DIM-HH,居民群体,不适用,,E_S01,本指标定义不直接接受该维度拆分,不得借用同名但不同范围指标填补,适用性判断
覆盖检查,CV03188,G2,E002,DIM-HH,居民群体,不适用,,E_S01,本指标定义不直接接受该维度拆分,不得借用同名但不同范围指标填补,适用性判断
覆盖检查,CV03189,D1,E002,DIM-HH,居民群体,不适用,,E_S01,本指标定义不直接接受该维度拆分,不得借用同名但不同范围指标填补,适用性判断
覆盖检查,CV03190,K1,E002,DIM-SEC,机构部门,无稳定公开数据,,E_S01,已读来源未提供该维度的稳定全覆盖表；本轮未建立额外逐单元来源,这是本轮证据缺口，不断言其他官方资料不存在；后续需逐表核验,原来源已查；扩展来源待核验
覆盖检查,CV03191,G2,E002,DIM-SEC,机构部门,无稳定公开数据,,E_S01,已读来源未提供该维度的稳定全覆盖表；本轮未建立额外逐单元来源,这是本轮证据缺口，不断言其他官方资料不存在；后续需逐表核验,原来源已查；扩展来源待核验
覆盖检查,CV03192,D1,E002,DIM-SEC,机构部门,无稳定公开数据,,E_S01,已读来源未提供该维度的稳定全覆盖表；本轮未建立额外逐单元来源,这是本轮证据缺口，不断言其他官方资料不存在；后续需逐表核验,原来源已查；扩展来源待核验
覆盖检查,CV03193,K1,E003,DIM-NAT,全国,已覆盖,年主营业务收入2000万元及以上工业企业,E_S01,全国合计已在原文表核验,限定调查对象，不等于全体经济主体。,已读原表/定义；仅所列范围
覆盖检查,CV03194,G2,E003,DIM-NAT,全国,已覆盖,年主营业务收入2000万元及以上工业企业,E_S01,全国合计已在原文表核验,限定调查对象，不等于全体经济主体。,已读原表/定义；仅所列范围
覆盖检查,CV03195,S3,E003,DIM-NAT,全国,已覆盖,年主营业务收入2000万元及以上工业企业,E_S01,全国合计已在原文表核验,限定调查对象，不等于全体经济主体。,已读原表/定义；仅所列范围
覆盖检查,CV03196,K1,E003,DIM-PROV,省级,无稳定公开数据,,E_S01,本页未提供31省分项表,本轮未逐省核验连续公开性；并非断言数据不存在。,已读原表/定义；仅所列范围
覆盖检查,CV03197,G2,E003,DIM-PROV,省级,无稳定公开数据,,E_S01,本页未提供31省分项表,本轮未逐省核验连续公开性；并非断言数据不存在。,已读原表/定义；仅所列范围
覆盖检查,CV03198,S3,E003,DIM-PROV,省级,无稳定公开数据,,E_S01,本页未提供31省分项表,本轮未逐省核验连续公开性；并非断言数据不存在。,已读原表/定义；仅所列范围
覆盖检查,CV03199,K1,E003,DIM-PREF,地级,无稳定公开数据,,E_S01,本页未提供地级分项表,本轮未核验地级全覆盖。,已读原表/定义；仅所列范围
覆盖检查,CV03200,G2,E003,DIM-PREF,地级,无稳定公开数据,,E_S01,本页未提供地级分项表,本轮未核验地级全覆盖。,已读原表/定义；仅所列范围
覆盖检查,CV03201,S3,E003,DIM-PREF,地级,无稳定公开数据,,E_S01,本页未提供地级分项表,本轮未核验地级全覆盖。,已读原表/定义；仅所列范围
覆盖检查,CV03202,K1,E003,DIM-IND,行业,无稳定公开数据,,E_S01,已读来源未提供该维度的稳定全覆盖表；本轮未建立额外逐单元来源,这是本轮证据缺口，不断言其他官方资料不存在；后续需逐表核验,原来源已查；扩展来源待核验
覆盖检查,CV03203,G2,E003,DIM-IND,行业,无稳定公开数据,,E_S01,已读来源未提供该维度的稳定全覆盖表；本轮未建立额外逐单元来源,这是本轮证据缺口，不断言其他官方资料不存在；后续需逐表核验,原来源已查；扩展来源待核验
覆盖检查,CV03204,S3,E003,DIM-IND,行业,无稳定公开数据,,E_S01,已读来源未提供该维度的稳定全覆盖表；本轮未建立额外逐单元来源,这是本轮证据缺口，不断言其他官方资料不存在；后续需逐表核验,原来源已查；扩展来源待核验
覆盖检查,CV03205,K1,E003,DIM-FIRM,企业类型,无稳定公开数据,,E_S01,已读来源未提供该维度的稳定全覆盖表；本轮未建立额外逐单元来源,这是本轮证据缺口，不断言其他官方资料不存在；后续需逐表核验,原来源已查；扩展来源待核验
覆盖检查,CV03206,G2,E003,DIM-FIRM,企业类型,无稳定公开数据,,E_S01,已读来源未提供该维度的稳定全覆盖表；本轮未建立额外逐单元来源,这是本轮证据缺口，不断言其他官方资料不存在；后续需逐表核验,原来源已查；扩展来源待核验
覆盖检查,CV03207,S3,E003,DIM-FIRM,企业类型,无稳定公开数据,,E_S01,已读来源未提供该维度的稳定全覆盖表；本轮未建立额外逐单元来源,这是本轮证据缺口，不断言其他官方资料不存在；后续需逐表核验,原来源已查；扩展来源待核验
覆盖检查,CV03208,K1,E003,DIM-HH,居民群体,不适用,,E_S01,本指标定义不直接接受该维度拆分,不得借用同名但不同范围指标填补,适用性判断
覆盖检查,CV03209,G2,E003,DIM-HH,居民群体,不适用,,E_S01,本指标定义不直接接受该维度拆分,不得借用同名但不同范围指标填补,适用性判断
覆盖检查,CV03210,S3,E003,DIM-HH,居民群体,不适用,,E_S01,本指标定义不直接接受该维度拆分,不得借用同名但不同范围指标填补,适用性判断
覆盖检查,CV03211,K1,E003,DIM-SEC,机构部门,无稳定公开数据,,E_S01,已读来源未提供该维度的稳定全覆盖表；本轮未建立额外逐单元来源,这是本轮证据缺口，不断言其他官方资料不存在；后续需逐表核验,原来源已查；扩展来源待核验
覆盖检查,CV03212,G2,E003,DIM-SEC,机构部门,无稳定公开数据,,E_S01,已读来源未提供该维度的稳定全覆盖表；本轮未建立额外逐单元来源,这是本轮证据缺口，不断言其他官方资料不存在；后续需逐表核验,原来源已查；扩展来源待核验
覆盖检查,CV03213,S3,E003,DIM-SEC,机构部门,无稳定公开数据,,E_S01,已读来源未提供该维度的稳定全覆盖表；本轮未建立额外逐单元来源,这是本轮证据缺口，不断言其他官方资料不存在；后续需逐表核验,原来源已查；扩展来源待核验
覆盖检查,CV03214,K1,E004,DIM-NAT,全国,已覆盖,年主营业务收入2000万元及以上工业企业,E_S01,全国合计已在原文表核验,限定调查对象，不等于全体经济主体。,已读原表/定义；仅所列范围
覆盖检查,CV03215,G2,E004,DIM-NAT,全国,已覆盖,年主营业务收入2000万元及以上工业企业,E_S01,全国合计已在原文表核验,限定调查对象，不等于全体经济主体。,已读原表/定义；仅所列范围
覆盖检查,CV03216,I2,E004,DIM-NAT,全国,已覆盖,年主营业务收入2000万元及以上工业企业,E_S01,全国合计已在原文表核验,限定调查对象，不等于全体经济主体。,已读原表/定义；仅所列范围
覆盖检查,CV03217,I3,E004,DIM-NAT,全国,已覆盖,年主营业务收入2000万元及以上工业企业,E_S01,全国合计已在原文表核验,限定调查对象，不等于全体经济主体。,已读原表/定义；仅所列范围
覆盖检查,CV03218,S3,E004,DIM-NAT,全国,已覆盖,年主营业务收入2000万元及以上工业企业,E_S01,全国合计已在原文表核验,限定调查对象，不等于全体经济主体。,已读原表/定义；仅所列范围
覆盖检查,CV03219,K1,E004,DIM-PROV,省级,无稳定公开数据,,E_S01,本页未提供31省分项表,本轮未逐省核验连续公开性；并非断言数据不存在。,已读原表/定义；仅所列范围
覆盖检查,CV03220,G2,E004,DIM-PROV,省级,无稳定公开数据,,E_S01,本页未提供31省分项表,本轮未逐省核验连续公开性；并非断言数据不存在。,已读原表/定义；仅所列范围
覆盖检查,CV03221,I2,E004,DIM-PROV,省级,无稳定公开数据,,E_S01,本页未提供31省分项表,本轮未逐省核验连续公开性；并非断言数据不存在。,已读原表/定义；仅所列范围
覆盖检查,CV03222,I3,E004,DIM-PROV,省级,无稳定公开数据,,E_S01,本页未提供31省分项表,本轮未逐省核验连续公开性；并非断言数据不存在。,已读原表/定义；仅所列范围
覆盖检查,CV03223,S3,E004,DIM-PROV,省级,无稳定公开数据,,E_S01,本页未提供31省分项表,本轮未逐省核验连续公开性；并非断言数据不存在。,已读原表/定义；仅所列范围
覆盖检查,CV03224,K1,E004,DIM-PREF,地级,无稳定公开数据,,E_S01,本页未提供地级分项表,本轮未核验地级全覆盖。,已读原表/定义；仅所列范围
覆盖检查,CV03225,G2,E004,DIM-PREF,地级,无稳定公开数据,,E_S01,本页未提供地级分项表,本轮未核验地级全覆盖。,已读原表/定义；仅所列范围
覆盖检查,CV03226,I2,E004,DIM-PREF,地级,无稳定公开数据,,E_S01,本页未提供地级分项表,本轮未核验地级全覆盖。,已读原表/定义；仅所列范围
覆盖检查,CV03227,I3,E004,DIM-PREF,地级,无稳定公开数据,,E_S01,本页未提供地级分项表,本轮未核验地级全覆盖。,已读原表/定义；仅所列范围
覆盖检查,CV03228,S3,E004,DIM-PREF,地级,无稳定公开数据,,E_S01,本页未提供地级分项表,本轮未核验地级全覆盖。,已读原表/定义；仅所列范围
覆盖检查,CV03229,K1,E004,DIM-IND,行业,无稳定公开数据,,E_S01,已读来源未提供该维度的稳定全覆盖表；本轮未建立额外逐单元来源,这是本轮证据缺口，不断言其他官方资料不存在；后续需逐表核验,原来源已查；扩展来源待核验
覆盖检查,CV03230,G2,E004,DIM-IND,行业,无稳定公开数据,,E_S01,已读来源未提供该维度的稳定全覆盖表；本轮未建立额外逐单元来源,这是本轮证据缺口，不断言其他官方资料不存在；后续需逐表核验,原来源已查；扩展来源待核验
覆盖检查,CV03231,I2,E004,DIM-IND,行业,无稳定公开数据,,E_S01,已读来源未提供该维度的稳定全覆盖表；本轮未建立额外逐单元来源,这是本轮证据缺口，不断言其他官方资料不存在；后续需逐表核验,原来源已查；扩展来源待核验
覆盖检查,CV03232,I3,E004,DIM-IND,行业,无稳定公开数据,,E_S01,已读来源未提供该维度的稳定全覆盖表；本轮未建立额外逐单元来源,这是本轮证据缺口，不断言其他官方资料不存在；后续需逐表核验,原来源已查；扩展来源待核验
覆盖检查,CV03233,S3,E004,DIM-IND,行业,无稳定公开数据,,E_S01,已读来源未提供该维度的稳定全覆盖表；本轮未建立额外逐单元来源,这是本轮证据缺口，不断言其他官方资料不存在；后续需逐表核验,原来源已查；扩展来源待核验
覆盖检查,CV03234,K1,E004,DIM-FIRM,企业类型,无稳定公开数据,,E_S01,已读来源未提供该维度的稳定全覆盖表；本轮未建立额外逐单元来源,这是本轮证据缺口，不断言其他官方资料不存在；后续需逐表核验,原来源已查；扩展来源待核验
覆盖检查,CV03235,G2,E004,DIM-FIRM,企业类型,无稳定公开数据,,E_S01,已读来源未提供该维度的稳定全覆盖表；本轮未建立额外逐单元来源,这是本轮证据缺口，不断言其他官方资料不存在；后续需逐表核验,原来源已查；扩展来源待核验
覆盖检查,CV03236,I2,E004,DIM-FIRM,企业类型,无稳定公开数据,,E_S01,已读来源未提供该维度的稳定全覆盖表；本轮未建立额外逐单元来源,这是本轮证据缺口，不断言其他官方资料不存在；后续需逐表核验,原来源已查；扩展来源待核验
覆盖检查,CV03237,I3,E004,DIM-FIRM,企业类型,无稳定公开数据,,E_S01,已读来源未提供该维度的稳定全覆盖表；本轮未建立额外逐单元来源,这是本轮证据缺口，不断言其他官方资料不存在；后续需逐表核验,原来源已查；扩展来源待核验
覆盖检查,CV03238,S3,E004,DIM-FIRM,企业类型,无稳定公开数据,,E_S01,已读来源未提供该维度的稳定全覆盖表；本轮未建立额外逐单元来源,这是本轮证据缺口，不断言其他官方资料不存在；后续需逐表核验,原来源已查；扩展来源待核验
覆盖检查,CV03239,K1,E004,DIM-HH,居民群体,不适用,,E_S01,本指标定义不直接接受该维度拆分,不得借用同名但不同范围指标填补,适用性判断
覆盖检查,CV03240,G2,E004,DIM-HH,居民群体,不适用,,E_S01,本指标定义不直接接受该维度拆分,不得借用同名但不同范围指标填补,适用性判断
覆盖检查,CV03241,I2,E004,DIM-HH,居民群体,不适用,,E_S01,本指标定义不直接接受该维度拆分,不得借用同名但不同范围指标填补,适用性判断
覆盖检查,CV03242,I3,E004,DIM-HH,居民群体,不适用,,E_S01,本指标定义不直接接受该维度拆分,不得借用同名但不同范围指标填补,适用性判断
覆盖检查,CV03243,S3,E004,DIM-HH,居民群体,不适用,,E_S01,本指标定义不直接接受该维度拆分,不得借用同名但不同范围指标填补,适用性判断
覆盖检查,CV03244,K1,E004,DIM-SEC,机构部门,无稳定公开数据,,E_S01,已读来源未提供该维度的稳定全覆盖表；本轮未建立额外逐单元来源,这是本轮证据缺口，不断言其他官方资料不存在；后续需逐表核验,原来源已查；扩展来源待核验
覆盖检查,CV03245,G2,E004,DIM-SEC,机构部门,无稳定公开数据,,E_S01,已读来源未提供该维度的稳定全覆盖表；本轮未建立额外逐单元来源,这是本轮证据缺口，不断言其他官方资料不存在；后续需逐表核验,原来源已查；扩展来源待核验
覆盖检查,CV03246,I2,E004,DIM-SEC,机构部门,无稳定公开数据,,E_S01,已读来源未提供该维度的稳定全覆盖表；本轮未建立额外逐单元来源,这是本轮证据缺口，不断言其他官方资料不存在；后续需逐表核验,原来源已查；扩展来源待核验
覆盖检查,CV03247,I3,E004,DIM-SEC,机构部门,无稳定公开数据,,E_S01,已读来源未提供该维度的稳定全覆盖表；本轮未建立额外逐单元来源,这是本轮证据缺口，不断言其他官方资料不存在；后续需逐表核验,原来源已查；扩展来源待核验
覆盖检查,CV03248,S3,E004,DIM-SEC,机构部门,无稳定公开数据,,E_S01,已读来源未提供该维度的稳定全覆盖表；本轮未建立额外逐单元来源,这是本轮证据缺口，不断言其他官方资料不存在；后续需逐表核验,原来源已查；扩展来源待核验
覆盖检查,CV03249,K1,E005,DIM-NAT,全国,已覆盖,规上工业调查总体,E_S02,全国合计已在原文表核验,限定调查对象，不等于全体经济主体。,已读原表/定义；仅所列范围
覆盖检查,CV03250,G2,E005,DIM-NAT,全国,已覆盖,规上工业调查总体,E_S02,全国合计已在原文表核验,限定调查对象，不等于全体经济主体。,已读原表/定义；仅所列范围
覆盖检查,CV03251,I3,E005,DIM-NAT,全国,已覆盖,规上工业调查总体,E_S02,全国合计已在原文表核验,限定调查对象，不等于全体经济主体。,已读原表/定义；仅所列范围
覆盖检查,CV03252,S4,E005,DIM-NAT,全国,已覆盖,规上工业调查总体,E_S02,全国合计已在原文表核验,限定调查对象，不等于全体经济主体。,已读原表/定义；仅所列范围
覆盖检查,CV03253,K1,E005,DIM-PROV,省级,无稳定公开数据,,E_S02,本页未提供31省分项表,本轮未逐省核验连续公开性；并非断言数据不存在。,已读原表/定义；仅所列范围
覆盖检查,CV03254,G2,E005,DIM-PROV,省级,无稳定公开数据,,E_S02,本页未提供31省分项表,本轮未逐省核验连续公开性；并非断言数据不存在。,已读原表/定义；仅所列范围
覆盖检查,CV03255,I3,E005,DIM-PROV,省级,无稳定公开数据,,E_S02,本页未提供31省分项表,本轮未逐省核验连续公开性；并非断言数据不存在。,已读原表/定义；仅所列范围
覆盖检查,CV03256,S4,E005,DIM-PROV,省级,无稳定公开数据,,E_S02,本页未提供31省分项表,本轮未逐省核验连续公开性；并非断言数据不存在。,已读原表/定义；仅所列范围
覆盖检查,CV03257,K1,E005,DIM-PREF,地级,无稳定公开数据,,E_S02,本页未提供地级分项表,本轮未核验地级全覆盖。,已读原表/定义；仅所列范围
覆盖检查,CV03258,G2,E005,DIM-PREF,地级,无稳定公开数据,,E_S02,本页未提供地级分项表,本轮未核验地级全覆盖。,已读原表/定义；仅所列范围
覆盖检查,CV03259,I3,E005,DIM-PREF,地级,无稳定公开数据,,E_S02,本页未提供地级分项表,本轮未核验地级全覆盖。,已读原表/定义；仅所列范围
覆盖检查,CV03260,S4,E005,DIM-PREF,地级,无稳定公开数据,,E_S02,本页未提供地级分项表,本轮未核验地级全覆盖。,已读原表/定义；仅所列范围
覆盖检查,CV03261,K1,E005,DIM-IND,行业,部分覆盖,采矿业；制造业；电力、热力、燃气及水生产和供应业；煤炭开采和洗选业；石油和天然气开采业；食品制造业；纺织业；化学原料和化学制品制造业；医药制造业；化学纤维制造业；非金属矿物制品业；黑色金属冶炼和压延加工业；有色金属冶炼和压延加工业；通用设备制造业；专用设备制造业；汽车制造业；电气机械和器材制造业；计算机、通信和其他电子设备制造业,E_S02,三大门类及15个主要行业表,行业间技术和正常备用需求不同，横向水平不能直接排名效率。,已读原表/定义；仅所列范围
覆盖检查,CV03262,G2,E005,DIM-IND,行业,部分覆盖,采矿业；制造业；电力、热力、燃气及水生产和供应业；煤炭开采和洗选业；石油和天然气开采业；食品制造业；纺织业；化学原料和化学制品制造业；医药制造业；化学纤维制造业；非金属矿物制品业；黑色金属冶炼和压延加工业；有色金属冶炼和压延加工业；通用设备制造业；专用设备制造业；汽车制造业；电气机械和器材制造业；计算机、通信和其他电子设备制造业,E_S02,三大门类及15个主要行业表,行业间技术和正常备用需求不同，横向水平不能直接排名效率。,已读原表/定义；仅所列范围
覆盖检查,CV03263,I3,E005,DIM-IND,行业,部分覆盖,采矿业；制造业；电力、热力、燃气及水生产和供应业；煤炭开采和洗选业；石油和天然气开采业；食品制造业；纺织业；化学原料和化学制品制造业；医药制造业；化学纤维制造业；非金属矿物制品业；黑色金属冶炼和压延加工业；有色金属冶炼和压延加工业；通用设备制造业；专用设备制造业；汽车制造业；电气机械和器材制造业；计算机、通信和其他电子设备制造业,E_S02,三大门类及15个主要行业表,行业间技术和正常备用需求不同，横向水平不能直接排名效率。,已读原表/定义；仅所列范围
覆盖检查,CV03264,S4,E005,DIM-IND,行业,部分覆盖,采矿业；制造业；电力、热力、燃气及水生产和供应业；煤炭开采和洗选业；石油和天然气开采业；食品制造业；纺织业；化学原料和化学制品制造业；医药制造业；化学纤维制造业；非金属矿物制品业；黑色金属冶炼和压延加工业；有色金属冶炼和压延加工业；通用设备制造业；专用设备制造业；汽车制造业；电气机械和器材制造业；计算机、通信和其他电子设备制造业,E_S02,三大门类及15个主要行业表,行业间技术和正常备用需求不同，横向水平不能直接排名效率。,已读原表/定义；仅所列范围
覆盖检查,CV03265,K1,E005,DIM-FIRM,企业类型,无稳定公开数据,,E_S02,调查抽样按规模不同，但本表未发布规模组利用率,大中型/小微调查方法已知不等于这些类别序列已公开。,已读原表/定义；仅所列范围
覆盖检查,CV03266,G2,E005,DIM-FIRM,企业类型,无稳定公开数据,,E_S02,调查抽样按规模不同，但本表未发布规模组利用率,大中型/小微调查方法已知不等于这些类别序列已公开。,已读原表/定义；仅所列范围
覆盖检查,CV03267,I3,E005,DIM-FIRM,企业类型,无稳定公开数据,,E_S02,调查抽样按规模不同，但本表未发布规模组利用率,大中型/小微调查方法已知不等于这些类别序列已公开。,已读原表/定义；仅所列范围
覆盖检查,CV03268,S4,E005,DIM-FIRM,企业类型,无稳定公开数据,,E_S02,调查抽样按规模不同，但本表未发布规模组利用率,大中型/小微调查方法已知不等于这些类别序列已公开。,已读原表/定义；仅所列范围
覆盖检查,CV03269,K1,E005,DIM-HH,居民群体,不适用,,E_S02,本指标定义不直接接受该维度拆分,不得借用同名但不同范围指标填补,适用性判断
覆盖检查,CV03270,G2,E005,DIM-HH,居民群体,不适用,,E_S02,本指标定义不直接接受该维度拆分,不得借用同名但不同范围指标填补,适用性判断
覆盖检查,CV03271,I3,E005,DIM-HH,居民群体,不适用,,E_S02,本指标定义不直接接受该维度拆分,不得借用同名但不同范围指标填补,适用性判断
覆盖检查,CV03272,S4,E005,DIM-HH,居民群体,不适用,,E_S02,本指标定义不直接接受该维度拆分,不得借用同名但不同范围指标填补,适用性判断
覆盖检查,CV03273,K1,E005,DIM-SEC,机构部门,无稳定公开数据,,E_S02,已读来源未提供该维度的稳定全覆盖表；本轮未建立额外逐单元来源,这是本轮证据缺口，不断言其他官方资料不存在；后续需逐表核验,原来源已查；扩展来源待核验
覆盖检查,CV03274,G2,E005,DIM-SEC,机构部门,无稳定公开数据,,E_S02,已读来源未提供该维度的稳定全覆盖表；本轮未建立额外逐单元来源,这是本轮证据缺口，不断言其他官方资料不存在；后续需逐表核验,原来源已查；扩展来源待核验
覆盖检查,CV03275,I3,E005,DIM-SEC,机构部门,无稳定公开数据,,E_S02,已读来源未提供该维度的稳定全覆盖表；本轮未建立额外逐单元来源,这是本轮证据缺口，不断言其他官方资料不存在；后续需逐表核验,原来源已查；扩展来源待核验
覆盖检查,CV03276,S4,E005,DIM-SEC,机构部门,无稳定公开数据,,E_S02,已读来源未提供该维度的稳定全覆盖表；本轮未建立额外逐单元来源,这是本轮证据缺口，不断言其他官方资料不存在；后续需逐表核验,原来源已查；扩展来源待核验
覆盖检查,CV03277,K1,E006,DIM-NAT,全国,已覆盖,服务业生产指数所覆盖市场性活动,E_S04,全国合计已在原文表核验,限定调查对象，不等于全体经济主体。,已读原表/定义；仅所列范围
覆盖检查,CV03278,G2,E006,DIM-NAT,全国,已覆盖,服务业生产指数所覆盖市场性活动,E_S04,全国合计已在原文表核验,限定调查对象，不等于全体经济主体。,已读原表/定义；仅所列范围
覆盖检查,CV03279,K1,E006,DIM-PROV,省级,无稳定公开数据,,E_S04,本页未提供31省分项表,本轮未逐省核验连续公开性；并非断言数据不存在。,已读原表/定义；仅所列范围
覆盖检查,CV03280,G2,E006,DIM-PROV,省级,无稳定公开数据,,E_S04,本页未提供31省分项表,本轮未逐省核验连续公开性；并非断言数据不存在。,已读原表/定义；仅所列范围
覆盖检查,CV03281,K1,E006,DIM-PREF,地级,无稳定公开数据,,E_S04,本页未提供地级分项表,本轮未核验地级全覆盖。,已读原表/定义；仅所列范围
覆盖检查,CV03282,G2,E006,DIM-PREF,地级,无稳定公开数据,,E_S04,本页未提供地级分项表,本轮未核验地级全覆盖。,已读原表/定义；仅所列范围
覆盖检查,CV03283,K1,E006,DIM-IND,行业,部分覆盖,信息传输、软件和信息技术服务业；租赁和商务服务业；金融业,E_S04,正文第三部分12月生产指数分行业增速14.8%、11.3%、6.5%,不能把全年增加值分行业增速误当生产指数；40大类逐一公开持续性未核验。,已读原表/定义；仅所列范围
覆盖检查,CV03284,G2,E006,DIM-IND,行业,部分覆盖,信息传输、软件和信息技术服务业；租赁和商务服务业；金融业,E_S04,正文第三部分12月生产指数分行业增速14.8%、11.3%、6.5%,不能把全年增加值分行业增速误当生产指数；40大类逐一公开持续性未核验。,已读原表/定义；仅所列范围
覆盖检查,CV03285,K1,E006,DIM-FIRM,企业类型,无稳定公开数据,,E_S04,已读来源未提供该维度的稳定全覆盖表；本轮未建立额外逐单元来源,这是本轮证据缺口，不断言其他官方资料不存在；后续需逐表核验,原来源已查；扩展来源待核验
覆盖检查,CV03286,G2,E006,DIM-FIRM,企业类型,无稳定公开数据,,E_S04,已读来源未提供该维度的稳定全覆盖表；本轮未建立额外逐单元来源,这是本轮证据缺口，不断言其他官方资料不存在；后续需逐表核验,原来源已查；扩展来源待核验
覆盖检查,CV03287,K1,E006,DIM-HH,居民群体,不适用,,E_S04,本指标定义不直接接受该维度拆分,不得借用同名但不同范围指标填补,适用性判断
覆盖检查,CV03288,G2,E006,DIM-HH,居民群体,不适用,,E_S04,本指标定义不直接接受该维度拆分,不得借用同名但不同范围指标填补,适用性判断
覆盖检查,CV03289,K1,E006,DIM-SEC,机构部门,无稳定公开数据,,E_S04,已读来源未提供该维度的稳定全覆盖表；本轮未建立额外逐单元来源,这是本轮证据缺口，不断言其他官方资料不存在；后续需逐表核验,原来源已查；扩展来源待核验
覆盖检查,CV03290,G2,E006,DIM-SEC,机构部门,无稳定公开数据,,E_S04,已读来源未提供该维度的稳定全覆盖表；本轮未建立额外逐单元来源,这是本轮证据缺口，不断言其他官方资料不存在；后续需逐表核验,原来源已查；扩展来源待核验
覆盖检查,CV03291,F3,E007,DIM-NAT,全国,部分覆盖,70个调查城市价格指数,E_S05,表1—4各城指数,本页没有全国房价总指数；不可据70城简单平均称全国。,已读原表/定义；仅所列范围
覆盖检查,CV03292,F3,E007,DIM-PROV,省级,无稳定公开数据,,E_S05,公布单位为城市而非省,省会城市不等于该省，未得到省级合成权重。,已读原表/定义；仅所列范围
覆盖检查,CV03293,F3,E007,DIM-PREF,地级,部分覆盖,北京；天津；石家庄；太原；呼和浩特；沈阳；大连；长春；哈尔滨；上海；南京；杭州；宁波；合肥；福州；厦门；南昌；济南；青岛；郑州；武汉；长沙；广州；深圳；南宁；海口；重庆；成都；贵阳；昆明；西安；兰州；西宁；银川；乌鲁木齐；唐山；秦皇岛；包头；丹东；锦州；吉林；牡丹江；无锡；徐州；扬州；温州；金华；蚌埠；安庆；泉州；九江；赣州；烟台；济宁；洛阳；平顶山；宜昌；襄阳；岳阳；常德；韶关；湛江；惠州；桂林；北海；三亚；泸州；南充；遵义；大理,E_S05,表1与表2逐城名单,调查边界为各市市辖区、不含县；70城中含直辖市和大理等，并非统一地级行政单位全集。,已读原表/定义；仅所列范围
覆盖检查,CV03294,F3,E007,DIM-IND,行业,无稳定公开数据,,E_S05,已读来源未提供该维度的稳定全覆盖表；本轮未建立额外逐单元来源,这是本轮证据缺口，不断言其他官方资料不存在；后续需逐表核验,原来源已查；扩展来源待核验
覆盖检查,CV03295,F3,E007,DIM-FIRM,企业类型,无稳定公开数据,,E_S05,已读来源未提供该维度的稳定全覆盖表；本轮未建立额外逐单元来源,这是本轮证据缺口，不断言其他官方资料不存在；后续需逐表核验,原来源已查；扩展来源待核验
覆盖检查,CV03296,F3,E007,DIM-HH,居民群体,不适用,,E_S05,按住宅面积而非居民群体分类,不对应收入组或购房人类型。,已读原表/定义；仅所列范围
覆盖检查,CV03297,F3,E007,DIM-SEC,机构部门,无稳定公开数据,,E_S05,已读来源未提供该维度的稳定全覆盖表；本轮未建立额外逐单元来源,这是本轮证据缺口，不断言其他官方资料不存在；后续需逐表核验,原来源已查；扩展来源待核验
覆盖检查,CV03298,F3,E008,DIM-NAT,全国,部分覆盖,70个调查城市价格指数,E_S05,表1—4各城指数,本页没有全国房价总指数；不可据70城简单平均称全国。,已读原表/定义；仅所列范围
覆盖检查,CV03299,F3,E008,DIM-PROV,省级,无稳定公开数据,,E_S05,公布单位为城市而非省,省会城市不等于该省，未得到省级合成权重。,已读原表/定义；仅所列范围
覆盖检查,CV03300,F3,E008,DIM-PREF,地级,部分覆盖,北京；天津；石家庄；太原；呼和浩特；沈阳；大连；长春；哈尔滨；上海；南京；杭州；宁波；合肥；福州；厦门；南昌；济南；青岛；郑州；武汉；长沙；广州；深圳；南宁；海口；重庆；成都；贵阳；昆明；西安；兰州；西宁；银川；乌鲁木齐；唐山；秦皇岛；包头；丹东；锦州；吉林；牡丹江；无锡；徐州；扬州；温州；金华；蚌埠；安庆；泉州；九江；赣州；烟台；济宁；洛阳；平顶山；宜昌；襄阳；岳阳；常德；韶关；湛江；惠州；桂林；北海；三亚；泸州；南充；遵义；大理,E_S05,表1与表2逐城名单,调查边界为各市市辖区、不含县；70城中含直辖市和大理等，并非统一地级行政单位全集。,已读原表/定义；仅所列范围
覆盖检查,CV03301,F3,E008,DIM-IND,行业,无稳定公开数据,,E_S05,已读来源未提供该维度的稳定全覆盖表；本轮未建立额外逐单元来源,这是本轮证据缺口，不断言其他官方资料不存在；后续需逐表核验,原来源已查；扩展来源待核验
覆盖检查,CV03302,F3,E008,DIM-FIRM,企业类型,无稳定公开数据,,E_S05,已读来源未提供该维度的稳定全覆盖表；本轮未建立额外逐单元来源,这是本轮证据缺口，不断言其他官方资料不存在；后续需逐表核验,原来源已查；扩展来源待核验
覆盖检查,CV03303,F3,E008,DIM-HH,居民群体,不适用,,E_S05,按住宅面积而非居民群体分类,不对应收入组或购房人类型。,已读原表/定义；仅所列范围
覆盖检查,CV03304,F3,E008,DIM-SEC,机构部门,无稳定公开数据,,E_S05,已读来源未提供该维度的稳定全覆盖表；本轮未建立额外逐单元来源,这是本轮证据缺口，不断言其他官方资料不存在；后续需逐表核验,原来源已查；扩展来源待核验
覆盖检查,CV03305,I4,R017,DIM-NAT,全国,已覆盖,全国,R_REGION_UNITS,表1-5全国年度行,表注修订,已读原表/定义；仅所列范围
覆盖检查,CV03306,S1,R017,DIM-NAT,全国,已覆盖,全国,R_REGION_UNITS,表1-5全国年度行,表注修订,已读原表/定义；仅所列范围
覆盖检查,CV03307,S3,R017,DIM-NAT,全国,已覆盖,全国,R_REGION_UNITS,表1-5全国年度行,表注修订,已读原表/定义；仅所列范围
覆盖检查,CV03308,I4,R017,DIM-PROV,省级,已覆盖,北京；天津；河北；山西；内蒙古；辽宁；吉林；黑龙江；上海；江苏；浙江；安徽；福建；江西；山东；河南；湖北；湖南；广东；广西；海南；重庆；四川；贵州；云南；西藏；陕西；甘肃；青海；宁夏；新疆,R_REGION_UNITS,31省逐行,2024年,已读原表/定义；仅所列范围
覆盖检查,CV03309,S1,R017,DIM-PROV,省级,已覆盖,北京；天津；河北；山西；内蒙古；辽宁；吉林；黑龙江；上海；江苏；浙江；安徽；福建；江西；山东；河南；湖北；湖南；广东；广西；海南；重庆；四川；贵州；云南；西藏；陕西；甘肃；青海；宁夏；新疆,R_REGION_UNITS,31省逐行,2024年,已读原表/定义；仅所列范围
覆盖检查,CV03310,S3,R017,DIM-PROV,省级,已覆盖,北京；天津；河北；山西；内蒙古；辽宁；吉林；黑龙江；上海；江苏；浙江；安徽；福建；江西；山东；河南；湖北；湖南；广东；广西；海南；重庆；四川；贵州；云南；西藏；陕西；甘肃；青海；宁夏；新疆,R_REGION_UNITS,31省逐行,2024年,已读原表/定义；仅所列范围
覆盖检查,CV03311,I4,R017,DIM-PREF,地级,无稳定公开数据,,R_REGION_UNITS,已读来源未提供该维度的稳定全覆盖表；本轮未建立额外逐单元来源,这是本轮证据缺口，不断言其他官方资料不存在；后续需逐表核验,原来源已查；扩展来源待核验
覆盖检查,CV03312,S1,R017,DIM-PREF,地级,无稳定公开数据,,R_REGION_UNITS,已读来源未提供该维度的稳定全覆盖表；本轮未建立额外逐单元来源,这是本轮证据缺口，不断言其他官方资料不存在；后续需逐表核验,原来源已查；扩展来源待核验
覆盖检查,CV03313,S3,R017,DIM-PREF,地级,无稳定公开数据,,R_REGION_UNITS,已读来源未提供该维度的稳定全覆盖表；本轮未建立额外逐单元来源,这是本轮证据缺口，不断言其他官方资料不存在；后续需逐表核验,原来源已查；扩展来源待核验
覆盖检查,CV03314,I4,R017,DIM-IND,行业,部分覆盖,农、林、牧、渔业；采矿业；制造业；电力、热力、燃气及水生产和供应业；建筑业；批发和零售业；交通运输、仓储和邮政业；住宿和餐饮业；信息传输、软件和信息技术服务业；金融业；房地产业；租赁和商务服务业；科学研究和技术服务业；水利、环境和公共设施管理业；居民服务、修理和其他服务业；教育；卫生和社会工作；文化、体育和娱乐业；公共管理、社会保障和社会组织,R_REGION_UNITS,A—S门类表列,不含T国际组织；历史缺失见表注,已读原表/定义；仅所列范围
覆盖检查,CV03315,S1,R017,DIM-IND,行业,部分覆盖,农、林、牧、渔业；采矿业；制造业；电力、热力、燃气及水生产和供应业；建筑业；批发和零售业；交通运输、仓储和邮政业；住宿和餐饮业；信息传输、软件和信息技术服务业；金融业；房地产业；租赁和商务服务业；科学研究和技术服务业；水利、环境和公共设施管理业；居民服务、修理和其他服务业；教育；卫生和社会工作；文化、体育和娱乐业；公共管理、社会保障和社会组织,R_REGION_UNITS,A—S门类表列,不含T国际组织；历史缺失见表注,已读原表/定义；仅所列范围
覆盖检查,CV03316,S3,R017,DIM-IND,行业,部分覆盖,农、林、牧、渔业；采矿业；制造业；电力、热力、燃气及水生产和供应业；建筑业；批发和零售业；交通运输、仓储和邮政业；住宿和餐饮业；信息传输、软件和信息技术服务业；金融业；房地产业；租赁和商务服务业；科学研究和技术服务业；水利、环境和公共设施管理业；居民服务、修理和其他服务业；教育；卫生和社会工作；文化、体育和娱乐业；公共管理、社会保障和社会组织,R_REGION_UNITS,A—S门类表列,不含T国际组织；历史缺失见表注,已读原表/定义；仅所列范围
覆盖检查,CV03317,I4,R017,DIM-FIRM,企业类型,无稳定公开数据,,R_REGION_UNITS,已读来源未提供该维度的稳定全覆盖表；本轮未建立额外逐单元来源,这是本轮证据缺口，不断言其他官方资料不存在；后续需逐表核验,原来源已查；扩展来源待核验
覆盖检查,CV03318,S1,R017,DIM-FIRM,企业类型,无稳定公开数据,,R_REGION_UNITS,已读来源未提供该维度的稳定全覆盖表；本轮未建立额外逐单元来源,这是本轮证据缺口，不断言其他官方资料不存在；后续需逐表核验,原来源已查；扩展来源待核验
覆盖检查,CV03319,S3,R017,DIM-FIRM,企业类型,无稳定公开数据,,R_REGION_UNITS,已读来源未提供该维度的稳定全覆盖表；本轮未建立额外逐单元来源,这是本轮证据缺口，不断言其他官方资料不存在；后续需逐表核验,原来源已查；扩展来源待核验
覆盖检查,CV03320,I4,R017,DIM-HH,居民群体,不适用,,R_REGION_UNITS,本指标定义不直接接受该维度拆分,不得借用同名但不同范围指标填补,适用性判断
覆盖检查,CV03321,S1,R017,DIM-HH,居民群体,不适用,,R_REGION_UNITS,本指标定义不直接接受该维度拆分,不得借用同名但不同范围指标填补,适用性判断
覆盖检查,CV03322,S3,R017,DIM-HH,居民群体,不适用,,R_REGION_UNITS,本指标定义不直接接受该维度拆分,不得借用同名但不同范围指标填补,适用性判断
覆盖检查,CV03323,I4,R017,DIM-SEC,机构部门,无稳定公开数据,,R_REGION_UNITS,已读来源未提供该维度的稳定全覆盖表；本轮未建立额外逐单元来源,这是本轮证据缺口，不断言其他官方资料不存在；后续需逐表核验,原来源已查；扩展来源待核验
覆盖检查,CV03324,S1,R017,DIM-SEC,机构部门,无稳定公开数据,,R_REGION_UNITS,已读来源未提供该维度的稳定全覆盖表；本轮未建立额外逐单元来源,这是本轮证据缺口，不断言其他官方资料不存在；后续需逐表核验,原来源已查；扩展来源待核验
覆盖检查,CV03325,S3,R017,DIM-SEC,机构部门,无稳定公开数据,,R_REGION_UNITS,已读来源未提供该维度的稳定全覆盖表；本轮未建立额外逐单元来源,这是本轮证据缺口，不断言其他官方资料不存在；后续需逐表核验,原来源已查；扩展来源待核验
